customerID,Churn,ChurnProbability,RiskCategory,MonthlyCharges,TotalCharges,RevenueAtRisk,Contract,tenure,TenureGroup,CustomerValueGroup,Segment,NumServices,InternetService
7590-VHVEG,No,0.6143,High Risk,29.85,29.85,18.34,Month-to-month,1,0-12 months,Low Value,Low-Med Value / High Risk,2,DSL
5575-GNVDE,No,0.0451,Low Risk,56.95,1889.5,2.57,One year,34,25-48 months,Medium Value,Low-Med Value / Low Risk,4,DSL
3668-QPYBK,Yes,0.2996,Medium Risk,53.85,108.15,16.13,Month-to-month,2,0-12 months,Low Value,Low-Med Value / Low Risk,4,DSL
7795-CFOCW,No,0.0288,Low Risk,42.3,1840.75,1.22,One year,45,25-48 months,Medium Value,Low-Med Value / Low Risk,4,DSL
9237-HQITU,Yes,0.692,High Risk,70.7,151.65,48.92,Month-to-month,2,0-12 months,Low Value,Low-Med Value / High Risk,2,Fiber optic
9305-CDSKC,Yes,0.7955,Critical Risk,99.65,820.5,79.27,Month-to-month,8,0-12 months,Medium Value,Low-Med Value / High Risk,6,Fiber optic
1452-KIOVK,No,0.4848,Medium Risk,89.1,1949.4,43.2,Month-to-month,22,13-24 months,Medium Value,Low-Med Value / Low Risk,5,Fiber optic
6713-OKOMC,No,0.2926,Medium Risk,29.75,301.9,8.7,Month-to-month,10,0-12 months,Low Value,Low-Med Value / Low Risk,2,DSL
7892-POOKP,Yes,0.6215,High Risk,104.8,3046.05,65.13,Month-to-month,28,25-48 months,Medium Value,Low-Med Value / High Risk,7,Fiber optic
6388-TABGU,No,0.0107,Low Risk,56.15,3487.95,0.6,One year,62,49+ months,Medium Value,Low-Med Value / Low Risk,4,DSL
9763-GRSKD,No,0.2062,Low Risk,49.95,587.45,10.3,Month-to-month,13,13-24 months,Medium Value,Low-Med Value / Low Risk,3,DSL
7469-LKBCI,No,0.0283,Low Risk,18.95,326.8,0.54,Two year,16,13-24 months,Low Value,Low-Med Value / Low Risk,1,No
8091-TTVAX,No,0.1803,Low Risk,100.35,5681.1,18.09,One year,58,49+ months,High Value,High Value / Low Risk,6,Fiber optic
0280-XJGEX,Yes,0.4316,Medium Risk,103.7,5036.3,44.76,Month-to-month,49,49+ months,High Value,High Value / Low Risk,7,Fiber optic
5129-JLPIS,No,0.4603,Medium Risk,105.5,2686.05,48.56,Month-to-month,25,25-48 months,Medium Value,Low-Med Value / Low Risk,7,Fiber optic
3655-SNQYZ,No,0.0328,Low Risk,113.25,7895.15,3.71,Two year,69,49+ months,High Value,High Value / Low Risk,9,Fiber optic
8191-XWSZG,No,0.0107,Low Risk,20.65,1022.95,0.22,One year,52,49+ months,Medium Value,Low-Med Value / Low Risk,1,No
9959-WOFKT,No,0.044,Low Risk,106.7,7382.25,4.7,Two year,71,49+ months,High Value,High Value / Low Risk,7,Fiber optic
4190-MFLUW,Yes,0.1544,Low Risk,55.2,528.35,8.53,Month-to-month,10,0-12 months,Medium Value,Low-Med Value / Low Risk,4,DSL
4183-MYFRB,No,0.5616,High Risk,90.05,1862.9,50.57,Month-to-month,21,13-24 months,Medium Value,Low-Med Value / High Risk,5,Fiber optic
8779-QRDMV,Yes,0.725,High Risk,39.65,39.65,28.75,Month-to-month,1,0-12 months,Low Value,Low-Med Value / High Risk,3,DSL
1680-VDCWW,No,0.0639,Low Risk,19.8,202.25,1.27,One year,12,0-12 months,Low Value,Low-Med Value / Low Risk,1,No
1066-JKSGK,Yes,0.1925,Low Risk,20.15,20.15,3.88,Month-to-month,1,0-12 months,Low Value,Low-Med Value / Low Risk,1,No
3638-WEABW,No,0.0174,Low Risk,59.9,3505.1,1.04,Two year,58,49+ months,Medium Value,Low-Med Value / Low Risk,5,DSL
6322-HRPFA,No,0.0252,Low Risk,59.6,2970.3,1.5,Month-to-month,49,49+ months,Medium Value,Low-Med Value / Low Risk,5,DSL
6865-JZNKO,No,0.1127,Low Risk,55.3,1530.6,6.23,Month-to-month,30,25-48 months,Medium Value,Low-Med Value / Low Risk,4,DSL
6467-CHFZW,Yes,0.4914,Medium Risk,99.35,4749.15,48.82,Month-to-month,47,25-48 months,High Value,High Value / Low Risk,6,Fiber optic
8665-UTDHZ,Yes,0.471,Medium Risk,30.2,30.2,14.23,Month-to-month,1,0-12 months,Low Value,Low-Med Value / Low Risk,2,DSL
5248-YGIJN,No,0.0163,Low Risk,90.25,6369.45,1.47,Two year,72,49+ months,High Value,High Value / Low Risk,9,DSL
8773-HHUOZ,Yes,0.353,Medium Risk,64.7,1093.1,22.84,Month-to-month,17,13-24 months,Medium Value,Low-Med Value / Low Risk,4,DSL
3841-NFECX,No,0.0292,Low Risk,96.35,6766.95,2.81,Two year,71,49+ months,High Value,High Value / Low Risk,7,Fiber optic
4929-XIHVW,No,0.7284,High Risk,95.5,181.65,69.56,Month-to-month,2,0-12 months,Low Value,Low-Med Value / High Risk,5,Fiber optic
6827-IEAUQ,No,0.0304,Low Risk,66.15,1874.45,2.01,One year,27,25-48 months,Medium Value,Low-Med Value / Low Risk,6,DSL
7310-EGVHZ,No,0.1822,Low Risk,20.2,20.2,3.68,Month-to-month,1,0-12 months,Low Value,Low-Med Value / Low Risk,1,No
3413-BMNZE,No,0.3714,Medium Risk,45.25,45.25,16.81,Month-to-month,1,0-12 months,Low Value,Low-Med Value / Low Risk,2,DSL
6234-RAAPL,No,0.0207,Low Risk,99.9,7251.7,2.07,Two year,72,49+ months,High Value,High Value / Low Risk,7,Fiber optic
6047-YHPVI,Yes,0.6754,High Risk,69.7,316.9,47.08,Month-to-month,5,0-12 months,Low Value,Low-Med Value / High Risk,2,Fiber optic
6572-ADKRS,No,0.2509,Medium Risk,74.8,3548.3,18.77,Month-to-month,46,25-48 months,Medium Value,Low-Med Value / Low Risk,3,Fiber optic
5380-WJKOV,Yes,0.6172,High Risk,106.35,3549.25,65.64,Month-to-month,34,25-48 months,Medium Value,Low-Med Value / High Risk,7,Fiber optic
8168-UQWWF,Yes,0.7159,High Risk,97.85,1105.4,70.05,Month-to-month,11,0-12 months,Medium Value,Low-Med Value / High Risk,6,Fiber optic
8865-TNMNX,No,0.1168,Low Risk,49.55,475.7,5.79,One year,10,0-12 months,Medium Value,Low-Med Value / Low Risk,3,DSL
9489-DEDVP,No,0.0124,Low Risk,69.2,4872.35,0.86,Two year,70,49+ months,High Value,High Value / Low Risk,6,DSL
9867-JCZSP,No,0.0437,Low Risk,20.75,418.25,0.91,One year,17,13-24 months,Medium Value,Low-Med Value / Low Risk,1,No
4671-VJLCL,No,0.0141,Low Risk,79.85,4861.45,1.13,Two year,63,49+ months,High Value,High Value / Low Risk,8,DSL
4080-IIARD,No,0.3081,Medium Risk,76.2,981.45,23.47,Month-to-month,13,13-24 months,Medium Value,Low-Med Value / Low Risk,7,DSL
3714-NTNFO,No,0.4516,Medium Risk,84.5,3906.7,38.16,Month-to-month,49,49+ months,High Value,High Value / Low Risk,4,Fiber optic
5948-UJZLF,No,0.3096,Medium Risk,49.25,97.0,15.25,Month-to-month,2,0-12 months,Low Value,Low-Med Value / Low Risk,3,DSL
7760-OYPDY,Yes,0.7366,High Risk,80.65,144.15,59.41,Month-to-month,2,0-12 months,Low Value,Low-Med Value / High Risk,3,Fiber optic
7639-LIAYI,No,0.0332,Low Risk,79.75,4217.8,2.65,Two year,52,49+ months,High Value,High Value / Low Risk,7,DSL
2954-PIBKO,No,0.0072,Low Risk,64.15,4254.1,0.46,Two year,69,49+ months,High Value,High Value / Low Risk,6,DSL
8012-SOUDQ,No,0.513,High Risk,90.25,3838.75,46.3,Month-to-month,43,25-48 months,High Value,High Value / High Risk,5,Fiber optic
9420-LOJKX,Yes,0.4723,Medium Risk,99.1,1426.4,46.81,Month-to-month,15,13-24 months,Medium Value,Low-Med Value / Low Risk,6,Fiber optic
6575-SUVOI,No,0.2128,Low Risk,69.5,1752.65,14.79,Month-to-month,25,25-48 months,Medium Value,Low-Med Value / Low Risk,6,DSL
7495-OOKFY,Yes,0.6161,High Risk,80.65,633.3,49.69,Month-to-month,8,0-12 months,Medium Value,Low-Med Value / High Risk,4,Fiber optic
4667-QONEA,No,0.0199,Low Risk,74.85,4456.35,1.49,One year,60,49+ months,High Value,High Value / Low Risk,7,DSL
1658-BYGOY,Yes,0.7787,Critical Risk,95.45,1752.55,74.33,Month-to-month,18,13-24 months,Medium Value,Low-Med Value / High Risk,5,Fiber optic
8769-KKTPH,No,0.1334,Low Risk,99.65,6311.2,13.29,One year,63,49+ months,High Value,High Value / Low Risk,6,Fiber optic
5067-XJQFU,No,0.1959,Low Risk,108.45,7076.35,21.24,One year,66,49+ months,High Value,High Value / Low Risk,8,Fiber optic
3957-SQXML,No,0.0136,Low Risk,24.95,894.3,0.34,Two year,34,25-48 months,Medium Value,Low-Med Value / Low Risk,2,No
5954-BDFSG,No,0.0798,Low Risk,107.5,7853.7,8.58,Two year,72,49+ months,High Value,High Value / Low Risk,7,Fiber optic
0434-CSFON,No,0.5683,High Risk,100.5,4707.1,57.11,Month-to-month,47,25-48 months,High Value,High Value / High Risk,6,Fiber optic
1215-FIGMP,No,0.281,Medium Risk,89.9,5450.7,25.26,Month-to-month,60,49+ months,High Value,High Value / Low Risk,5,Fiber optic
0526-SXDJP,No,0.0064,Low Risk,42.1,2962.0,0.27,Two year,72,49+ months,Medium Value,Low-Med Value / Low Risk,4,DSL
0557-ASKVU,No,0.0898,Low Risk,54.4,957.1,4.89,One year,18,13-24 months,Medium Value,Low-Med Value / Low Risk,4,DSL
5698-BQJOH,Yes,0.7298,High Risk,94.4,857.25,68.89,Month-to-month,9,0-12 months,Medium Value,Low-Med Value / High Risk,5,Fiber optic
5122-CYFXA,No,0.4718,Medium Risk,75.3,244.1,35.53,Month-to-month,3,0-12 months,Low Value,Low-Med Value / Low Risk,6,DSL
8627-ZYGSZ,No,0.234,Low Risk,78.9,3650.35,18.46,One year,47,25-48 months,Medium Value,Low-Med Value / Low Risk,4,Fiber optic
3410-YOQBQ,No,0.0452,Low Risk,79.2,2497.2,3.58,Two year,31,25-48 months,Medium Value,Low-Med Value / Low Risk,7,DSL
3170-NMYVV,No,0.0047,Low Risk,20.15,930.9,0.1,Two year,50,49+ months,Medium Value,Low-Med Value / Low Risk,1,No
7410-OIEDU,No,0.4565,Medium Risk,79.85,887.35,36.45,Month-to-month,10,0-12 months,Medium Value,Low-Med Value / Low Risk,4,Fiber optic
2273-QCKXA,No,0.2773,Medium Risk,49.05,49.05,13.6,Month-to-month,1,0-12 months,Low Value,Low-Med Value / Low Risk,3,DSL
0731-EBJQB,No,0.0174,Low Risk,20.4,1090.65,0.36,One year,52,49+ months,Medium Value,Low-Med Value / Low Risk,1,No
1891-QRQSA,No,0.0675,Low Risk,111.6,7099.0,7.54,Two year,64,49+ months,High Value,High Value / Low Risk,8,Fiber optic
8028-PNXHQ,No,0.0057,Low Risk,24.25,1424.6,0.14,Two year,62,49+ months,Medium Value,Low-Med Value / Low Risk,2,No
5630-AHZIL,No,0.2333,Low Risk,64.5,177.4,15.05,Month-to-month,3,0-12 months,Low Value,Low-Med Value / Low Risk,5,DSL
2673-CXQEU,No,0.1992,Low Risk,110.5,6139.5,22.02,One year,56,49+ months,High Value,High Value / Low Risk,8,Fiber optic
6416-JNVRK,No,0.0525,Low Risk,55.65,2688.85,2.92,One year,46,25-48 months,Medium Value,Low-Med Value / Low Risk,3,DSL
5590-ZSKRV,No,0.1573,Low Risk,54.65,482.25,8.6,Month-to-month,8,0-12 months,Medium Value,Low-Med Value / Low Risk,4,DSL
0191-ZHSKZ,No,0.2821,Medium Risk,74.75,2111.3,21.08,Month-to-month,30,25-48 months,Medium Value,Low-Med Value / Low Risk,6,DSL
3887-PBQAO,No,0.0222,Low Risk,25.9,1216.6,0.58,One year,45,25-48 months,Medium Value,Low-Med Value / Low Risk,2,No
5919-TMRGD,Yes,0.703,High Risk,79.35,79.35,55.78,Month-to-month,1,0-12 months,Low Value,Low-Med Value / High Risk,3,Fiber optic
8108-UXRQN,No,0.4158,Medium Risk,50.55,565.35,21.02,Month-to-month,11,0-12 months,Medium Value,Low-Med Value / Low Risk,4,DSL
9191-MYQKX,Yes,0.5604,High Risk,75.15,496.9,42.11,Month-to-month,7,0-12 months,Medium Value,Low-Med Value / High Risk,3,Fiber optic
9919-YLNNG,No,0.3174,Medium Risk,103.8,4327.5,32.94,Month-to-month,42,25-48 months,High Value,High Value / Low Risk,7,Fiber optic
0318-ZOPWS,No,0.0091,Low Risk,20.15,973.35,0.18,Two year,49,49+ months,Medium Value,Low-Med Value / Low Risk,1,No
4445-ZJNMU,No,0.6913,High Risk,99.3,918.75,68.65,Month-to-month,9,0-12 months,Medium Value,Low-Med Value / High Risk,6,Fiber optic
4808-YNLEU,No,0.0783,Low Risk,62.15,2215.45,4.87,One year,35,25-48 months,Medium Value,Low-Med Value / Low Risk,4,DSL
1862-QRWPE,No,0.0054,Low Risk,20.65,1057.0,0.11,Two year,48,25-48 months,Medium Value,Low-Med Value / Low Risk,1,No
2796-NNUFI,No,0.009,Low Risk,19.95,927.1,0.18,Two year,46,25-48 months,Medium Value,Low-Med Value / Low Risk,1,No
3016-KSVCP,No,0.2721,Medium Risk,33.75,1009.25,9.18,Month-to-month,29,25-48 months,Medium Value,Low-Med Value / Low Risk,2,DSL
4767-HZZHQ,No,0.225,Low Risk,82.05,2570.2,18.46,Month-to-month,30,25-48 months,Medium Value,Low-Med Value / Low Risk,4,Fiber optic
2424-WVHPL,No,0.5695,High Risk,74.7,74.7,42.54,Month-to-month,1,0-12 months,Low Value,Low-Med Value / High Risk,3,Fiber optic
7233-PAHHL,No,0.0205,Low Risk,84.0,5714.25,1.72,Two year,66,49+ months,High Value,High Value / Low Risk,8,DSL
6067-NGCEU,No,0.2427,Low Risk,111.05,7107.0,26.96,Month-to-month,65,49+ months,High Value,High Value / Low Risk,8,Fiber optic
9848-JQJTX,No,0.1032,Low Risk,100.9,7459.05,10.41,Two year,72,49+ months,High Value,High Value / Low Risk,7,Fiber optic
8637-XJIVR,Yes,0.591,High Risk,78.95,927.35,46.66,Month-to-month,12,0-12 months,Medium Value,Low-Med Value / High Risk,4,Fiber optic
9803-FTJCG,No,0.0116,Low Risk,66.85,4748.7,0.78,One year,71,49+ months,High Value,High Value / Low Risk,6,DSL
0278-YXOOG,Yes,0.1635,Low Risk,21.05,113.85,3.44,Month-to-month,5,0-12 months,Low Value,Low-Med Value / Low Risk,1,No
3212-KXOCR,No,0.0055,Low Risk,21.0,1107.2,0.12,Two year,52,49+ months,Medium Value,Low-Med Value / Low Risk,1,No
4598-XLKNJ,Yes,0.6476,High Risk,98.5,2514.5,63.79,Month-to-month,25,25-48 months,Medium Value,Low-Med Value / High Risk,6,Fiber optic
6380-ARCEH,No,0.1924,Low Risk,20.2,20.2,3.89,Month-to-month,1,0-12 months,Low Value,Low-Med Value / Low Risk,1,No
3679-XASPY,No,0.2084,Low Risk,19.45,19.45,4.05,Month-to-month,1,0-12 months,Low Value,Low-Med Value / Low Risk,1,No
7123-WQUHX,No,0.1753,Low Risk,95.0,3605.6,16.66,One year,38,25-48 months,Medium Value,Low-Med Value / Low Risk,6,Fiber optic
5386-THSLQ,No,0.0359,Low Risk,45.55,3027.25,1.63,One year,66,49+ months,Medium Value,Low-Med Value / Low Risk,4,DSL
3192-NQECA,Yes,0.087,Low Risk,110.0,7611.85,9.57,Two year,68,49+ months,High Value,High Value / Low Risk,8,Fiber optic
6180-YBIQI,No,0.4455,Medium Risk,24.3,100.2,10.83,Month-to-month,5,0-12 months,Low Value,Low-Med Value / Low Risk,1,DSL
6728-DKUCO,No,0.1357,Low Risk,104.15,7303.05,14.13,One year,72,49+ months,High Value,High Value / Low Risk,7,Fiber optic
9750-BOOHV,No,0.0718,Low Risk,30.15,927.65,2.16,One year,32,25-48 months,Medium Value,Low-Med Value / Low Risk,2,DSL
8597-CWYHH,No,0.2664,Medium Risk,94.35,3921.3,25.14,One year,43,25-48 months,High Value,High Value / Low Risk,5,Fiber optic
2848-YXSMW,No,0.0017,Low Risk,19.4,1363.25,0.03,Two year,72,49+ months,Medium Value,Low-Med Value / Low Risk,1,No
0486-HECZI,Yes,0.3116,Medium Risk,96.75,5238.9,30.15,Month-to-month,55,49+ months,High Value,High Value / Low Risk,6,Fiber optic
4549-ZDQYY,No,0.0158,Low Risk,57.95,3042.25,0.91,One year,52,49+ months,Medium Value,Low-Med Value / Low Risk,5,DSL
5712-AHQNN,No,0.3968,Medium Risk,91.65,3954.1,36.37,Month-to-month,43,25-48 months,High Value,High Value / Low Risk,5,Fiber optic
4846-WHAFZ,Yes,0.5221,High Risk,76.5,2868.15,39.94,Month-to-month,37,25-48 months,Medium Value,Low-Med Value / High Risk,3,Fiber optic
5256-SKJGO,No,0.0308,Low Risk,54.6,3423.5,1.68,Two year,64,49+ months,Medium Value,Low-Med Value / Low Risk,5,DSL
3071-VBYPO,No,0.4646,Medium Risk,89.85,248.4,41.74,Month-to-month,3,0-12 months,Low Value,Low-Med Value / Low Risk,5,Fiber optic
9560-BBZXK,No,0.0312,Low Risk,31.05,1126.35,0.97,Two year,36,25-48 months,Medium Value,Low-Med Value / Low Risk,2,DSL
5299-RULOA,Yes,0.6712,High Risk,100.25,1064.65,67.28,Month-to-month,10,0-12 months,Medium Value,Low-Med Value / High Risk,6,Fiber optic
8402-OOOHJ,No,0.0095,Low Risk,20.65,835.15,0.2,Two year,41,25-48 months,Medium Value,Low-Med Value / Low Risk,1,No
9445-ZUEQE,No,0.2965,Medium Risk,85.2,2151.6,25.26,Month-to-month,27,25-48 months,Medium Value,Low-Med Value / Low Risk,5,Fiber optic
1091-SOZGA,No,0.2112,Low Risk,99.8,5515.45,21.08,One year,56,49+ months,High Value,High Value / Low Risk,6,Fiber optic
2928-HLDBA,No,0.1547,Low Risk,20.7,112.75,3.2,Month-to-month,6,0-12 months,Low Value,Low-Med Value / Low Risk,1,No
0404-SWRVG,Yes,0.7512,Critical Risk,74.4,229.55,55.89,Month-to-month,3,0-12 months,Low Value,Low-Med Value / High Risk,3,Fiber optic
6497-TILVL,No,0.1824,Low Risk,50.7,350.35,9.25,Month-to-month,7,0-12 months,Low Value,Low-Med Value / Low Risk,3,DSL
7219-TLZHO,No,0.14,Low Risk,20.85,62.9,2.92,Month-to-month,4,0-12 months,Low Value,Low-Med Value / Low Risk,1,No
4622-YNKIJ,No,0.1232,Low Risk,88.95,3027.65,10.96,Two year,33,25-48 months,Medium Value,Low-Med Value / Low Risk,5,Fiber optic
4412-YLTKF,Yes,0.6051,High Risk,78.05,2135.5,47.23,Month-to-month,27,25-48 months,Medium Value,Low-Med Value / High Risk,4,Fiber optic
6734-PSBAW,No,0.0047,Low Risk,23.55,1723.95,0.11,Two year,72,49+ months,Medium Value,Low-Med Value / Low Risk,2,No
3930-ZGWVE,No,0.1936,Low Risk,19.75,19.75,3.82,Month-to-month,1,0-12 months,Low Value,Low-Med Value / Low Risk,1,No
2639-UGMAZ,No,0.0598,Low Risk,56.45,3985.35,3.37,One year,71,49+ months,High Value,High Value / Low Risk,5,DSL
2876-GZYZC,No,0.73,High Risk,85.95,1215.65,62.74,Month-to-month,13,13-24 months,Medium Value,Low-Med Value / High Risk,4,Fiber optic
6207-WIOLX,Yes,0.2554,Medium Risk,58.6,1502.65,14.97,Month-to-month,25,25-48 months,Medium Value,Low-Med Value / Low Risk,6,DSL
8587-XYZSF,No,0.0067,Low Risk,50.55,3260.1,0.34,Two year,67,49+ months,Medium Value,Low-Med Value / Low Risk,3,DSL
3091-FYHKI,Yes,0.701,High Risk,35.45,35.45,24.85,Month-to-month,1,0-12 months,Low Value,Low-Med Value / High Risk,2,DSL
2372-HWUHI,Yes,0.4211,Medium Risk,44.35,81.25,18.68,Month-to-month,2,0-12 months,Low Value,Low-Med Value / Low Risk,2,DSL
7799-LGRDP,No,0.0161,Low Risk,25.7,1188.2,0.41,Two year,43,25-48 months,Medium Value,Low-Med Value / Low Risk,2,No
7850-VWJUU,No,0.3364,Medium Risk,75.0,1778.5,25.23,Month-to-month,23,13-24 months,Medium Value,Low-Med Value / Low Risk,3,Fiber optic
3774-VBNXY,No,0.0027,Low Risk,20.2,1277.75,0.05,Two year,64,49+ months,Medium Value,Low-Med Value / Low Risk,1,No
6217-KDYWC,No,0.0055,Low Risk,19.6,1170.55,0.11,Two year,57,49+ months,Medium Value,Low-Med Value / Low Risk,1,No
0390-DCFDQ,Yes,0.6681,High Risk,70.45,70.45,47.07,Month-to-month,1,0-12 months,Low Value,Low-Med Value / High Risk,2,Fiber optic
3146-MSEGF,No,0.0155,Low Risk,88.05,6425.65,1.37,Two year,72,49+ months,High Value,High Value / Low Risk,9,DSL
4080-OGPJL,Yes,0.2965,Medium Risk,71.15,563.65,21.09,Month-to-month,8,0-12 months,Medium Value,Low-Med Value / Low Risk,6,DSL
1095-WGNGG,No,0.1198,Low Risk,101.05,5971.25,12.1,Two year,61,49+ months,High Value,High Value / Low Risk,6,Fiber optic
2636-SJDOU,No,0.0727,Low Risk,84.3,5289.05,6.13,One year,64,49+ months,High Value,High Value / Low Risk,5,Fiber optic
1131-QQZEB,No,0.0039,Low Risk,23.95,1756.2,0.09,Two year,71,49+ months,Medium Value,Low-Med Value / Low Risk,2,No
5716-EZXZN,No,0.034,Low Risk,99.05,6416.7,3.37,Two year,65,49+ months,High Value,High Value / Low Risk,7,Fiber optic
6837-BJYDQ,No,0.0992,Low Risk,19.6,61.35,1.94,One year,3,0-12 months,Low Value,Low-Med Value / Low Risk,1,No
2135-RXIHG,Yes,0.5178,High Risk,45.65,45.65,23.64,Month-to-month,1,0-12 months,Low Value,Low-Med Value / High Risk,2,DSL
6440-DKQGE,No,0.0657,Low Risk,64.5,1929.95,4.23,One year,30,25-48 months,Medium Value,Low-Med Value / Low Risk,5,DSL
3466-BYAVD,No,0.2176,Low Risk,69.5,1071.4,15.13,Month-to-month,15,13-24 months,Medium Value,Low-Med Value / Low Risk,6,DSL
3780-YVMFA,No,0.4277,Medium Risk,68.55,564.35,29.32,Month-to-month,8,0-12 months,Medium Value,Low-Med Value / Low Risk,5,DSL
3874-EQOEP,Yes,0.6784,High Risk,95.0,655.5,64.44,Month-to-month,7,0-12 months,Medium Value,Low-Med Value / High Risk,5,Fiber optic
1679-JRFBR,No,0.1146,Low Risk,108.15,7930.55,12.39,One year,70,49+ months,High Value,High Value / Low Risk,8,Fiber optic
9073-ZZIAY,No,0.0129,Low Risk,86.1,5215.25,1.11,Two year,62,49+ months,High Value,High Value / Low Risk,8,DSL
3077-RSNTJ,No,0.1318,Low Risk,19.7,113.5,2.6,Month-to-month,6,0-12 months,Low Value,Low-Med Value / Low Risk,1,No
6551-GNYDG,No,0.5151,High Risk,80.9,1152.8,41.67,Month-to-month,14,13-24 months,Medium Value,Low-Med Value / High Risk,3,Fiber optic
9167-APMXZ,No,0.5814,High Risk,84.15,1821.95,48.92,Month-to-month,22,13-24 months,Medium Value,Low-Med Value / High Risk,4,Fiber optic
2749-CTKAJ,No,0.0352,Low Risk,20.15,419.9,0.71,One year,22,13-24 months,Medium Value,Low-Med Value / Low Risk,1,No
6371-NZYEG,No,0.0519,Low Risk,64.25,1024.0,3.33,Two year,16,13-24 months,Medium Value,Low-Med Value / Low Risk,5,DSL
7554-NEWDD,No,0.0494,Low Risk,25.7,251.6,1.27,Two year,10,0-12 months,Low Value,Low-Med Value / Low Risk,2,No
8992-VONJD,No,0.2259,Low Risk,56.0,764.55,12.65,Month-to-month,13,13-24 months,Medium Value,Low-Med Value / Low Risk,4,DSL
0867-MKZVY,Yes,0.4264,Medium Risk,82.4,1592.35,35.13,Month-to-month,20,13-24 months,Medium Value,Low-Med Value / Low Risk,4,Fiber optic
4482-EWFMI,No,0.695,High Risk,69.7,135.2,48.44,Month-to-month,2,0-12 months,Low Value,Low-Med Value / High Risk,2,Fiber optic
4648-YPBTM,No,0.031,Low Risk,73.9,3958.25,2.29,Two year,53,49+ months,High Value,High Value / Low Risk,7,DSL
2907-ILJBN,No,0.0563,Low Risk,20.6,233.9,1.16,One year,11,0-12 months,Low Value,Low-Med Value / Low Risk,1,No
6345-FZOQH,No,0.0027,Low Risk,19.9,1363.45,0.05,Two year,69,49+ months,Medium Value,Low-Med Value / Low Risk,1,No
3376-BMGFE,Yes,0.5872,High Risk,70.9,273.0,41.63,Month-to-month,4,0-12 months,Low Value,Low-Med Value / High Risk,2,Fiber optic
5997-OPVFA,No,0.0168,Low Risk,89.05,6254.45,1.5,Two year,72,49+ months,High Value,High Value / Low Risk,9,DSL
3445-HXXGF,Yes,0.1815,Low Risk,45.3,2651.2,8.22,Month-to-month,58,49+ months,Medium Value,Low-Med Value / Low Risk,4,DSL
1159-WFSGR,No,0.1142,Low Risk,20.4,321.4,2.33,Month-to-month,16,13-24 months,Low Value,Low-Med Value / Low Risk,1,No
7654-YWJUF,No,0.0873,Low Risk,84.25,3539.25,7.36,One year,43,25-48 months,Medium Value,Low-Med Value / Low Risk,5,Fiber optic
1875-QIVME,Yes,0.7649,Critical Risk,104.4,242.8,79.86,Month-to-month,2,0-12 months,Low Value,Low-Med Value / High Risk,7,Fiber optic
6727-IOTLZ,No,0.0762,Low Risk,81.95,1181.75,6.25,Two year,14,13-24 months,Medium Value,Low-Med Value / Low Risk,7,DSL
0691-JVSYA,Yes,0.2131,Low Risk,94.85,5000.2,20.21,One year,53,49+ months,High Value,High Value / Low Risk,5,Fiber optic
5918-VUKWP,No,0.0252,Low Risk,20.55,654.55,0.52,One year,32,25-48 months,Medium Value,Low-Med Value / Low Risk,1,No
1744-JHKYS,No,0.0879,Low Risk,24.7,780.2,2.17,Month-to-month,34,25-48 months,Medium Value,Low-Med Value / Low Risk,2,No
2656-FMOKZ,Yes,0.6261,High Risk,74.45,1145.7,46.62,Month-to-month,15,13-24 months,Medium Value,Low-Med Value / High Risk,3,Fiber optic
2070-FNEXE,Yes,0.3992,Medium Risk,76.45,503.6,30.52,Month-to-month,7,0-12 months,Medium Value,Low-Med Value / Low Risk,3,Fiber optic
5947-SGKCL,No,0.5984,High Risk,105.35,1559.25,63.04,Month-to-month,15,13-24 months,Medium Value,Low-Med Value / High Risk,7,Fiber optic
3712-PKXZA,No,0.0097,Low Risk,20.55,1252.0,0.2,One year,61,49+ months,Medium Value,Low-Med Value / Low Risk,1,No
6317-YPKDH,Yes,0.424,Medium Risk,29.95,29.95,12.7,Month-to-month,1,0-12 months,Low Value,Low-Med Value / Low Risk,2,DSL
6582-OIVSP,No,0.3486,Medium Risk,45.3,45.3,15.79,Month-to-month,1,0-12 months,Low Value,Low-Med Value / Low Risk,2,DSL
9367-WXLCH,Yes,0.6032,High Risk,84.5,662.65,50.97,Month-to-month,8,0-12 months,Medium Value,Low-Med Value / High Risk,4,Fiber optic
5524-KHNJP,No,0.0629,Low Risk,74.75,2453.3,4.7,One year,33,25-48 months,Medium Value,Low-Med Value / Low Risk,6,DSL
1918-ZBFQJ,Yes,0.5687,High Risk,79.25,1111.65,45.07,Month-to-month,13,13-24 months,Medium Value,Low-Med Value / High Risk,4,Fiber optic
1024-GUALD,Yes,0.6552,High Risk,24.8,24.8,16.25,Month-to-month,1,0-12 months,Low Value,Low-Med Value / High Risk,1,DSL
4827-USJHP,No,0.2346,Low Risk,51.8,1023.85,12.15,Month-to-month,20,13-24 months,Medium Value,Low-Med Value / Low Risk,3,DSL
8167-GJLRN,No,0.4491,Medium Risk,30.4,82.15,13.65,Month-to-month,3,0-12 months,Low Value,Low-Med Value / Low Risk,2,DSL
0956-SYCWG,No,0.0844,Low Risk,19.65,244.8,1.66,One year,13,13-24 months,Low Value,Low-Med Value / Low Risk,1,No
8017-UVSZU,No,0.1115,Low Risk,56.6,2379.1,6.31,Month-to-month,40,25-48 months,Medium Value,Low-Med Value / Low Risk,4,DSL
7100-FQPRV,No,0.0483,Low Risk,71.9,3173.35,3.47,One year,43,25-48 months,Medium Value,Low-Med Value / Low Risk,6,DSL
2472-OVKUP,Yes,0.6747,High Risk,91.0,531.0,61.39,Month-to-month,6,0-12 months,Medium Value,Low-Med Value / High Risk,5,Fiber optic
2984-RGEYA,No,0.002,Low Risk,19.75,1375.4,0.04,Two year,69,49+ months,Medium Value,Low-Med Value / Low Risk,1,No
9680-NIAUV,No,0.0418,Low Risk,109.7,8129.3,4.58,Two year,72,49+ months,High Value,High Value / Low Risk,8,Fiber optic
2146-EGVDT,No,0.0032,Low Risk,19.3,1192.7,0.06,Two year,59,49+ months,Medium Value,Low-Med Value / Low Risk,1,No
2604-IJPDU,No,0.3875,Medium Risk,96.55,1901.65,37.41,Month-to-month,20,13-24 months,Medium Value,Low-Med Value / Low Risk,6,Fiber optic
9178-JHUVJ,No,0.0322,Low Risk,24.1,587.4,0.78,Two year,24,13-24 months,Medium Value,Low-Med Value / Low Risk,2,No
6168-YBYNP,No,0.381,Medium Risk,111.35,6519.75,42.42,Month-to-month,59,49+ months,High Value,High Value / Low Risk,8,Fiber optic
7255-SSFBC,No,0.0617,Low Risk,112.25,8041.65,6.93,Two year,72,49+ months,High Value,High Value / Low Risk,8,Fiber optic
3645-DEYGF,No,0.1584,Low Risk,20.75,20.75,3.29,Month-to-month,1,0-12 months,Low Value,Low-Med Value / Low Risk,1,No
9323-HGFWY,No,0.2057,Low Risk,101.9,2681.15,20.96,One year,27,25-48 months,Medium Value,Low-Med Value / Low Risk,6,Fiber optic
8544-GOQSH,No,0.3684,Medium Risk,80.05,1112.3,29.49,Month-to-month,14,13-24 months,Medium Value,Low-Med Value / Low Risk,4,Fiber optic
3363-DTIVD,No,0.0659,Low Risk,105.55,7405.5,6.95,Two year,71,49+ months,High Value,High Value / Low Risk,7,Fiber optic
7018-WBJNK,No,0.5231,High Risk,78.3,1033.95,40.96,Month-to-month,13,13-24 months,Medium Value,Low-Med Value / High Risk,3,Fiber optic
9142-KZXOP,No,0.195,Low Risk,68.85,2958.95,13.42,Month-to-month,44,25-48 months,Medium Value,Low-Med Value / Low Risk,2,Fiber optic
7674-YTAFD,No,0.1424,Low Risk,79.95,2684.85,11.38,One year,33,25-48 months,Medium Value,Low-Med Value / Low Risk,4,Fiber optic
6348-SNFUS,No,0.0083,Low Risk,55.45,4179.2,0.46,Two year,72,49+ months,High Value,High Value / Low Risk,6,DSL
1285-OKIPP,Yes,0.6745,High Risk,79.9,79.9,53.89,Month-to-month,1,0-12 months,Low Value,Low-Med Value / High Risk,3,Fiber optic
7825-ECJRF,Yes,0.4831,Medium Risk,106.6,1934.45,51.5,Month-to-month,19,13-24 months,Medium Value,Low-Med Value / Low Risk,7,Fiber optic
1347-KTTTA,No,0.1181,Low Risk,102.45,6654.1,12.1,One year,64,49+ months,High Value,High Value / Low Risk,7,Fiber optic
7841-TZDMQ,Yes,0.4028,Medium Risk,46.0,84.5,18.53,Month-to-month,2,0-12 months,Low Value,Low-Med Value / Low Risk,2,DSL
4195-NZGTA,No,0.5605,High Risk,25.25,25.25,14.15,Month-to-month,1,0-12 months,Low Value,Low-Med Value / High Risk,1,DSL
7157-SMCFK,No,0.003,Low Risk,19.75,1124.2,0.06,Two year,61,49+ months,Medium Value,Low-Med Value / Low Risk,1,No
4709-LKHYG,No,0.034,Low Risk,20.0,540.05,0.68,One year,29,25-48 months,Medium Value,Low-Med Value / Low Risk,1,No
2504-DSHIH,No,0.6134,High Risk,86.8,1975.85,53.24,Month-to-month,23,13-24 months,Medium Value,Low-Med Value / High Risk,4,Fiber optic
0699-NDKJM,No,0.1197,Low Risk,58.75,3437.45,7.03,Month-to-month,57,49+ months,Medium Value,Low-Med Value / Low Risk,6,DSL
9286-BHDQG,No,0.0036,Low Risk,45.25,3139.8,0.16,Two year,72,49+ months,Medium Value,Low-Med Value / Low Risk,5,DSL
0230-WEQUW,No,0.0131,Low Risk,56.6,3789.2,0.74,Two year,66,49+ months,High Value,High Value / Low Risk,6,DSL
2040-LDIWQ,No,0.0235,Low Risk,84.2,5324.5,1.98,Two year,65,49+ months,High Value,High Value / Low Risk,8,DSL
6496-JDSSB,No,0.6143,High Risk,80.0,624.6,49.15,Month-to-month,8,0-12 months,Medium Value,Low-Med Value / High Risk,3,Fiber optic
9408-SSNVZ,Yes,0.6779,High Risk,70.15,268.35,47.55,Month-to-month,4,0-12 months,Low Value,Low-Med Value / High Risk,2,Fiber optic
4443-EMBNA,No,0.0034,Low Risk,24.75,1836.9,0.08,Two year,71,49+ months,Medium Value,Low-Med Value / Low Risk,2,No
6469-MRVET,No,0.1614,Low Risk,20.2,20.2,3.26,One year,1,0-12 months,Low Value,Low-Med Value / Low Risk,1,No
0742-MOABM,Yes,0.2539,Medium Risk,50.05,179.35,12.71,Month-to-month,4,0-12 months,Low Value,Low-Med Value / Low Risk,3,DSL
5961-VUSRV,No,0.0876,Low Risk,19.35,219.35,1.69,One year,12,0-12 months,Low Value,Low-Med Value / Low Risk,1,No
6778-JFCMK,No,0.2236,Low Risk,50.6,1288.75,11.32,One year,24,13-24 months,Medium Value,Low-Med Value / Low Risk,4,DSL
6341-JVQGF,No,0.0742,Low Risk,81.15,2545.75,6.02,One year,31,25-48 months,Medium Value,Low-Med Value / Low Risk,7,DSL
2232-DMLXU,Yes,0.4061,Medium Risk,55.2,55.2,22.41,Month-to-month,1,0-12 months,Low Value,Low-Med Value / Low Risk,3,DSL
4811-JBUVU,No,0.431,Medium Risk,89.9,2723.15,38.75,Month-to-month,30,25-48 months,Medium Value,Low-Med Value / Low Risk,5,Fiber optic
0945-TSONX,No,0.0279,Low Risk,85.3,4107.25,2.38,Two year,47,25-48 months,High Value,High Value / Low Risk,8,DSL
2651-ZCBXV,No,0.0778,Low Risk,108.0,5760.65,8.41,Two year,54,49+ months,High Value,High Value / Low Risk,8,Fiber optic
3316-UWXUY,No,0.1555,Low Risk,93.5,4747.5,14.54,Month-to-month,50,49+ months,High Value,High Value / Low Risk,6,Fiber optic
8937-RDTHP,Yes,0.5904,High Risk,84.6,84.6,49.95,Month-to-month,1,0-12 months,Low Value,Low-Med Value / High Risk,4,Fiber optic
7083-MIOPC,No,0.0021,Low Risk,20.25,1566.9,0.04,Two year,72,49+ months,Medium Value,Low-Med Value / Low Risk,1,No
1984-GPTEH,No,0.1061,Low Risk,25.15,702.0,2.67,Month-to-month,29,25-48 months,Medium Value,Low-Med Value / Low Risk,2,No
1251-KRREG,Yes,0.4636,Medium Risk,54.4,114.1,25.22,Month-to-month,2,0-12 months,Low Value,Low-Med Value / Low Risk,4,DSL
0621-JFHOL,No,0.1436,Low Risk,29.6,299.05,4.25,Two year,10,0-12 months,Low Value,Low-Med Value / Low Risk,2,DSL
9903-LYSAB,No,0.6529,High Risk,73.15,1305.95,47.76,Month-to-month,18,13-24 months,Medium Value,Low-Med Value / High Risk,3,Fiber optic
0094-OIFMO,Yes,0.73,High Risk,95.0,1120.3,69.35,Month-to-month,11,0-12 months,Medium Value,Low-Med Value / High Risk,5,Fiber optic
9227-UAQFT,No,0.0306,Low Risk,19.75,284.35,0.6,Two year,16,13-24 months,Low Value,Low-Med Value / Low Risk,1,No
7301-ABVAD,No,0.0167,Low Risk,86.6,6350.5,1.45,Two year,72,49+ months,High Value,High Value / Low Risk,8,DSL
6614-FHDBO,No,0.0537,Low Risk,109.2,7878.3,5.86,Two year,72,49+ months,High Value,High Value / Low Risk,8,Fiber optic
7576-ASEJU,No,0.0511,Low Risk,74.7,3187.65,3.81,One year,41,25-48 months,Medium Value,Low-Med Value / Low Risk,6,DSL
9058-HRZSV,No,0.164,Low Risk,94.4,6126.15,15.48,Month-to-month,65,49+ months,High Value,High Value / Low Risk,6,Fiber optic
4522-AKYLR,No,0.3862,Medium Risk,54.8,731.3,21.17,Month-to-month,13,13-24 months,Medium Value,Low-Med Value / Low Risk,4,DSL
0221-WMXNQ,No,0.5276,High Risk,75.35,273.4,39.76,Month-to-month,4,0-12 months,Low Value,Low-Med Value / High Risk,3,Fiber optic
0303-UNCIP,No,0.0915,Low Risk,65.0,2531.8,5.95,One year,41,25-48 months,Medium Value,Low-Med Value / Low Risk,5,DSL
9947-OTFQU,Yes,0.5917,High Risk,74.4,1074.3,44.03,Month-to-month,15,13-24 months,Medium Value,Low-Med Value / High Risk,3,Fiber optic
0322-YINQP,Yes,0.3476,Medium Risk,48.55,48.55,16.87,Month-to-month,1,0-12 months,Low Value,Low-Med Value / Low Risk,3,DSL
0959-WHOKV,No,0.2589,Medium Risk,99.0,4298.45,25.63,One year,42,25-48 months,High Value,High Value / Low Risk,7,Fiber optic
4075-JFPGR,No,0.1528,Low Risk,93.5,4619.55,14.29,One year,51,49+ months,High Value,High Value / Low Risk,6,Fiber optic
4629-NRXKX,Yes,0.5594,High Risk,70.4,147.15,39.38,Month-to-month,2,0-12 months,Low Value,Low-Med Value / High Risk,2,Fiber optic
9514-JDSKI,Yes,0.6171,High Risk,40.2,40.2,24.81,Month-to-month,1,0-12 months,Low Value,Low-Med Value / High Risk,3,DSL
3282-ZISZV,No,0.0793,Low Risk,83.7,2633.3,6.64,One year,32,25-48 months,Medium Value,Low-Med Value / Low Risk,8,DSL
3675-YDUPJ,No,0.1856,Low Risk,19.85,193.05,3.68,Month-to-month,10,0-12 months,Low Value,Low-Med Value / Low Risk,1,No
4111-BNXIF,No,0.0297,Low Risk,59.55,4103.9,1.77,Two year,67,49+ months,High Value,High Value / Low Risk,6,DSL
7017-VFHAY,No,0.0386,Low Risk,115.1,7008.15,4.44,Two year,61,49+ months,High Value,High Value / Low Risk,9,Fiber optic
6655-LHBYW,No,0.1128,Low Risk,114.35,5791.1,12.9,One year,50,49+ months,High Value,High Value / Low Risk,9,Fiber optic
4959-JOSRX,Yes,0.4087,Medium Risk,44.6,80.55,18.23,Month-to-month,2,0-12 months,Low Value,Low-Med Value / Low Risk,2,DSL
5046-NUHWD,No,0.3501,Medium Risk,45.0,1228.65,15.75,Month-to-month,29,25-48 months,Medium Value,Low-Med Value / Low Risk,4,DSL
7273-TEFQD,Yes,0.703,High Risk,41.15,132.2,28.93,Month-to-month,3,0-12 months,Low Value,Low-Med Value / High Risk,3,DSL
3606-TWKGI,Yes,0.7646,Critical Risk,106.9,1364.3,81.73,Month-to-month,13,13-24 months,Medium Value,Low-Med Value / High Risk,7,Fiber optic
7529-ZDFXI,No,0.4103,Medium Risk,89.85,4925.35,36.87,Month-to-month,57,49+ months,High Value,High Value / Low Risk,5,Fiber optic
7605-BDWDC,No,0.046,Low Risk,49.85,1520.1,2.3,Two year,31,25-48 months,Medium Value,Low-Med Value / Low Risk,5,DSL
1950-KSVVJ,No,0.1347,Low Risk,113.3,5032.25,15.27,One year,45,25-48 months,High Value,High Value / Low Risk,9,Fiber optic
0123-CRBRT,No,0.0147,Low Risk,88.1,5526.75,1.29,Two year,61,49+ months,High Value,High Value / Low Risk,9,DSL
6292-TOSSS,No,0.0084,Low Risk,24.9,1195.25,0.21,Two year,50,49+ months,Medium Value,Low-Med Value / Low Risk,2,No
3197-ARFOY,No,0.4199,Medium Risk,105.0,2007.25,44.09,Month-to-month,19,13-24 months,Medium Value,Low-Med Value / Low Risk,7,Fiber optic
6323-AYBRX,Yes,0.0042,Low Risk,19.35,1099.6,0.08,Two year,59,49+ months,Medium Value,Low-Med Value / Low Risk,1,No
7014-ZZXAW,No,0.0046,Low Risk,24.25,1732.95,0.11,Two year,71,49+ months,Medium Value,Low-Med Value / Low Risk,2,No
4385-GZQXV,Yes,0.6548,High Risk,94.45,1511.2,61.85,Month-to-month,16,13-24 months,Medium Value,Low-Med Value / High Risk,5,Fiber optic
7633-MVPUY,No,0.0138,Low Risk,59.75,3450.15,0.83,Two year,57,49+ months,Medium Value,Low-Med Value / Low Risk,5,DSL
6366-ZGQGL,Yes,0.4731,Medium Risk,24.8,24.8,11.73,Month-to-month,1,0-12 months,Low Value,Low-Med Value / Low Risk,1,DSL
4716-HHKQH,No,0.5801,High Risk,107.05,2172.05,62.1,Month-to-month,20,13-24 months,Medium Value,Low-Med Value / High Risk,7,Fiber optic
5940-AHUHD,Yes,0.5453,High Risk,70.6,70.6,38.5,Month-to-month,1,0-12 months,Low Value,Low-Med Value / High Risk,2,Fiber optic
6432-TWQLB,Yes,0.6207,High Risk,85.4,401.1,53.01,Month-to-month,5,0-12 months,Medium Value,Low-Med Value / High Risk,5,Fiber optic
4484-GLZOU,Yes,0.5161,High Risk,105.05,5624.85,54.21,Month-to-month,52,49+ months,High Value,High Value / High Risk,7,Fiber optic
3179-GBRWV,No,0.2252,Low Risk,64.95,1339.8,14.63,Month-to-month,21,13-24 months,Medium Value,Low-Med Value / Low Risk,5,DSL
8645-KWHJO,No,0.5417,High Risk,55.0,771.95,29.79,Month-to-month,14,13-24 months,Medium Value,Low-Med Value / High Risk,5,DSL
4130-MZLCC,No,0.2627,Medium Risk,50.55,244.75,13.28,Month-to-month,5,0-12 months,Low Value,Low-Med Value / Low Risk,3,DSL
0314-TKOSI,No,0.1951,Low Risk,55.15,322.9,10.76,Month-to-month,6,0-12 months,Low Value,Low-Med Value / Low Risk,4,DSL
8229-MYEJZ,No,0.2972,Medium Risk,51.2,498.25,15.22,Month-to-month,10,0-12 months,Medium Value,Low-Med Value / Low Risk,3,DSL
2080-SRCDE,No,0.198,Low Risk,25.4,25.4,5.03,Month-to-month,1,0-12 months,Low Value,Low-Med Value / Low Risk,2,No
9577-WJVCQ,No,0.0345,Low Risk,54.45,3687.75,1.88,Month-to-month,68,49+ months,Medium Value,Low-Med Value / Low Risk,4,DSL
9512-UIBFX,Yes,0.4775,Medium Risk,95.15,1779.95,45.44,Month-to-month,18,13-24 months,Medium Value,Low-Med Value / Low Risk,5,Fiber optic
6202-DYYFX,No,0.3406,Medium Risk,76.0,1783.6,25.88,One year,22,13-24 months,Medium Value,Low-Med Value / Low Risk,3,Fiber optic
3808-HFKDE,No,0.3334,Medium Risk,44.35,927.15,14.79,Month-to-month,20,13-24 months,Medium Value,Low-Med Value / Low Risk,2,DSL
5583-SXDAG,Yes,0.6285,High Risk,70.0,70.0,44.0,Month-to-month,1,0-12 months,Low Value,Low-Med Value / High Risk,2,Fiber optic
3488-PGMQJ,Yes,0.6499,High Risk,74.5,606.55,48.42,Month-to-month,8,0-12 months,Medium Value,Low-Med Value / High Risk,3,Fiber optic
3580-REOAC,Yes,0.3316,Medium Risk,44.85,435.4,14.87,Month-to-month,10,0-12 months,Medium Value,Low-Med Value / Low Risk,2,DSL
7534-BFESC,Yes,0.6203,High Risk,76.1,1712.7,47.2,Month-to-month,24,13-24 months,Medium Value,Low-Med Value / High Risk,3,Fiber optic
3727-OWVYD,No,0.0378,Low Risk,61.2,2021.2,2.31,One year,35,25-48 months,Medium Value,Low-Med Value / Low Risk,5,DSL
2294-SALNE,No,0.1171,Low Risk,86.8,1940.8,10.16,One year,23,13-24 months,Medium Value,Low-Med Value / Low Risk,5,Fiber optic
4847-TAJYI,No,0.7875,Critical Risk,89.35,567.8,70.37,Month-to-month,6,0-12 months,Medium Value,Low-Med Value / High Risk,4,Fiber optic
1563-IWQEX,No,0.1232,Low Risk,19.7,220.35,2.43,Month-to-month,12,0-12 months,Low Value,Low-Med Value / Low Risk,1,No
8203-XJZRC,No,0.1923,Low Risk,20.25,20.25,3.89,Month-to-month,1,0-12 months,Low Value,Low-Med Value / Low Risk,1,No
6556-DBKZF,No,0.0311,Low Risk,76.05,5436.45,2.37,Two year,71,49+ months,High Value,High Value / Low Risk,3,Fiber optic
6851-WEFYX,No,0.6798,High Risk,100.8,3437.5,68.53,Month-to-month,35,25-48 months,Medium Value,Low-Med Value / High Risk,6,Fiber optic
2985-JUUBZ,No,0.3239,Medium Risk,74.55,3015.75,24.14,Month-to-month,40,25-48 months,Medium Value,Low-Med Value / Low Risk,6,DSL
6390-DSAZX,Yes,0.4787,Medium Risk,73.6,73.6,35.23,Month-to-month,1,0-12 months,Low Value,Low-Med Value / Low Risk,3,Fiber optic
0895-LMRSF,No,0.2092,Low Risk,64.9,1509.8,13.57,One year,23,13-24 months,Medium Value,Low-Med Value / Low Risk,4,DSL
8098-LLAZX,Yes,0.8372,Critical Risk,95.45,396.1,79.91,Month-to-month,4,0-12 months,Low Value,Low-Med Value / High Risk,5,Fiber optic
8266-VBFQL,No,0.6413,High Risk,90.4,356.65,57.97,Month-to-month,4,0-12 months,Low Value,Low-Med Value / High Risk,5,Fiber optic
8181-YHCMF,No,0.0129,Low Risk,60.3,4109.0,0.78,Two year,68,49+ months,High Value,High Value / Low Risk,6,DSL
2240-HSJQD,No,0.3173,Medium Risk,81.85,3141.7,25.97,Month-to-month,38,25-48 months,Medium Value,Low-Med Value / Low Risk,4,Fiber optic
1248-DYXUB,No,0.0067,Low Risk,24.8,1229.1,0.17,Two year,52,49+ months,Medium Value,Low-Med Value / Low Risk,2,No
0265-EDXBD,Yes,0.565,High Risk,74.9,2303.35,42.32,Month-to-month,32,25-48 months,Medium Value,Low-Med Value / High Risk,3,Fiber optic
4115-BNPJY,No,0.0438,Low Risk,75.55,2054.4,3.31,Two year,29,25-48 months,Medium Value,Low-Med Value / Low Risk,6,DSL
3167-SNQPL,No,0.4836,Medium Risk,101.15,3741.85,48.92,Month-to-month,38,25-48 months,Medium Value,Low-Med Value / Low Risk,6,Fiber optic
4091-TVOCN,No,0.0738,Low Risk,78.75,3682.45,5.81,One year,48,25-48 months,Medium Value,Low-Med Value / Low Risk,7,DSL
1098-TDVUQ,No,0.2431,Low Risk,19.25,19.25,4.68,Month-to-month,1,0-12 months,Low Value,Low-Med Value / Low Risk,1,No
7277-OZCGZ,No,0.4101,Medium Risk,89.05,1886.25,36.52,Month-to-month,22,13-24 months,Medium Value,Low-Med Value / Low Risk,5,Fiber optic
1557-EMYVT,No,0.0704,Low Risk,115.05,4895.1,8.1,Two year,43,25-48 months,High Value,High Value / Low Risk,9,Fiber optic
2799-ARNLO,No,0.7089,High Risk,69.35,341.6,49.17,Month-to-month,5,0-12 months,Low Value,Low-Med Value / High Risk,2,Fiber optic
7563-BIUPC,Yes,0.723,High Risk,80.6,415.55,58.28,Month-to-month,5,0-12 months,Medium Value,Low-Med Value / High Risk,3,Fiber optic
5027-YOCXN,No,0.0901,Low Risk,110.05,5686.4,9.91,One year,51,49+ months,High Value,High Value / Low Risk,8,Fiber optic
3973-SKMLN,No,0.0031,Low Risk,19.9,1355.1,0.06,Two year,71,49+ months,Medium Value,Low-Med Value / Low Risk,1,No
2321-OMBXY,Yes,0.0337,Low Risk,80.3,3058.65,2.71,One year,38,25-48 months,Medium Value,Low-Med Value / Low Risk,7,DSL
2840-XANRC,Yes,0.6893,High Risk,93.15,2231.05,64.21,Month-to-month,24,13-24 months,Medium Value,Low-Med Value / High Risk,5,Fiber optic
6745-JEFZB,No,0.3962,Medium Risk,91.5,3236.35,36.26,Month-to-month,35,25-48 months,Medium Value,Low-Med Value / Low Risk,5,Fiber optic
5020-ZSTTY,Yes,0.0411,Low Risk,82.45,4350.1,3.39,One year,54,49+ months,High Value,High Value / Low Risk,8,DSL
9880-TDQAC,No,0.0238,Low Risk,60.0,4264.0,1.43,Two year,72,49+ months,High Value,High Value / Low Risk,6,DSL
8705-WZCYL,No,0.5215,High Risk,44.8,44.8,23.36,Month-to-month,1,0-12 months,Low Value,Low-Med Value / High Risk,2,DSL
7102-JJVTX,No,0.0964,Low Risk,48.6,422.3,4.68,One year,9,0-12 months,Medium Value,Low-Med Value / Low Risk,3,DSL
8626-PTQGE,No,0.016,Low Risk,60.05,4176.7,0.96,Two year,69,49+ months,High Value,High Value / Low Risk,6,DSL
4983-CLMLV,No,0.3192,Medium Risk,102.7,5138.1,32.78,Month-to-month,52,49+ months,High Value,High Value / Low Risk,7,Fiber optic
5701-YVSVF,No,0.6406,High Risk,82.9,880.05,53.11,Month-to-month,11,0-12 months,Medium Value,Low-Med Value / High Risk,4,Fiber optic
5804-LEPIM,Yes,0.7226,High Risk,70.35,139.05,50.84,Month-to-month,2,0-12 months,Low Value,Low-Med Value / High Risk,2,Fiber optic
5697-GOMBF,No,0.4015,Medium Risk,35.9,973.65,14.41,Month-to-month,28,25-48 months,Medium Value,Low-Med Value / Low Risk,2,DSL
2739-CACDQ,No,0.5707,High Risk,82.65,1470.05,47.17,Month-to-month,17,13-24 months,Medium Value,Low-Med Value / High Risk,4,Fiber optic
9385-EHGDO,No,0.0151,Low Risk,19.85,739.35,0.3,Two year,35,25-48 months,Medium Value,Low-Med Value / Low Risk,1,No
9498-FIMXL,No,0.1108,Low Risk,19.2,161.95,2.13,One year,8,0-12 months,Low Value,Low-Med Value / Low Risk,1,No
2379-GYFLQ,No,0.2256,Low Risk,94.9,4422.95,21.41,One year,46,25-48 months,High Value,High Value / Low Risk,6,Fiber optic
0122-OAHPZ,Yes,0.7222,High Risk,73.85,511.25,53.33,Month-to-month,7,0-12 months,Medium Value,Low-Med Value / High Risk,3,Fiber optic
2868-SNELZ,Yes,0.5919,High Risk,80.6,155.8,47.71,Month-to-month,2,0-12 months,Low Value,Low-Med Value / High Risk,4,Fiber optic
4322-RCYMT,Yes,0.0292,Low Risk,75.8,5293.95,2.22,One year,68,49+ months,High Value,High Value / Low Risk,7,DSL
6680-NENYN,Yes,0.2661,Medium Risk,104.6,4759.85,27.83,Two year,43,25-48 months,High Value,High Value / Low Risk,7,Fiber optic
2088-IEBAU,No,0.0284,Low Risk,88.15,6148.45,2.5,Two year,68,49+ months,High Value,High Value / Low Risk,9,DSL
7982-VCELR,No,0.4323,Medium Risk,94.8,3565.65,40.98,Month-to-month,36,25-48 months,Medium Value,Low-Med Value / Low Risk,5,Fiber optic
1343-EHPYB,Yes,0.4451,Medium Risk,103.4,6603.0,46.02,Month-to-month,63,49+ months,High Value,High Value / Low Risk,7,Fiber optic
6035-BXTTY,No,0.0946,Low Risk,54.65,1830.1,5.17,Month-to-month,32,25-48 months,Medium Value,Low-Med Value / Low Risk,4,DSL
6885-PKOAM,No,0.0122,Low Risk,85.75,6223.8,1.05,Two year,71,49+ months,High Value,High Value / Low Risk,9,DSL
7520-HQWJU,No,0.0387,Low Risk,67.45,4508.65,2.61,Month-to-month,66,49+ months,High Value,High Value / Low Risk,6,DSL
9639-BUJXT,No,0.0067,Low Risk,20.5,1328.15,0.14,One year,63,49+ months,Medium Value,Low-Med Value / Low Risk,1,No
5924-SNGKP,No,0.0188,Low Risk,20.25,865.0,0.38,One year,41,25-48 months,Medium Value,Low-Med Value / Low Risk,1,No
0021-IKXGC,No,0.7918,Critical Risk,72.1,72.1,57.09,Month-to-month,1,0-12 months,Low Value,Low-Med Value / High Risk,3,Fiber optic
2034-GDRCN,Yes,0.7787,Critical Risk,90.4,168.2,70.39,Month-to-month,2,0-12 months,Low Value,Low-Med Value / High Risk,4,Fiber optic
8966-SNIZF,No,0.0024,Low Risk,19.45,1303.5,0.05,Two year,70,49+ months,Medium Value,Low-Med Value / Low Risk,1,No
6243-OZGFH,No,0.5396,High Risk,44.95,996.85,24.25,Month-to-month,23,13-24 months,Medium Value,Low-Med Value / High Risk,3,DSL
4654-DLAMQ,No,0.0677,Low Risk,97.0,6430.9,6.57,One year,64,49+ months,High Value,High Value / Low Risk,6,Fiber optic
0513-RBGPE,No,0.024,Low Risk,62.8,2278.75,1.5,Two year,37,25-48 months,Medium Value,Low-Med Value / Low Risk,6,DSL
5160-UXJED,No,0.1017,Low Risk,44.6,681.4,4.53,One year,17,13-24 months,Medium Value,Low-Med Value / Low Risk,2,DSL
4115-NZRKS,No,0.7797,Critical Risk,89.15,574.35,69.51,Month-to-month,7,0-12 months,Medium Value,Low-Med Value / High Risk,4,Fiber optic
0219-YTZUE,Yes,0.5685,High Risk,84.8,371.9,48.21,Month-to-month,4,0-12 months,Low Value,Low-Med Value / High Risk,5,Fiber optic
0623-IIHUG,Yes,0.4227,Medium Risk,41.9,840.1,17.71,Month-to-month,21,13-24 months,Medium Value,Low-Med Value / Low Risk,3,DSL
4572-DVCGN,Yes,0.6011,High Risk,80.25,846.0,48.24,Month-to-month,10,0-12 months,Medium Value,Low-Med Value / High Risk,3,Fiber optic
3351-NGXYI,No,0.38,Medium Risk,54.1,889.0,20.56,Month-to-month,16,13-24 months,Medium Value,Low-Med Value / Low Risk,4,DSL
8984-EYLLL,No,0.1288,Low Risk,105.25,6823.4,13.55,Two year,64,49+ months,High Value,High Value / Low Risk,7,Fiber optic
9057-MSWCO,Yes,0.172,Low Risk,30.75,805.1,5.29,Month-to-month,27,25-48 months,Medium Value,Low-Med Value / Low Risk,2,DSL
9833-TGFHX,No,0.2282,Low Risk,97.1,4016.75,22.15,One year,42,25-48 months,High Value,High Value / Low Risk,6,Fiber optic
9294-TDIPC,No,0.1358,Low Risk,20.2,83.75,2.74,Month-to-month,5,0-12 months,Low Value,Low-Med Value / Low Risk,1,No
5229-DTFYB,No,0.1108,Low Risk,98.8,3959.15,10.95,Two year,41,25-48 months,High Value,High Value / Low Risk,6,Fiber optic
0104-PPXDV,No,0.0247,Low Risk,50.3,2878.55,1.24,One year,58,49+ months,Medium Value,Low-Med Value / Low Risk,3,DSL
5176-LMJXE,No,0.0104,Low Risk,20.55,945.7,0.21,Two year,47,25-48 months,Medium Value,Low-Med Value / Low Risk,1,No
3583-KRKMD,No,0.3862,Medium Risk,75.9,1373.05,29.31,Month-to-month,18,13-24 months,Medium Value,Low-Med Value / Low Risk,3,Fiber optic
1010-DIAUQ,Yes,0.596,High Risk,96.5,492.55,57.52,Month-to-month,5,0-12 months,Medium Value,Low-Med Value / High Risk,5,Fiber optic
9069-LGEUL,No,0.2158,Low Risk,59.95,1406.0,12.94,Month-to-month,23,13-24 months,Medium Value,Low-Med Value / Low Risk,4,DSL
7302-ZHMHP,No,0.1921,Low Risk,19.15,19.15,3.68,Month-to-month,1,0-12 months,Low Value,Low-Med Value / Low Risk,1,No
9571-EDEBV,No,0.1854,Low Risk,98.65,6962.85,18.29,One year,71,49+ months,High Value,High Value / Low Risk,6,Fiber optic
3520-FJGCV,No,0.0438,Low Risk,112.6,8126.65,4.94,Two year,72,49+ months,High Value,High Value / Low Risk,9,Fiber optic
6563-VRERX,No,0.0215,Low Risk,20.6,690.25,0.44,One year,33,25-48 months,Medium Value,Low-Med Value / Low Risk,1,No
0259-GBZSH,Yes,0.7929,Critical Risk,85.65,181.5,67.91,Month-to-month,2,0-12 months,Low Value,Low-Med Value / High Risk,4,Fiber optic
6122-EFVKN,No,0.0323,Low Risk,35.75,830.8,1.15,Two year,24,13-24 months,Medium Value,Low-Med Value / Low Risk,3,DSL
2805-EDJPQ,No,0.1122,Low Risk,99.75,5608.4,11.2,One year,56,49+ months,High Value,High Value / Low Risk,7,Fiber optic
6862-CQUMB,No,0.4238,Medium Risk,96.1,3646.8,40.72,Month-to-month,37,25-48 months,Medium Value,Low-Med Value / Low Risk,5,Fiber optic
7156-MXBJE,No,0.0695,Low Risk,85.1,3662.25,5.92,One year,43,25-48 months,Medium Value,Low-Med Value / Low Risk,8,DSL
6158-HDPXZ,No,0.4874,Medium Risk,25.35,25.35,12.36,Month-to-month,1,0-12 months,Low Value,Low-Med Value / Low Risk,1,DSL
9601-BRXPO,Yes,0.5388,High Risk,104.95,2566.5,56.55,Month-to-month,25,25-48 months,Medium Value,Low-Med Value / High Risk,7,Fiber optic
2863-IMQDR,No,0.0226,Low Risk,89.65,5308.7,2.02,Two year,61,49+ months,High Value,High Value / Low Risk,9,DSL
5686-CMAWK,No,0.2979,Medium Risk,86.75,1410.25,25.84,One year,17,13-24 months,Medium Value,Low-Med Value / Low Risk,5,Fiber optic
5651-CRHKQ,No,0.1094,Low Risk,86.2,3339.05,9.43,One year,41,25-48 months,Medium Value,Low-Med Value / Low Risk,5,Fiber optic
6905-NIQIN,Yes,0.3129,Medium Risk,50.65,50.65,15.85,Month-to-month,1,0-12 months,Low Value,Low-Med Value / Low Risk,3,DSL
8204-YJCLA,No,0.0142,Low Risk,64.8,4732.35,0.92,Two year,72,49+ months,High Value,High Value / Low Risk,7,DSL
5167-ZFFMM,Yes,0.6846,High Risk,90.85,90.85,62.2,Month-to-month,1,0-12 months,Low Value,Low-Med Value / High Risk,5,Fiber optic
6583-SZVGP,No,0.1652,Low Risk,108.1,5067.45,17.85,Two year,48,25-48 months,High Value,High Value / Low Risk,7,Fiber optic
4895-TMWIR,Yes,0.1505,Low Risk,19.95,214.75,3.0,Month-to-month,11,0-12 months,Low Value,Low-Med Value / Low Risk,1,No
0533-BNWKF,Yes,0.3622,Medium Risk,85.45,4874.7,30.95,Month-to-month,55,49+ months,High Value,High Value / Low Risk,5,Fiber optic
1708-PBBOA,No,0.0811,Low Risk,54.75,2348.45,4.44,One year,42,25-48 months,Medium Value,Low-Med Value / Low Risk,6,DSL
8782-LKFPK,No,0.4372,Medium Risk,90.4,4063.0,39.52,Month-to-month,44,25-48 months,High Value,High Value / Low Risk,5,Fiber optic
5522-JBWMO,No,0.3786,Medium Risk,44.0,44.0,16.66,Month-to-month,1,0-12 months,Low Value,Low-Med Value / Low Risk,2,DSL
3597-MVHJT,No,0.6098,High Risk,95.6,2595.25,58.3,Month-to-month,27,25-48 months,Medium Value,Low-Med Value / High Risk,5,Fiber optic
9774-NRNAU,No,0.3097,Medium Risk,84.8,2309.55,26.26,Month-to-month,27,25-48 months,Medium Value,Low-Med Value / Low Risk,8,DSL
0224-RLWWD,No,0.5445,High Risk,44.3,89.3,24.12,Month-to-month,2,0-12 months,Low Value,Low-Med Value / High Risk,2,DSL
9967-ATRFS,No,0.092,Low Risk,19.9,367.55,1.83,Month-to-month,19,13-24 months,Low Value,Low-Med Value / Low Risk,1,No
3951-NJCVI,No,0.6339,High Risk,95.05,3944.5,60.25,Month-to-month,42,25-48 months,High Value,High Value / High Risk,5,Fiber optic
2977-CEBSX,No,0.0194,Low Risk,90.05,5965.95,1.74,Two year,66,49+ months,High Value,High Value / Low Risk,9,DSL
0177-PXBAT,No,0.4375,Medium Risk,109.9,3694.7,48.08,Month-to-month,33,25-48 months,Medium Value,Low-Med Value / Low Risk,8,Fiber optic
6599-CEBNN,Yes,0.3022,Medium Risk,73.95,2524.45,22.34,Month-to-month,34,25-48 months,Medium Value,Low-Med Value / Low Risk,3,Fiber optic
2519-ERQOJ,No,0.3983,Medium Risk,54.6,1803.7,21.75,Month-to-month,33,25-48 months,Medium Value,Low-Med Value / Low Risk,5,DSL
5876-QMYLD,No,0.0329,Low Risk,20.05,415.1,0.66,One year,23,13-24 months,Medium Value,Low-Med Value / Low Risk,1,No
2277-AXSDC,No,0.0253,Low Risk,19.75,624.15,0.5,One year,32,25-48 months,Medium Value,Low-Med Value / Low Risk,1,No
9442-JTWDL,No,0.0625,Low Risk,20.05,237.7,1.25,One year,11,0-12 months,Low Value,Low-Med Value / Low Risk,1,No
0979-PHULV,Yes,0.2854,Medium Risk,99.45,7007.6,28.38,Month-to-month,69,49+ months,High Value,High Value / Low Risk,6,Fiber optic
3067-SVMTC,No,0.0089,Low Risk,55.9,3848.8,0.5,One year,68,49+ months,High Value,High Value / Low Risk,4,DSL
5495-GPSRW,No,0.037,Low Risk,19.7,419.4,0.73,Two year,20,13-24 months,Medium Value,Low-Med Value / Low Risk,1,No
7606-BPHHN,No,0.0031,Low Risk,19.8,1468.75,0.06,Two year,72,49+ months,Medium Value,Low-Med Value / Low Risk,1,No
4742-DRORA,No,0.1138,Low Risk,95.4,5812.0,10.86,One year,60,49+ months,High Value,High Value / Low Risk,6,Fiber optic
0111-KLBQG,No,0.4621,Medium Risk,93.95,2861.45,43.41,Month-to-month,32,25-48 months,Medium Value,Low-Med Value / Low Risk,5,Fiber optic
4800-VHZKI,Yes,0.2535,Medium Risk,19.9,19.9,5.04,Month-to-month,1,0-12 months,Low Value,Low-Med Value / Low Risk,1,No
7989-CHGTL,Yes,0.2584,Medium Risk,19.6,19.6,5.07,Month-to-month,1,0-12 months,Low Value,Low-Med Value / Low Risk,1,No
0334-GDDSO,Yes,0.7387,High Risk,81.35,233.7,60.09,Month-to-month,3,0-12 months,Low Value,Low-Med Value / High Risk,4,Fiber optic
4163-NCJAK,No,0.0271,Low Risk,24.45,1066.15,0.66,One year,46,25-48 months,Medium Value,Low-Med Value / Low Risk,2,No
5233-AOZUF,No,0.553,High Risk,74.95,2149.05,41.45,Month-to-month,29,25-48 months,Medium Value,Low-Med Value / High Risk,3,Fiber optic
5973-EJGDP,No,0.2847,Medium Risk,87.35,4473.0,24.87,Month-to-month,51,49+ months,High Value,High Value / Low Risk,6,Fiber optic
1996-DBMUS,No,0.2757,Medium Risk,70.65,3545.05,19.48,Month-to-month,48,25-48 months,Medium Value,Low-Med Value / Low Risk,2,Fiber optic
7916-VCCPB,No,0.3206,Medium Risk,73.25,1195.75,23.49,Month-to-month,16,13-24 months,Medium Value,Low-Med Value / Low Risk,3,Fiber optic
4686-GEFRM,No,0.056,Low Risk,98.7,6858.9,5.53,Two year,70,49+ months,High Value,High Value / Low Risk,7,Fiber optic
5249-QYHEX,No,0.0165,Low Risk,24.8,1024.7,0.41,Two year,40,25-48 months,Medium Value,Low-Med Value / Low Risk,2,No
0578-SKVMF,Yes,0.4236,Medium Risk,83.3,1845.9,35.28,Month-to-month,22,13-24 months,Medium Value,Low-Med Value / Low Risk,4,Fiber optic
5564-NEMQO,Yes,0.6393,High Risk,75.3,75.3,48.14,Month-to-month,1,0-12 months,Low Value,Low-Med Value / High Risk,3,Fiber optic
2233-FAGXV,No,0.2372,Low Risk,24.3,132.25,5.76,Month-to-month,5,0-12 months,Low Value,Low-Med Value / Low Risk,2,No
5605-IYGFG,No,0.5681,High Risk,69.85,515.45,39.68,Month-to-month,7,0-12 months,Medium Value,Low-Med Value / High Risk,2,Fiber optic
7663-ZTEGJ,No,0.152,Low Risk,100.55,2830.45,15.29,One year,29,25-48 months,Medium Value,Low-Med Value / Low Risk,7,Fiber optic
3935-TBRZZ,No,0.018,Low Risk,25.7,1110.5,0.46,One year,44,25-48 months,Medium Value,Low-Med Value / Low Risk,2,No
8111-BKVDS,No,0.2401,Low Risk,40.7,449.3,9.77,Month-to-month,10,0-12 months,Medium Value,Low-Med Value / Low Risk,4,DSL
2055-SIFSS,No,0.0849,Low Risk,51.65,2838.55,4.38,Month-to-month,55,49+ months,Medium Value,Low-Med Value / Low Risk,3,DSL
2806-MLNTI,No,0.2893,Medium Risk,105.1,5376.4,30.41,One year,52,49+ months,High Value,High Value / Low Risk,7,Fiber optic
8734-DKSTZ,No,0.6201,High Risk,85.95,858.6,53.3,Month-to-month,10,0-12 months,Medium Value,Low-Med Value / High Risk,4,Fiber optic
4360-PNRQB,No,0.5519,High Risk,75.6,1395.05,41.72,Month-to-month,18,13-24 months,Medium Value,Low-Med Value / High Risk,3,Fiber optic
6152-ONASV,No,0.0127,Low Risk,58.25,3975.7,0.74,One year,68,49+ months,High Value,High Value / Low Risk,5,DSL
9063-ZGTUY,Yes,0.0167,Low Risk,19.4,1182.55,0.32,Month-to-month,61,49+ months,Medium Value,Low-Med Value / Low Risk,1,No
7781-HVGMK,No,0.0117,Low Risk,65.2,4784.45,0.76,Two year,72,49+ months,High Value,High Value / Low Risk,7,DSL
2181-UAESM,No,0.318,Medium Risk,53.45,119.5,17.0,Month-to-month,2,0-12 months,Low Value,Low-Med Value / Low Risk,4,DSL
2957-LOLHO,Yes,0.3194,Medium Risk,45.4,518.9,14.5,Month-to-month,12,0-12 months,Medium Value,Low-Med Value / Low Risk,2,DSL
6048-NJXHX,No,0.02,Low Risk,19.75,899.45,0.4,Two year,41,25-48 months,Medium Value,Low-Med Value / Low Risk,1,No
2320-SLKMB,No,0.2693,Medium Risk,44.45,1183.8,11.97,Month-to-month,26,25-48 months,Medium Value,Low-Med Value / Low Risk,4,DSL
4980-URKXC,No,0.0217,Low Risk,20.85,720.05,0.45,One year,36,25-48 months,Medium Value,Low-Med Value / Low Risk,1,No
4376-KFVRS,No,0.0462,Low Risk,114.05,8468.2,5.26,Two year,72,49+ months,High Value,High Value / Low Risk,9,Fiber optic
5886-VLQVU,No,0.408,Medium Risk,89.85,3161.2,36.66,Month-to-month,35,25-48 months,Medium Value,Low-Med Value / Low Risk,5,Fiber optic
3577-AMVUX,No,0.2655,Medium Risk,55.05,55.05,14.62,Month-to-month,1,0-12 months,Low Value,Low-Med Value / Low Risk,4,DSL
0771-WLCLA,No,0.5324,High Risk,112.95,1882.55,60.13,Month-to-month,16,13-24 months,Medium Value,Low-Med Value / High Risk,8,Fiber optic
5628-RKIFK,No,0.3083,Medium Risk,101.55,5070.4,31.31,Month-to-month,49,49+ months,High Value,High Value / Low Risk,6,Fiber optic
0206-TBWLC,No,0.1496,Low Risk,114.65,6049.5,17.16,One year,54,49+ months,High Value,High Value / Low Risk,9,Fiber optic
2937-FTHUR,No,0.2571,Medium Risk,64.8,1166.7,16.66,Month-to-month,18,13-24 months,Medium Value,Low-Med Value / Low Risk,5,DSL
1910-FMXJM,No,0.4002,Medium Risk,80.4,2937.65,32.18,Month-to-month,36,25-48 months,Medium Value,Low-Med Value / Low Risk,3,Fiber optic
7752-XUSCI,Yes,0.4498,Medium Risk,105.9,6396.45,47.64,Month-to-month,60,49+ months,High Value,High Value / Low Risk,7,Fiber optic
4110-PFEUZ,Yes,0.5449,High Risk,69.55,69.55,37.89,Month-to-month,1,0-12 months,Low Value,Low-Med Value / High Risk,2,Fiber optic
0732-OCQOC,No,0.0089,Low Risk,25.05,1270.25,0.22,Two year,52,49+ months,Medium Value,Low-Med Value / Low Risk,2,No
5168-MSWXT,No,0.7054,High Risk,94.75,759.55,66.84,Month-to-month,8,0-12 months,Medium Value,Low-Med Value / High Risk,5,Fiber optic
1090-ESELR,No,0.0213,Low Risk,105.5,7611.55,2.24,Two year,72,49+ months,High Value,High Value / Low Risk,7,Fiber optic
8592-PLTMQ,No,0.009,Low Risk,24.7,1642.75,0.22,One year,64,49+ months,Medium Value,Low-Med Value / Low Risk,2,No
5760-WRAHC,No,0.1897,Low Risk,69.75,1545.4,13.23,Month-to-month,22,13-24 months,Medium Value,Low-Med Value / Low Risk,6,DSL
8847-GEOOQ,No,0.112,Low Risk,60.2,3582.4,6.74,Month-to-month,60,49+ months,Medium Value,Low-Med Value / Low Risk,6,DSL
0256-LTHVJ,Yes,0.4928,Medium Risk,81.05,2227.1,39.94,Month-to-month,28,25-48 months,Medium Value,Low-Med Value / Low Risk,3,Fiber optic
4785-FCIFB,No,0.0055,Low Risk,24.4,1417.9,0.13,Two year,61,49+ months,Medium Value,Low-Med Value / Low Risk,2,No
8313-NDOIA,No,0.6818,High Risk,104.15,2494.65,71.01,Month-to-month,24,13-24 months,Medium Value,Low-Med Value / High Risk,7,Fiber optic
5149-CUZUJ,No,0.1346,Low Risk,92.9,2768.35,12.5,One year,28,25-48 months,Medium Value,Low-Med Value / Low Risk,6,Fiber optic
0942-KOWSM,No,0.0346,Low Risk,80.8,2369.3,2.79,Two year,30,25-48 months,Medium Value,Low-Med Value / Low Risk,7,DSL
4237-CLSMM,No,0.1889,Low Risk,20.0,38.0,3.78,Month-to-month,2,0-12 months,Low Value,Low-Med Value / Low Risk,1,No
1452-VOQCH,No,0.7611,Critical Risk,75.1,75.1,57.16,Month-to-month,1,0-12 months,Low Value,Low-Med Value / High Risk,3,Fiber optic
4719-UMSIY,No,0.1315,Low Risk,19.65,100.9,2.58,Month-to-month,6,0-12 months,Low Value,Low-Med Value / Low Risk,1,No
6614-VBEGU,No,0.3026,Medium Risk,69.45,1614.05,21.02,Month-to-month,24,13-24 months,Medium Value,Low-Med Value / Low Risk,5,DSL
0880-TKATG,Yes,0.707,High Risk,101.15,385.9,71.51,Month-to-month,4,0-12 months,Low Value,Low-Med Value / High Risk,6,Fiber optic
3811-VBYBZ,Yes,0.7789,Critical Risk,99.8,673.25,77.73,Month-to-month,7,0-12 months,Medium Value,Low-Med Value / High Risk,6,Fiber optic
1480-BKXGA,No,0.0647,Low Risk,116.05,8404.9,7.51,Two year,72,49+ months,High Value,High Value / Low Risk,9,Fiber optic
2996-XAUVF,No,0.0173,Low Risk,40.05,2799.75,0.69,Two year,70,49+ months,Medium Value,Low-Med Value / Low Risk,3,DSL
9076-AXYIK,No,0.1179,Low Risk,102.1,6538.45,12.03,Two year,64,49+ months,High Value,High Value / Low Risk,7,Fiber optic
5968-XQIVE,No,0.1418,Low Risk,89.7,6588.95,12.72,One year,72,49+ months,High Value,High Value / Low Risk,5,Fiber optic
8896-RAZCR,No,0.0067,Low Risk,19.9,868.1,0.13,Two year,44,25-48 months,Medium Value,Low-Med Value / Low Risk,1,No
4640-UHDOS,Yes,0.3179,Medium Risk,55.95,734.35,17.79,Month-to-month,13,13-24 months,Medium Value,Low-Med Value / Low Risk,3,DSL
4933-IKULF,No,0.0598,Low Risk,20.65,330.6,1.24,One year,17,13-24 months,Low Value,Low-Med Value / Low Risk,1,No
3583-EKAPL,Yes,0.5755,High Risk,55.0,55.0,31.66,Month-to-month,1,0-12 months,Low Value,Low-Med Value / High Risk,3,DSL
1304-BCCFO,No,0.4747,Medium Risk,70.05,564.4,33.25,Month-to-month,9,0-12 months,Medium Value,Low-Med Value / Low Risk,5,DSL
4104-PVRPS,No,0.0965,Low Risk,53.6,1315.35,5.17,Month-to-month,24,13-24 months,Medium Value,Low-Med Value / Low Risk,4,DSL
9399-APLBT,Yes,0.6174,High Risk,74.7,74.7,46.12,Month-to-month,1,0-12 months,Low Value,Low-Med Value / High Risk,3,Fiber optic
2359-KMGLI,Yes,0.5545,High Risk,80.25,1861.5,44.5,Month-to-month,24,13-24 months,Medium Value,Low-Med Value / High Risk,4,Fiber optic
3780-DDGSE,No,0.228,Low Risk,76.05,2747.2,17.34,Month-to-month,35,25-48 months,Medium Value,Low-Med Value / Low Risk,6,DSL
4431-EDMIQ,No,0.2411,Low Risk,75.7,554.05,18.25,Month-to-month,7,0-12 months,Medium Value,Low-Med Value / Low Risk,7,DSL
0306-JAELE,Yes,0.6905,High Risk,96.1,453.4,66.36,Month-to-month,5,0-12 months,Medium Value,Low-Med Value / High Risk,5,Fiber optic
6227-HWPWX,Yes,0.3534,Medium Risk,69.0,994.8,24.38,Month-to-month,15,13-24 months,Medium Value,Low-Med Value / Low Risk,2,Fiber optic
0486-LGCCH,No,0.0317,Low Risk,19.65,225.75,0.62,Two year,11,0-12 months,Low Value,Low-Med Value / Low Risk,1,No
0447-BEMNG,Yes,0.1293,Low Risk,45.3,2145.0,5.86,Month-to-month,48,25-48 months,Medium Value,Low-Med Value / Low Risk,4,DSL
4612-SSVHJ,No,0.6442,High Risk,81.45,1671.6,52.47,Month-to-month,20,13-24 months,Medium Value,Low-Med Value / High Risk,3,Fiber optic
5168-MQQCA,No,0.1391,Low Risk,108.5,8003.8,15.09,One year,72,49+ months,High Value,High Value / Low Risk,8,Fiber optic
5949-XIKAE,Yes,0.6229,High Risk,83.55,680.05,52.05,Month-to-month,8,0-12 months,Medium Value,Low-Med Value / High Risk,4,Fiber optic
7971-HLVXI,No,0.0585,Low Risk,84.5,6130.85,4.94,Two year,72,49+ months,High Value,High Value / Low Risk,4,Fiber optic
9094-AZPHK,No,0.7303,High Risk,100.15,1415.0,73.14,Month-to-month,15,13-24 months,Medium Value,Low-Med Value / High Risk,6,Fiber optic
3649-JPUGY,No,0.0229,Low Risk,88.6,6201.95,2.03,Two year,72,49+ months,High Value,High Value / Low Risk,8,DSL
4472-LVYGI,No,0.1281,Low Risk,52.55,0.0,6.73,Two year,0,0-12 months,Low Value,Low-Med Value / Low Risk,5,DSL
8372-JUXUI,Yes,0.7203,High Risk,74.35,74.35,53.55,Month-to-month,1,0-12 months,Low Value,Low-Med Value / High Risk,3,Fiber optic
3552-CTCYF,No,0.1018,Low Risk,104.8,6597.25,10.67,Two year,63,49+ months,High Value,High Value / Low Risk,7,Fiber optic
6778-YSNIH,No,0.522,High Risk,59.0,114.15,30.8,Month-to-month,2,0-12 months,Low Value,Low-Med Value / High Risk,4,DSL
0388-EOPEX,Yes,0.6045,High Risk,74.4,139.4,44.97,Month-to-month,2,0-12 months,Low Value,Low-Med Value / High Risk,3,Fiber optic
5756-OZRIO,No,0.0467,Low Risk,64.05,3902.6,2.99,One year,61,49+ months,High Value,High Value / Low Risk,5,DSL
6579-JPICP,No,0.1918,Low Risk,20.4,20.4,3.91,Month-to-month,1,0-12 months,Low Value,Low-Med Value / Low Risk,1,No
8205-OTCHB,Yes,0.2177,Low Risk,43.75,903.6,9.52,One year,22,13-24 months,Medium Value,Low-Med Value / Low Risk,4,DSL
4134-BSXLX,No,0.0724,Low Risk,60.9,1785.65,4.41,Month-to-month,28,25-48 months,Medium Value,Low-Med Value / Low Risk,5,DSL
0505-SPOOW,No,0.0024,Low Risk,19.8,1397.65,0.05,Two year,70,49+ months,Medium Value,Low-Med Value / Low Risk,1,No
6235-VDHOM,Yes,0.5159,High Risk,28.45,131.05,14.68,Month-to-month,5,0-12 months,Low Value,Low-Med Value / High Risk,2,DSL
7783-YKGDV,Yes,0.5119,High Risk,99.7,1238.45,51.03,Month-to-month,12,0-12 months,Medium Value,Low-Med Value / High Risk,7,Fiber optic
4374-YMUSQ,No,0.152,Low Risk,116.25,3899.05,17.68,One year,34,25-48 months,High Value,High Value / Low Risk,9,Fiber optic
4513-CXYIX,No,0.0411,Low Risk,80.7,5676.0,3.31,Two year,71,49+ months,High Value,High Value / Low Risk,4,Fiber optic
3957-HHLMR,No,0.0182,Low Risk,65.2,4543.15,1.18,One year,70,49+ months,High Value,High Value / Low Risk,5,DSL
7803-XOCCZ,No,0.1019,Low Risk,84.05,4326.8,8.56,Month-to-month,52,49+ months,High Value,High Value / Low Risk,5,Fiber optic
5736-YEJAX,No,0.0099,Low Risk,79.45,5502.55,0.79,Two year,69,49+ months,High Value,High Value / Low Risk,8,DSL
5609-CEBID,Yes,0.6741,High Risk,94.1,1782.4,63.43,Month-to-month,20,13-24 months,Medium Value,Low-Med Value / High Risk,6,Fiber optic
8981-FJGLA,No,0.5706,High Risk,78.0,851.8,44.51,Month-to-month,11,0-12 months,Medium Value,Low-Med Value / High Risk,4,Fiber optic
7218-HKQFK,Yes,0.72,High Risk,94.2,167.5,67.83,Month-to-month,2,0-12 months,Low Value,Low-Med Value / High Risk,5,Fiber optic
4636-QRJKY,Yes,0.5971,High Risk,80.5,502.85,48.07,Month-to-month,6,0-12 months,Medium Value,Low-Med Value / High Risk,4,Fiber optic
1135-LMECX,No,0.1902,Low Risk,19.85,19.85,3.78,Month-to-month,1,0-12 months,Low Value,Low-Med Value / Low Risk,1,No
4332-MUOEZ,No,0.137,Low Risk,94.3,1818.3,12.92,One year,20,13-24 months,Medium Value,Low-Med Value / Low Risk,6,Fiber optic
8535-SFUTN,No,0.3742,Medium Risk,106.45,6300.15,39.83,Month-to-month,61,49+ months,High Value,High Value / Low Risk,7,Fiber optic
5956-VKDTT,Yes,0.7638,Critical Risk,74.35,334.8,56.79,Month-to-month,5,0-12 months,Low Value,Low-Med Value / High Risk,3,Fiber optic
8677-HDZEE,No,0.3072,Medium Risk,105.45,5916.95,32.39,Month-to-month,56,49+ months,High Value,High Value / Low Risk,7,Fiber optic
2475-MROZF,No,0.2469,Low Risk,95.0,2852.4,23.45,Month-to-month,30,25-48 months,Medium Value,Low-Med Value / Low Risk,7,Fiber optic
9412-GHEEC,Yes,0.351,Medium Risk,104.8,4131.95,36.78,Month-to-month,40,25-48 months,High Value,High Value / Low Risk,7,Fiber optic
3482-ABPKK,No,0.0418,Low Risk,54.3,1546.3,2.27,One year,28,25-48 months,Medium Value,Low-Med Value / Low Risk,4,DSL
6705-LXORM,No,0.6222,High Risk,70.05,302.6,43.59,Month-to-month,5,0-12 months,Low Value,Low-Med Value / High Risk,2,Fiber optic
0257-ZESQC,Yes,0.3348,Medium Risk,75.2,1929.35,25.18,Month-to-month,27,25-48 months,Medium Value,Low-Med Value / Low Risk,3,Fiber optic
7531-GQHME,No,0.1149,Low Risk,20.05,265.45,2.3,Month-to-month,12,0-12 months,Low Value,Low-Med Value / Low Risk,1,No
5174-ITUMV,No,0.2164,Low Risk,105.4,6989.45,22.8,One year,67,49+ months,High Value,High Value / Low Risk,7,Fiber optic
4109-CYRBD,No,0.3538,Medium Risk,51.6,1442.0,18.26,Month-to-month,29,25-48 months,Medium Value,Low-Med Value / Low Risk,3,DSL
0913-XWSCN,No,0.2201,Low Risk,85.5,4713.4,18.82,Month-to-month,55,49+ months,High Value,High Value / Low Risk,4,Fiber optic
6825-UYPFK,Yes,0.4126,Medium Risk,75.6,1758.6,31.19,Month-to-month,23,13-24 months,Medium Value,Low-Med Value / Low Risk,3,Fiber optic
8397-MVTAZ,Yes,0.6643,High Risk,100.05,3480.0,66.46,Month-to-month,34,25-48 months,Medium Value,Low-Med Value / High Risk,6,Fiber optic
0750-EBAIU,No,0.1215,Low Risk,91.25,4738.3,11.08,One year,52,49+ months,High Value,High Value / Low Risk,5,Fiber optic
8606-CIQUL,No,0.0507,Low Risk,115.75,8399.15,5.87,Two year,72,49+ months,High Value,High Value / Low Risk,9,Fiber optic
3571-DPYUH,No,0.1046,Low Risk,94.7,5430.35,9.9,One year,58,49+ months,High Value,High Value / Low Risk,6,Fiber optic
7601-GNDYK,No,0.0106,Low Risk,19.6,686.95,0.21,Two year,35,25-48 months,Medium Value,Low-Med Value / Low Risk,1,No
0356-OBMAC,No,0.0915,Low Risk,99.9,5706.3,9.14,Two year,56,49+ months,High Value,High Value / Low Risk,7,Fiber optic
8067-NIOYM,No,0.0218,Low Risk,21.1,490.65,0.46,Two year,24,13-24 months,Medium Value,Low-Med Value / Low Risk,1,No
1403-GYAFU,No,0.0019,Low Risk,20.05,1360.25,0.04,Two year,70,49+ months,Medium Value,Low-Med Value / Low Risk,1,No
4234-XTNEA,No,0.7443,High Risk,79.95,174.45,59.51,Month-to-month,2,0-12 months,Low Value,Low-Med Value / High Risk,3,Fiber optic
1297-VQDRP,No,0.1481,Low Risk,107.15,7379.8,15.87,One year,68,49+ months,High Value,High Value / Low Risk,7,Fiber optic
9282-IZGQK,Yes,0.7961,Critical Risk,85.0,85.0,67.67,Month-to-month,1,0-12 months,Low Value,Low-Med Value / High Risk,4,Fiber optic
5348-CAGXB,No,0.7317,High Risk,89.55,1021.75,65.53,Month-to-month,12,0-12 months,Medium Value,Low-Med Value / High Risk,5,Fiber optic
0621-HJWXJ,No,0.1915,Low Risk,81.55,5029.05,15.62,Month-to-month,63,49+ months,High Value,High Value / Low Risk,4,Fiber optic
5844-QVTAT,No,0.0494,Low Risk,58.45,1955.4,2.89,One year,33,25-48 months,Medium Value,Low-Med Value / Low Risk,5,DSL
8905-IAZPF,No,0.1296,Low Risk,95.65,6744.2,12.4,One year,69,49+ months,High Value,High Value / Low Risk,5,Fiber optic
5394-MEITZ,No,0.02,Low Risk,80.6,4946.7,1.61,Two year,60,49+ months,High Value,High Value / Low Risk,7,DSL
6859-QNXIQ,No,0.0454,Low Risk,113.1,8248.5,5.13,Two year,72,49+ months,High Value,High Value / Low Risk,9,Fiber optic
2782-LFZVW,No,0.4728,Medium Risk,58.95,601.6,27.87,Month-to-month,11,0-12 months,Medium Value,Low-Med Value / Low Risk,4,DSL
2866-IKBTM,No,0.191,Low Risk,19.55,19.55,3.73,Month-to-month,1,0-12 months,Low Value,Low-Med Value / Low Risk,1,No
1342-JPNKI,Yes,0.6679,High Risk,86.05,834.1,57.47,Month-to-month,10,0-12 months,Medium Value,Low-Med Value / High Risk,4,Fiber optic
2817-NTQDO,Yes,0.2989,Medium Risk,45.55,597.0,13.62,Month-to-month,13,13-24 months,Medium Value,Low-Med Value / Low Risk,4,DSL
7129-AZJDE,No,0.2228,Low Risk,78.95,2647.2,17.59,One year,34,25-48 months,Medium Value,Low-Med Value / Low Risk,3,Fiber optic
6986-IJDHX,Yes,0.3053,Medium Risk,86.3,3266.0,26.35,Month-to-month,39,25-48 months,Medium Value,Low-Med Value / Low Risk,4,Fiber optic
2560-PPCHE,No,0.1463,Low Risk,105.05,6744.25,15.37,One year,65,49+ months,High Value,High Value / Low Risk,7,Fiber optic
4676-MQUEA,No,0.1823,Low Risk,101.9,5265.5,18.58,One year,50,49+ months,High Value,High Value / Low Risk,7,Fiber optic
8138-EALND,No,0.1116,Low Risk,19.75,311.6,2.2,Month-to-month,15,13-24 months,Low Value,Low-Med Value / Low Risk,1,No
3580-HYCSP,No,0.0599,Low Risk,110.3,7966.9,6.6,Two year,72,49+ months,High Value,High Value / Low Risk,8,Fiber optic
1352-HNSAW,No,0.0432,Low Risk,115.6,8220.4,5.0,Two year,72,49+ months,High Value,High Value / Low Risk,9,Fiber optic
2075-PUEPR,No,0.004,Low Risk,19.35,1153.25,0.08,Two year,55,49+ months,Medium Value,Low-Med Value / Low Risk,1,No
1982-FEBTD,No,0.0307,Low Risk,25.6,514.75,0.79,Two year,23,13-24 months,Medium Value,Low-Med Value / Low Risk,2,No
5301-GAUUY,Yes,0.4012,Medium Risk,80.35,2596.15,32.24,Month-to-month,32,25-48 months,Medium Value,Low-Med Value / Low Risk,4,Fiber optic
5791-KAJFD,No,0.0434,Low Risk,68.75,3808.0,2.99,One year,56,49+ months,High Value,High Value / Low Risk,6,DSL
2654-VBVPB,No,0.1799,Low Risk,19.9,19.9,3.58,Month-to-month,1,0-12 months,Low Value,Low-Med Value / Low Risk,1,No
1154-HYWWO,No,0.0345,Low Risk,70.6,2708.2,2.43,One year,38,25-48 months,Medium Value,Low-Med Value / Low Risk,6,DSL
2501-XWWTZ,No,0.5375,High Risk,70.2,760.05,37.73,Month-to-month,11,0-12 months,Medium Value,Low-Med Value / High Risk,2,Fiber optic
3716-UVSPD,No,0.4304,Medium Risk,49.3,49.3,21.22,Month-to-month,1,0-12 months,Low Value,Low-Med Value / Low Risk,3,DSL
6815-ABQFQ,No,0.2521,Medium Risk,107.25,6033.3,27.04,One year,56,49+ months,High Value,High Value / Low Risk,7,Fiber optic
7343-EOBEU,No,0.3065,Medium Risk,23.6,89.05,7.23,Month-to-month,3,0-12 months,Low Value,Low-Med Value / Low Risk,2,No
3701-SFMUH,No,0.252,Medium Risk,69.7,516.15,17.56,Month-to-month,7,0-12 months,Medium Value,Low-Med Value / Low Risk,5,DSL
6103-LIANB,No,0.1193,Low Risk,99.5,5861.75,11.87,Two year,59,49+ months,High Value,High Value / Low Risk,6,Fiber optic
7319-VENRZ,No,0.256,Medium Risk,64.3,445.95,16.46,Month-to-month,7,0-12 months,Medium Value,Low-Med Value / Low Risk,5,DSL
5846-NEQVZ,No,0.0071,Low Risk,70.85,4973.4,0.5,Two year,71,49+ months,High Value,High Value / Low Risk,6,DSL
6967-QIQRV,No,0.2438,Low Risk,101.9,1667.25,24.84,One year,15,13-24 months,Medium Value,Low-Med Value / Low Risk,6,Fiber optic
5781-RFZRP,No,0.0082,Low Risk,73.5,5357.75,0.6,Two year,71,49+ months,High Value,High Value / Low Risk,7,DSL
0939-YAPAF,Yes,0.645,High Risk,100.25,3527.6,64.67,Month-to-month,35,25-48 months,Medium Value,Low-Med Value / High Risk,6,Fiber optic
0308-IVGOK,No,0.1807,Low Risk,40.4,422.6,7.3,One year,11,0-12 months,Medium Value,Low-Med Value / Low Risk,4,DSL
7293-LSCDV,No,0.0042,Low Risk,19.25,1103.25,0.08,Two year,60,49+ months,Medium Value,Low-Med Value / Low Risk,1,No
7025-WCBNE,No,0.0212,Low Risk,59.6,2754.0,1.27,Two year,47,25-48 months,Medium Value,Low-Med Value / Low Risk,5,DSL
5756-JYOJT,No,0.1222,Low Risk,64.9,697.25,7.93,One year,11,0-12 months,Medium Value,Low-Med Value / Low Risk,5,DSL
4710-FDUIZ,Yes,0.1736,Low Risk,100.3,5614.45,17.41,One year,56,49+ months,High Value,High Value / Low Risk,6,Fiber optic
6030-REHUX,No,0.6183,High Risk,110.85,3204.4,68.54,Month-to-month,28,25-48 months,Medium Value,Low-Med Value / High Risk,8,Fiber optic
9548-LIGTA,No,0.0168,Low Risk,81.05,4747.65,1.37,Two year,61,49+ months,High Value,High Value / Low Risk,7,DSL
5150-LJNSR,No,0.1649,Low Risk,98.05,3082.1,16.17,One year,31,25-48 months,Medium Value,Low-Med Value / Low Risk,6,Fiber optic
8270-RKSAP,No,0.6409,High Risk,70.5,597.9,45.18,Month-to-month,9,0-12 months,Medium Value,Low-Med Value / High Risk,2,Fiber optic
6522-YRBXD,No,0.4945,Medium Risk,94.55,3365.4,46.76,Month-to-month,35,25-48 months,Medium Value,Low-Med Value / Low Risk,6,Fiber optic
2640-LYMOV,No,0.2494,Low Risk,19.65,38.8,4.9,Month-to-month,2,0-12 months,Low Value,Low-Med Value / Low Risk,1,No
1218-VKFPE,Yes,0.1042,Low Risk,19.0,233.55,1.98,Month-to-month,12,0-12 months,Low Value,Low-Med Value / Low Risk,1,No
3627-FHKBK,Yes,0.4356,Medium Risk,75.3,75.3,32.8,Month-to-month,1,0-12 months,Low Value,Low-Med Value / Low Risk,3,Fiber optic
2865-TCHJW,Yes,0.7999,Critical Risk,89.2,346.2,71.35,Month-to-month,4,0-12 months,Low Value,Low-Med Value / High Risk,5,Fiber optic
1423-BMPBQ,No,0.2194,Low Risk,19.0,19.0,4.17,Month-to-month,1,0-12 months,Low Value,Low-Med Value / Low Risk,1,No
2393-DIVAI,No,0.2361,Low Risk,20.0,61.7,4.72,Month-to-month,3,0-12 months,Low Value,Low-Med Value / Low Risk,1,No
5192-EBGOV,Yes,0.8168,Critical Risk,85.7,85.7,70.0,Month-to-month,1,0-12 months,Low Value,Low-Med Value / High Risk,4,Fiber optic
4568-KNYWR,No,0.0208,Low Risk,63.25,3342.45,1.31,Two year,52,49+ months,Medium Value,Low-Med Value / Low Risk,5,DSL
8752-IMQOS,No,0.0746,Low Risk,20.1,85.1,1.5,One year,5,0-12 months,Low Value,Low-Med Value / Low Risk,1,No
0742-LAFQK,No,0.0776,Low Risk,99.15,7422.1,7.7,Two year,72,49+ months,High Value,High Value / Low Risk,7,Fiber optic
0795-LAFGP,No,0.0154,Low Risk,90.4,6668.05,1.39,Two year,71,49+ months,High Value,High Value / Low Risk,9,DSL
0619-OLYUR,No,0.059,Low Risk,111.9,8071.05,6.6,Two year,72,49+ months,High Value,High Value / Low Risk,8,Fiber optic
5512-IDZEI,No,0.0227,Low Risk,24.9,1174.8,0.57,One year,46,25-48 months,Medium Value,Low-Med Value / Low Risk,2,No
0459-SPZHJ,No,0.0172,Low Risk,83.5,5435.0,1.44,Two year,63,49+ months,High Value,High Value / Low Risk,8,DSL
0215-BQKGS,No,0.2483,Low Risk,84.3,2438.6,20.93,Month-to-month,30,25-48 months,Medium Value,Low-Med Value / Low Risk,5,Fiber optic
9244-ZVAPM,No,0.352,Medium Risk,45.6,45.6,16.05,Month-to-month,1,0-12 months,Low Value,Low-Med Value / Low Risk,2,DSL
0719-SYFRB,Yes,0.2389,Low Risk,61.65,713.75,14.73,Month-to-month,12,0-12 months,Medium Value,Low-Med Value / Low Risk,6,DSL
8208-EUMTE,No,0.0613,Low Risk,54.85,916.15,3.36,Two year,16,13-24 months,Medium Value,Low-Med Value / Low Risk,6,DSL
5172-MIGPM,No,0.3566,Medium Risk,65.55,237.2,23.38,Month-to-month,4,0-12 months,Low Value,Low-Med Value / Low Risk,5,DSL
1710-RCXUS,No,0.1996,Low Risk,90.35,4614.55,18.04,One year,51,49+ months,High Value,High Value / Low Risk,5,Fiber optic
0374-FIUCA,No,0.0044,Low Risk,20.4,1414.45,0.09,Two year,65,49+ months,Medium Value,Low-Med Value / Low Risk,1,No
5839-SUYVZ,No,0.3962,Medium Risk,74.55,1170.5,29.53,Month-to-month,16,13-24 months,Medium Value,Low-Med Value / Low Risk,3,Fiber optic
5173-ZXXXL,No,0.103,Low Risk,19.95,47.7,2.05,One year,2,0-12 months,Low Value,Low-Med Value / Low Risk,1,No
1096-ADRUX,No,0.0885,Low Risk,74.25,4859.25,6.57,One year,66,49+ months,High Value,High Value / Low Risk,3,Fiber optic
2001-MCUUW,No,0.1366,Low Risk,108.65,4903.2,14.85,Two year,46,25-48 months,High Value,High Value / Low Risk,8,Fiber optic
2731-GJRDG,No,0.2515,Medium Risk,109.55,3608.0,27.55,One year,32,25-48 months,Medium Value,Low-Med Value / Low Risk,8,Fiber optic
4723-BEGSG,No,0.0124,Low Risk,86.65,6094.25,1.07,Two year,72,49+ months,High Value,High Value / Low Risk,8,DSL
6516-NKQBO,No,0.021,Low Risk,81.0,3084.9,1.7,Two year,38,25-48 months,Medium Value,Low-Med Value / Low Risk,7,DSL
8672-OAUPW,No,0.0184,Low Risk,47.85,2356.75,0.88,One year,51,49+ months,Medium Value,Low-Med Value / Low Risk,3,DSL
8207-DMRVL,No,0.0321,Low Risk,114.55,8306.05,3.67,Two year,72,49+ months,High Value,High Value / Low Risk,9,Fiber optic
3419-SNJJD,Yes,0.2336,Low Risk,105.25,6786.4,24.59,Month-to-month,65,49+ months,High Value,High Value / Low Risk,7,Fiber optic
6543-CPZMK,Yes,0.475,Medium Risk,29.95,248.95,14.23,Month-to-month,9,0-12 months,Low Value,Low-Med Value / Low Risk,2,DSL
4765-OXPPD,Yes,0.1078,Low Risk,65.0,663.05,7.01,Month-to-month,9,0-12 months,Medium Value,Low-Med Value / Low Risk,6,DSL
2804-ETQDK,No,0.0025,Low Risk,20.55,1357.1,0.05,Two year,66,49+ months,Medium Value,Low-Med Value / Low Risk,1,No
6689-VRRTK,No,0.2479,Low Risk,109.8,4860.35,27.22,One year,44,25-48 months,High Value,High Value / Low Risk,8,Fiber optic
7138-GIRSH,No,0.0261,Low Risk,69.5,3418.2,1.82,Two year,50,49+ months,Medium Value,Low-Med Value / Low Risk,6,DSL
9396-ZSFLL,No,0.2902,Medium Risk,48.85,631.4,14.18,Month-to-month,15,13-24 months,Medium Value,Low-Med Value / Low Risk,3,DSL
6464-KEXXH,No,0.4741,Medium Risk,25.25,186.3,11.97,Month-to-month,8,0-12 months,Low Value,Low-Med Value / Low Risk,1,DSL
7134-MJPDY,No,0.1854,Low Risk,102.85,6976.75,19.07,One year,66,49+ months,High Value,High Value / Low Risk,7,Fiber optic
5240-CAOYT,No,0.1279,Low Risk,87.55,4884.85,11.2,Month-to-month,57,49+ months,High Value,High Value / Low Risk,6,Fiber optic
4059-IIEBK,No,0.6004,High Risk,78.55,522.95,47.16,Month-to-month,7,0-12 months,Medium Value,Low-Med Value / High Risk,4,Fiber optic
4881-JVQOD,No,0.511,High Risk,34.55,362.6,17.66,Month-to-month,10,0-12 months,Low Value,Low-Med Value / High Risk,2,DSL
0516-UXRMT,No,0.1161,Low Risk,92.05,5755.8,10.69,One year,62,49+ months,High Value,High Value / Low Risk,6,Fiber optic
4851-BQDNX,No,0.2546,Medium Risk,85.05,3355.65,21.66,One year,40,25-48 months,Medium Value,Low-Med Value / Low Risk,4,Fiber optic
5148-HKFIR,No,0.0253,Low Risk,19.7,406.95,0.5,Two year,20,13-24 months,Medium Value,Low-Med Value / Low Risk,1,No
1009-IRMNA,Yes,0.1421,Low Risk,20.0,137.6,2.84,Month-to-month,7,0-12 months,Low Value,Low-Med Value / Low Risk,1,No
3003-CMDUU,No,0.5621,High Risk,95.15,2395.7,53.48,Month-to-month,25,25-48 months,Medium Value,Low-Med Value / High Risk,5,Fiber optic
5016-IBERQ,No,0.4803,Medium Risk,84.25,1968.1,40.47,Month-to-month,23,13-24 months,Medium Value,Low-Med Value / Low Risk,5,Fiber optic
6797-UCJHZ,No,0.1548,Low Risk,104.6,6819.45,16.2,One year,66,49+ months,High Value,High Value / Low Risk,7,Fiber optic
2469-DTSGX,No,0.0836,Low Risk,111.65,7943.45,9.34,Two year,72,49+ months,High Value,High Value / Low Risk,8,Fiber optic
4554-YGZIH,Yes,0.3033,Medium Risk,90.05,4547.25,27.32,Month-to-month,49,49+ months,High Value,High Value / Low Risk,5,Fiber optic
5099-BAILX,Yes,0.3722,Medium Risk,110.75,4687.9,41.22,Month-to-month,43,25-48 months,High Value,High Value / Low Risk,8,Fiber optic
9931-KGHOA,No,0.0728,Low Risk,55.0,2473.95,4.0,Month-to-month,46,25-48 months,Medium Value,Low-Med Value / Low Risk,4,DSL
1775-KWJKQ,No,0.0095,Low Risk,89.85,6562.9,0.86,Two year,72,49+ months,High Value,High Value / Low Risk,9,DSL
7665-VIGUD,No,0.0723,Low Risk,20.35,176.3,1.47,One year,10,0-12 months,Low Value,Low-Med Value / Low Risk,1,No
9411-TPQQV,No,0.0921,Low Risk,54.55,2236.2,5.03,One year,40,25-48 months,Medium Value,Low-Med Value / Low Risk,5,DSL
7207-RMRDB,Yes,0.3734,Medium Risk,105.5,6985.65,39.39,Month-to-month,65,49+ months,High Value,High Value / Low Risk,7,Fiber optic
7954-MLBUN,No,0.1196,Low Risk,99.45,3109.9,11.9,Two year,31,25-48 months,Medium Value,Low-Med Value / Low Risk,6,Fiber optic
2077-DDHJK,No,0.0062,Low Risk,70.9,4911.35,0.44,Two year,68,49+ months,High Value,High Value / Low Risk,7,DSL
4913-EHYUI,Yes,0.1866,Low Risk,104.55,5794.65,19.51,One year,56,49+ months,High Value,High Value / Low Risk,7,Fiber optic
0195-IESCP,Yes,0.7536,Critical Risk,85.25,855.3,64.25,Month-to-month,10,0-12 months,Medium Value,Low-Med Value / High Risk,4,Fiber optic
9574-BOSMD,No,0.003,Low Risk,25.4,1620.2,0.08,Two year,68,49+ months,Medium Value,Low-Med Value / Low Risk,2,No
4580-TMHJU,Yes,0.1312,Low Risk,56.15,2499.3,7.37,Month-to-month,43,25-48 months,Medium Value,Low-Med Value / Low Risk,3,DSL
0970-ETWGE,Yes,0.7903,Critical Risk,89.55,89.55,70.77,Month-to-month,1,0-12 months,Low Value,Low-Med Value / High Risk,4,Fiber optic
4908-XAXAY,No,0.1764,Low Risk,89.85,4287.2,15.85,One year,49,49+ months,High Value,High Value / Low Risk,5,Fiber optic
8404-VLQFB,No,0.2103,Low Risk,25.25,394.85,5.31,Month-to-month,15,13-24 months,Low Value,Low-Med Value / Low Risk,2,No
1626-ERCMM,Yes,0.7733,Critical Risk,94.55,1899.65,73.12,Month-to-month,20,13-24 months,Medium Value,Low-Med Value / High Risk,5,Fiber optic
0887-HJGAR,Yes,0.4398,Medium Risk,45.7,45.7,20.1,Month-to-month,1,0-12 months,Low Value,Low-Med Value / Low Risk,2,DSL
2391-IPLOP,No,0.0805,Low Risk,69.65,3442.15,5.6,One year,50,49+ months,Medium Value,Low-Med Value / Low Risk,6,DSL
5644-PDMZC,Yes,0.7183,High Risk,89.5,161.5,64.29,Month-to-month,2,0-12 months,Low Value,Low-Med Value / High Risk,5,Fiber optic
3509-GWQGF,No,0.3644,Medium Risk,70.0,1732.6,25.51,Month-to-month,24,13-24 months,Medium Value,Low-Med Value / Low Risk,2,Fiber optic
9576-ANLXO,Yes,0.6025,High Risk,69.55,222.3,41.9,Month-to-month,3,0-12 months,Low Value,Low-Med Value / High Risk,2,Fiber optic
2024-BASKD,Yes,0.6241,High Risk,74.6,74.6,46.56,Month-to-month,1,0-12 months,Low Value,Low-Med Value / High Risk,3,Fiber optic
5845-BZZIB,No,0.0104,Low Risk,20.1,655.3,0.21,Two year,35,25-48 months,Medium Value,Low-Med Value / Low Risk,1,No
1140-UKVZG,No,0.1329,Low Risk,24.8,475.25,3.3,Month-to-month,17,13-24 months,Medium Value,Low-Med Value / Low Risk,2,No
4160-AMJTL,Yes,0.2121,Low Risk,19.65,164.3,4.17,Month-to-month,8,0-12 months,Low Value,Low-Med Value / Low Risk,1,No
5183-SNMJQ,No,0.5607,High Risk,95.1,865.1,53.32,Month-to-month,10,0-12 months,Medium Value,Low-Med Value / High Risk,5,Fiber optic
8100-PNJMH,No,0.0155,Low Risk,88.85,6132.7,1.38,Two year,68,49+ months,High Value,High Value / Low Risk,9,DSL
7838-LAZFO,No,0.05,Low Risk,78.8,3597.5,3.94,One year,45,25-48 months,Medium Value,Low-Med Value / Low Risk,7,DSL
4464-JCOLN,Yes,0.0854,Low Risk,19.85,35.9,1.7,One year,2,0-12 months,Low Value,Low-Med Value / Low Risk,1,No
2085-JVGAD,No,0.0404,Low Risk,20.35,697.65,0.82,Month-to-month,37,25-48 months,Medium Value,Low-Med Value / Low Risk,1,No
5650-VDUDS,Yes,0.5453,High Risk,24.25,96.05,13.22,Month-to-month,4,0-12 months,Low Value,Low-Med Value / High Risk,1,DSL
8095-WANWK,No,0.2698,Medium Risk,45.25,428.7,12.21,Month-to-month,10,0-12 months,Medium Value,Low-Med Value / Low Risk,2,DSL
3030-ZKIWL,No,0.1928,Low Risk,20.05,20.05,3.87,Month-to-month,1,0-12 months,Low Value,Low-Med Value / Low Risk,1,No
9565-FLVCG,No,0.0164,Low Risk,69.55,4459.15,1.14,Two year,65,49+ months,High Value,High Value / Low Risk,6,DSL
8755-OGKNA,No,0.0035,Low Risk,19.5,1167.6,0.07,Two year,57,49+ months,Medium Value,Low-Med Value / Low Risk,1,No
2800-VEQXM,No,0.6083,High Risk,74.75,238.1,45.47,Month-to-month,3,0-12 months,Low Value,Low-Med Value / High Risk,3,Fiber optic
7538-GWHML,Yes,0.6123,High Risk,69.65,145.15,42.65,Month-to-month,2,0-12 months,Low Value,Low-Med Value / High Risk,2,Fiber optic
5533-RJFTJ,No,0.1288,Low Risk,30.2,1453.1,3.89,Month-to-month,49,49+ months,Medium Value,Low-Med Value / Low Risk,2,DSL
3859-CVCET,Yes,0.3206,Medium Risk,45.65,191.05,14.63,Month-to-month,4,0-12 months,Low Value,Low-Med Value / Low Risk,2,DSL
0214-JHPFW,No,0.0156,Low Risk,57.8,4039.3,0.9,Two year,70,49+ months,High Value,High Value / Low Risk,6,DSL
5642-MHDQT,No,0.0114,Low Risk,19.85,1039.45,0.23,One year,53,49+ months,Medium Value,Low-Med Value / Low Risk,1,No
3088-FVYWK,No,0.0058,Low Risk,25.55,1336.1,0.15,Two year,53,49+ months,Medium Value,Low-Med Value / Low Risk,2,No
3276-HDUEG,Yes,0.6957,High Risk,75.05,75.05,52.21,Month-to-month,1,0-12 months,Low Value,Low-Med Value / High Risk,3,Fiber optic
9092-GDZKO,No,0.1368,Low Risk,24.85,493.4,3.4,Month-to-month,22,13-24 months,Medium Value,Low-Med Value / Low Risk,2,No
0823-HSCDJ,Yes,0.2769,Medium Risk,49.15,2550.9,13.61,Month-to-month,52,49+ months,Medium Value,Low-Med Value / Low Risk,4,DSL
3729-OWRVL,No,0.1156,Low Risk,110.35,7246.15,12.75,Two year,65,49+ months,High Value,High Value / Low Risk,8,Fiber optic
2324-AALNO,No,0.0172,Low Risk,24.55,1203.95,0.42,One year,48,25-48 months,Medium Value,Low-Med Value / Low Risk,2,No
0822-GAVAP,Yes,0.69,High Risk,34.7,62.25,23.94,Month-to-month,2,0-12 months,Low Value,Low-Med Value / High Risk,2,DSL
5760-IFJOZ,No,0.6454,High Risk,107.95,313.6,69.67,Month-to-month,3,0-12 months,Low Value,Low-Med Value / High Risk,7,Fiber optic
2826-UWHIS,No,0.239,Low Risk,81.4,3775.85,19.46,Month-to-month,45,25-48 months,Medium Value,Low-Med Value / Low Risk,4,Fiber optic
1448-PWKYE,Yes,0.6275,High Risk,80.0,80.0,50.2,Month-to-month,1,0-12 months,Low Value,Low-Med Value / High Risk,3,Fiber optic
7501-IWUNG,No,0.0217,Low Risk,73.8,4616.05,1.6,Two year,61,49+ months,High Value,High Value / Low Risk,6,DSL
4957-TREIR,No,0.2741,Medium Risk,64.4,195.65,17.65,Month-to-month,3,0-12 months,Low Value,Low-Med Value / Low Risk,5,DSL
7251-LJBQN,No,0.3066,Medium Risk,103.75,4188.4,31.81,One year,40,25-48 months,High Value,High Value / Low Risk,7,Fiber optic
8040-MNRTF,No,0.5381,High Risk,71.1,71.1,38.26,Month-to-month,1,0-12 months,Low Value,Low-Med Value / High Risk,2,Fiber optic
1536-HBSWP,No,0.4228,Medium Risk,49.9,49.9,21.1,Month-to-month,1,0-12 months,Low Value,Low-Med Value / Low Risk,3,DSL
5313-FPXWG,No,0.022,Low Risk,24.6,1266.4,0.54,One year,51,49+ months,Medium Value,Low-Med Value / Low Risk,2,No
0067-DKWBL,Yes,0.4437,Medium Risk,49.25,91.1,21.85,Month-to-month,2,0-12 months,Low Value,Low-Med Value / Low Risk,3,DSL
0946-FKYTX,No,0.0411,Low Risk,30.1,1623.4,1.24,One year,52,49+ months,Medium Value,Low-Med Value / Low Risk,2,DSL
5076-YVXCM,No,0.2791,Medium Risk,83.4,4149.45,23.27,Month-to-month,51,49+ months,High Value,High Value / Low Risk,4,Fiber optic
8262-COGGB,No,0.2556,Medium Risk,20.45,20.45,5.23,Month-to-month,1,0-12 months,Low Value,Low-Med Value / Low Risk,1,No
6663-JOCQO,No,0.0647,Low Risk,75.25,2344.5,4.87,One year,31,25-48 months,Medium Value,Low-Med Value / Low Risk,7,DSL
9620-QJREV,No,0.0101,Low Risk,20.55,1013.05,0.21,One year,47,25-48 months,Medium Value,Low-Med Value / Low Risk,1,No
2276-YDAVZ,Yes,0.6603,High Risk,75.1,270.7,49.59,Month-to-month,3,0-12 months,Low Value,Low-Med Value / High Risk,3,Fiber optic
2682-KEVRP,No,0.0685,Low Risk,20.05,417.0,1.37,One year,22,13-24 months,Medium Value,Low-Med Value / Low Risk,1,No
2480-JZOSN,No,0.255,Medium Risk,20.65,20.65,5.27,Month-to-month,1,0-12 months,Low Value,Low-Med Value / Low Risk,1,No
0078-XZMHT,No,0.0254,Low Risk,85.15,6316.2,2.17,Two year,72,49+ months,High Value,High Value / Low Risk,8,DSL
5896-NPFWW,Yes,0.4399,Medium Risk,50.15,168.15,22.06,Month-to-month,3,0-12 months,Low Value,Low-Med Value / Low Risk,3,DSL
9978-HYCIN,No,0.1619,Low Risk,84.95,4018.05,13.75,One year,47,25-48 months,High Value,High Value / Low Risk,4,Fiber optic
8338-QIUNR,No,0.0069,Low Risk,66.5,4811.6,0.46,Two year,72,49+ months,High Value,High Value / Low Risk,6,DSL
1525-LNLOJ,No,0.0243,Low Risk,63.3,4189.7,1.54,Two year,66,49+ months,High Value,High Value / Low Risk,5,DSL
9450-TRJUU,No,0.4876,Medium Risk,83.15,2848.45,40.55,Month-to-month,35,25-48 months,Medium Value,Low-Med Value / Low Risk,4,Fiber optic
1766-GKNMI,No,0.6268,High Risk,84.9,2516.2,53.21,Month-to-month,29,25-48 months,Medium Value,Low-Med Value / High Risk,4,Fiber optic
6942-LBFDP,No,0.2424,Low Risk,20.55,33.6,4.98,Month-to-month,2,0-12 months,Low Value,Low-Med Value / Low Risk,1,No
1456-TWCGB,No,0.2935,Medium Risk,49.25,208.45,14.46,Month-to-month,4,0-12 months,Low Value,Low-Med Value / Low Risk,3,DSL
7133-VBDCG,Yes,0.2889,Medium Risk,79.85,2015.35,23.07,Month-to-month,25,25-48 months,Medium Value,Low-Med Value / Low Risk,4,Fiber optic
7596-ZYWBB,No,0.007,Low Risk,59.6,3739.8,0.41,Two year,65,49+ months,Medium Value,Low-Med Value / Low Risk,5,DSL
8329-UTMVM,No,0.3709,Medium Risk,104.65,2964.0,38.81,One year,27,25-48 months,Medium Value,Low-Med Value / Low Risk,7,Fiber optic
3014-WJKSM,No,0.3797,Medium Risk,75.3,2263.4,28.59,Month-to-month,29,25-48 months,Medium Value,Low-Med Value / Low Risk,3,Fiber optic
3347-YJZZE,No,0.2085,Low Risk,80.1,2211.8,16.7,Month-to-month,29,25-48 months,Medium Value,Low-Med Value / Low Risk,7,DSL
1029-QFBEN,Yes,0.1942,Low Risk,19.55,19.55,3.8,Month-to-month,1,0-12 months,Low Value,Low-Med Value / Low Risk,1,No
7929-DMBCV,No,0.3845,Medium Risk,81.0,1683.7,31.15,Month-to-month,20,13-24 months,Medium Value,Low-Med Value / Low Risk,4,Fiber optic
9661-JALZV,No,0.0083,Low Risk,24.7,1519.0,0.2,Two year,58,49+ months,Medium Value,Low-Med Value / Low Risk,2,No
5433-KYGHE,No,0.3474,Medium Risk,86.0,1164.05,29.87,Month-to-month,14,13-24 months,Medium Value,Low-Med Value / Low Risk,5,Fiber optic
4312-KFRXN,No,0.0033,Low Risk,25.4,1710.9,0.09,Two year,72,49+ months,Medium Value,Low-Med Value / Low Risk,2,No
5575-TPIZQ,No,0.3147,Medium Risk,89.15,4245.55,28.06,Month-to-month,46,25-48 months,High Value,High Value / Low Risk,5,Fiber optic
0114-IGABW,No,0.015,Low Risk,58.25,4145.9,0.88,Two year,71,49+ months,High Value,High Value / Low Risk,6,DSL
9944-AEXBM,No,0.5016,High Risk,85.65,2664.3,42.96,Month-to-month,32,25-48 months,Medium Value,Low-Med Value / High Risk,4,Fiber optic
1853-ARAAQ,No,0.4022,Medium Risk,50.35,1277.5,20.25,Month-to-month,26,25-48 months,Medium Value,Low-Med Value / Low Risk,4,DSL
6952-OMNWB,No,0.2172,Low Risk,80.35,5589.3,17.45,Month-to-month,68,49+ months,High Value,High Value / Low Risk,4,Fiber optic
4697-LUPSU,No,0.0849,Low Risk,20.2,34.75,1.72,One year,2,0-12 months,Low Value,Low-Med Value / Low Risk,1,No
8434-VGEQQ,No,0.0029,Low Risk,20.55,1305.95,0.06,Two year,61,49+ months,Medium Value,Low-Med Value / Low Risk,1,No
4952-YSOGZ,Yes,0.7418,High Risk,85.95,381.3,63.76,Month-to-month,4,0-12 months,Low Value,Low-Med Value / High Risk,4,Fiber optic
1589-AGTLK,Yes,0.4991,Medium Risk,45.35,141.5,22.64,Month-to-month,3,0-12 months,Low Value,Low-Med Value / Low Risk,2,DSL
5244-IRFIH,Yes,0.6993,High Risk,94.5,3105.55,66.09,Month-to-month,33,25-48 months,Medium Value,Low-Med Value / High Risk,5,Fiber optic
6549-YMFAW,No,0.2169,Low Risk,21.25,204.55,4.61,Month-to-month,9,0-12 months,Low Value,Low-Med Value / Low Risk,1,No
4950-HKQTE,No,0.0307,Low Risk,26.25,605.9,0.81,Two year,22,13-24 months,Medium Value,Low-Med Value / Low Risk,2,No
6786-OBWQR,No,0.6717,High Risk,80.85,356.1,54.3,Month-to-month,5,0-12 months,Low Value,Low-Med Value / High Risk,3,Fiber optic
2684-EIWEO,Yes,0.2618,Medium Risk,91.7,2758.15,24.01,Month-to-month,30,25-48 months,Medium Value,Low-Med Value / Low Risk,6,Fiber optic
2753-JMMCV,No,0.0198,Low Risk,74.2,4805.65,1.47,Two year,65,49+ months,High Value,High Value / Low Risk,7,DSL
6439-GTPCA,Yes,0.3386,Medium Risk,87.25,3941.7,29.55,Month-to-month,45,25-48 months,High Value,High Value / Low Risk,5,Fiber optic
6621-YOBKI,No,0.1645,Low Risk,20.35,92.75,3.35,Month-to-month,5,0-12 months,Low Value,Low-Med Value / Low Risk,1,No
1216-JWVUX,No,0.4213,Medium Risk,75.5,1901.05,31.81,Month-to-month,25,25-48 months,Medium Value,Low-Med Value / Low Risk,3,Fiber optic
7564-GHCVB,No,0.0206,Low Risk,79.05,5730.7,1.63,Two year,72,49+ months,High Value,High Value / Low Risk,4,Fiber optic
1173-NOEYG,No,0.4509,Medium Risk,90.15,2423.4,40.65,Month-to-month,27,25-48 months,Medium Value,Low-Med Value / Low Risk,5,Fiber optic
7595-EHCDL,No,0.2361,Low Risk,50.6,1653.45,11.95,Month-to-month,32,25-48 months,Medium Value,Low-Med Value / Low Risk,4,DSL
6647-ZEDXT,No,0.2267,Low Risk,110.45,3327.05,25.04,One year,30,25-48 months,Medium Value,Low-Med Value / Low Risk,8,Fiber optic
2521-NPUZR,No,0.0192,Low Risk,101.0,7085.5,1.94,Two year,70,49+ months,High Value,High Value / Low Risk,7,Fiber optic
1307-TVUFB,No,0.3601,Medium Risk,79.35,3344.1,28.57,Month-to-month,42,25-48 months,Medium Value,Low-Med Value / Low Risk,4,Fiber optic
7503-MIOGA,No,0.0208,Low Risk,89.85,6697.35,1.86,Two year,72,49+ months,High Value,High Value / Low Risk,9,DSL
4381-MHQDC,No,0.0213,Low Risk,65.0,2879.9,1.38,Two year,47,25-48 months,Medium Value,Low-Med Value / Low Risk,6,DSL
6923-JHPMP,No,0.5844,High Risk,80.45,137.1,47.02,Month-to-month,2,0-12 months,Low Value,Low-Med Value / High Risk,4,Fiber optic
5138-WVKYJ,Yes,0.6426,High Risk,98.55,1008.55,63.33,Month-to-month,10,0-12 months,Medium Value,Low-Med Value / High Risk,6,Fiber optic
4018-PPNDW,No,0.0065,Low Risk,24.1,1551.6,0.16,Two year,61,49+ months,Medium Value,Low-Med Value / Low Risk,2,No
1635-FJFCC,No,0.3762,Medium Risk,44.05,202.15,16.57,Month-to-month,5,0-12 months,Low Value,Low-Med Value / Low Risk,2,DSL
2499-AJYUA,No,0.0817,Low Risk,110.8,7882.25,9.05,Two year,72,49+ months,High Value,High Value / Low Risk,8,Fiber optic
6919-ELBGL,No,0.0509,Low Risk,114.95,8196.4,5.85,Two year,72,49+ months,High Value,High Value / Low Risk,9,Fiber optic
3966-HRMZA,No,0.5503,High Risk,75.05,202.9,41.3,Month-to-month,3,0-12 months,Low Value,Low-Med Value / High Risk,3,Fiber optic
6425-JWTDV,No,0.0072,Low Risk,19.25,855.1,0.14,Two year,48,25-48 months,Medium Value,Low-Med Value / Low Risk,1,No
8405-IGQFX,No,0.0923,Low Risk,90.05,5817.0,8.31,One year,63,49+ months,High Value,High Value / Low Risk,5,Fiber optic
8224-IVVPA,No,0.1371,Low Risk,56.7,1652.95,7.77,Month-to-month,27,25-48 months,Medium Value,Low-Med Value / Low Risk,4,DSL
9477-LGWQI,No,0.0133,Low Risk,80.15,5600.15,1.06,Two year,70,49+ months,High Value,High Value / Low Risk,7,DSL
1410-RSCMR,No,0.1999,Low Risk,71.35,515.75,14.26,Month-to-month,7,0-12 months,Medium Value,Low-Med Value / Low Risk,6,DSL
3115-CZMZD,No,0.0502,Low Risk,20.25,0.0,1.02,Two year,0,0-12 months,Low Value,Low-Med Value / Low Risk,1,No
0139-IVFJG,No,0.5231,High Risk,90.35,190.5,47.26,Month-to-month,2,0-12 months,Low Value,Low-Med Value / High Risk,5,Fiber optic
6683-VLCTZ,Yes,0.7628,Critical Risk,98.55,1842.8,75.17,Month-to-month,20,13-24 months,Medium Value,Low-Med Value / High Risk,6,Fiber optic
5730-DBDSI,No,0.0029,Low Risk,19.7,1253.8,0.06,Two year,66,49+ months,Medium Value,Low-Med Value / Low Risk,1,No
0030-FNXPP,No,0.1762,Low Risk,19.85,57.2,3.5,Month-to-month,3,0-12 months,Low Value,Low-Med Value / Low Risk,1,No
2189-WWOEW,Yes,0.4597,Medium Risk,85.9,1269.55,39.49,Month-to-month,15,13-24 months,Medium Value,Low-Med Value / Low Risk,4,Fiber optic
5684-FJVYR,No,0.0203,Low Risk,90.35,6563.4,1.84,Two year,72,49+ months,High Value,High Value / Low Risk,6,Fiber optic
4013-GUXND,No,0.1908,Low Risk,20.8,20.8,3.97,Month-to-month,1,0-12 months,Low Value,Low-Med Value / Low Risk,1,No
1894-IGFSG,Yes,0.5723,High Risk,89.25,1907.85,51.07,Month-to-month,22,13-24 months,Medium Value,Low-Med Value / High Risk,4,Fiber optic
7379-POKDZ,Yes,0.6943,High Risk,70.3,208.85,48.81,Month-to-month,3,0-12 months,Low Value,Low-Med Value / High Risk,2,Fiber optic
1266-NZYUI,No,0.0047,Low Risk,66.85,4758.8,0.32,Two year,72,49+ months,High Value,High Value / Low Risk,6,DSL
7969-FFOWG,No,0.0026,Low Risk,19.9,1292.6,0.05,Two year,65,49+ months,Medium Value,Low-Med Value / Low Risk,1,No
4718-DHSMV,No,0.5194,High Risk,35.8,363.15,18.6,Month-to-month,11,0-12 months,Low Value,Low-Med Value / High Risk,2,DSL
5175-WLYXL,No,0.4933,Medium Risk,78.85,1600.25,38.89,Month-to-month,22,13-24 months,Medium Value,Low-Med Value / Low Risk,4,Fiber optic
7817-OMJNA,No,0.0573,Low Risk,20.4,275.7,1.17,One year,14,13-24 months,Low Value,Low-Med Value / Low Risk,1,No
8728-SKJLR,No,0.3034,Medium Risk,74.25,3089.1,22.52,Month-to-month,41,25-48 months,Medium Value,Low-Med Value / Low Risk,3,Fiber optic
3137-NYQQI,No,0.0994,Low Risk,64.8,1175.6,6.44,One year,17,13-24 months,Medium Value,Low-Med Value / Low Risk,5,DSL
7706-DZNKK,No,0.1632,Low Risk,20.45,237.3,3.34,Month-to-month,11,0-12 months,Low Value,Low-Med Value / Low Risk,1,No
0236-HFWSV,Yes,0.7742,Critical Risk,93.35,1444.65,72.28,Month-to-month,15,13-24 months,Medium Value,Low-Med Value / High Risk,5,Fiber optic
3900-AQPHZ,Yes,0.19,Low Risk,19.9,19.9,3.78,Month-to-month,1,0-12 months,Low Value,Low-Med Value / Low Risk,1,No
5842-POCOP,Yes,0.5541,High Risk,88.9,454.15,49.26,Month-to-month,5,0-12 months,Medium Value,Low-Med Value / High Risk,5,Fiber optic
2037-XJFUP,Yes,0.4115,Medium Risk,95.8,3036.75,39.42,One year,33,25-48 months,Medium Value,Low-Med Value / Low Risk,5,Fiber optic
8823-RLPWL,No,0.0712,Low Risk,110.65,8065.65,7.87,Two year,72,49+ months,High Value,High Value / Low Risk,8,Fiber optic
9505-SQFSW,No,0.421,Medium Risk,40.3,92.5,16.96,Month-to-month,3,0-12 months,Low Value,Low-Med Value / Low Risk,3,DSL
7314-OXENN,Yes,0.7155,High Risk,82.0,184.65,58.67,Month-to-month,2,0-12 months,Low Value,Low-Med Value / High Risk,4,Fiber optic
3758-CKOQL,No,0.0882,Low Risk,107.0,6152.3,9.44,One year,59,49+ months,High Value,High Value / Low Risk,8,Fiber optic
0322-CHQRU,Yes,0.4172,Medium Risk,45.35,89.5,18.92,Month-to-month,2,0-12 months,Low Value,Low-Med Value / Low Risk,2,DSL
5676-CFLYY,No,0.0129,Low Risk,73.35,5154.5,0.94,Two year,71,49+ months,High Value,High Value / Low Risk,6,DSL
7521-AFHAB,No,0.2718,Medium Risk,44.8,220.45,12.18,Month-to-month,5,0-12 months,Low Value,Low-Med Value / Low Risk,2,DSL
0285-INHLN,No,0.1065,Low Risk,54.75,1510.3,5.83,Month-to-month,27,25-48 months,Medium Value,Low-Med Value / Low Risk,4,DSL
4678-DVQEO,Yes,0.4129,Medium Risk,52.2,52.2,21.55,Month-to-month,1,0-12 months,Low Value,Low-Med Value / Low Risk,3,DSL
5125-CNDSP,No,0.0144,Low Risk,40.6,2588.95,0.59,One year,63,49+ months,Medium Value,Low-Med Value / Low Risk,4,DSL
0691-IFBQW,Yes,0.311,Medium Risk,110.0,4874.8,34.21,One year,46,25-48 months,High Value,High Value / Low Risk,8,Fiber optic
4992-LTJNE,No,0.0063,Low Risk,55.3,3983.6,0.35,Two year,72,49+ months,High Value,High Value / Low Risk,4,DSL
2202-OUTMO,No,0.1129,Low Risk,60.85,2003.6,6.87,Month-to-month,34,25-48 months,Medium Value,Low-Med Value / Low Risk,5,DSL
0810-BDHAW,No,0.1402,Low Risk,78.4,1832.4,10.99,One year,24,13-24 months,Medium Value,Low-Med Value / Low Risk,7,DSL
0229-LFJAF,No,0.0054,Low Risk,69.65,4908.25,0.37,Two year,72,49+ months,High Value,High Value / Low Risk,7,DSL
7131-ZQZNK,No,0.0135,Low Risk,59.85,3590.2,0.81,Two year,60,49+ months,Medium Value,Low-Med Value / Low Risk,6,DSL
3442-ZHHCC,No,0.0302,Low Risk,76.9,5023.0,2.33,One year,68,49+ months,High Value,High Value / Low Risk,7,DSL
5726-CVNYA,No,0.0503,Low Risk,19.85,146.6,1.0,Two year,8,0-12 months,Low Value,Low-Med Value / Low Risk,1,No
9871-ELEYA,No,0.0178,Low Risk,67.65,2339.3,1.2,Two year,34,25-48 months,Medium Value,Low-Med Value / Low Risk,6,DSL
4257-GAESD,No,0.5196,High Risk,45.0,298.7,23.38,Month-to-month,6,0-12 months,Low Value,Low-Med Value / High Risk,3,DSL
5173-WXOQV,No,0.3644,Medium Risk,64.2,143.65,23.4,Month-to-month,2,0-12 months,Low Value,Low-Med Value / Low Risk,5,DSL
2040-OBMLJ,No,0.1569,Low Risk,81.7,2548.65,12.82,One year,31,25-48 months,Medium Value,Low-Med Value / Low Risk,4,Fiber optic
6286-ZHAOK,No,0.1259,Low Risk,25.55,507.4,3.22,Month-to-month,20,13-24 months,Medium Value,Low-Med Value / Low Risk,2,No
3807-XHCJH,No,0.2068,Low Risk,20.0,20.0,4.14,Month-to-month,1,0-12 months,Low Value,Low-Med Value / Low Risk,1,No
3009-JWMPU,Yes,0.3131,Medium Risk,96.75,6125.4,30.29,One year,62,49+ months,High Value,High Value / Low Risk,6,Fiber optic
5671-RQRLP,No,0.061,Low Risk,75.65,5411.4,4.62,Two year,70,49+ months,High Value,High Value / Low Risk,3,Fiber optic
1450-GALXR,Yes,0.7308,High Risk,98.5,1058.25,71.98,Month-to-month,10,0-12 months,Medium Value,Low-Med Value / High Risk,6,Fiber optic
8859-AXJZP,No,0.0176,Low Risk,23.8,903.8,0.42,Two year,39,25-48 months,Medium Value,Low-Med Value / Low Risk,2,No
3174-AKMAS,No,0.0269,Low Risk,64.2,3009.5,1.73,Two year,46,25-48 months,Medium Value,Low-Med Value / Low Risk,5,DSL
3138-BKYAV,Yes,0.6799,High Risk,85.35,489.45,58.03,Month-to-month,6,0-12 months,Medium Value,Low-Med Value / High Risk,4,Fiber optic
9926-PJHDQ,No,0.0275,Low Risk,76.8,5468.45,2.11,Two year,72,49+ months,High Value,High Value / Low Risk,6,DSL
7382-DFJTU,No,0.1467,Low Risk,55.2,1058.1,8.1,Month-to-month,18,13-24 months,Medium Value,Low-Med Value / Low Risk,4,DSL
2798-NYLMZ,No,0.0593,Low Risk,108.55,7616.0,6.44,Two year,71,49+ months,High Value,High Value / Low Risk,8,Fiber optic
4289-DTDKW,Yes,0.5907,High Risk,101.3,4113.1,59.84,Month-to-month,40,25-48 months,High Value,High Value / High Risk,6,Fiber optic
1820-TQVEV,Yes,0.7073,High Risk,69.55,69.55,49.2,Month-to-month,1,0-12 months,Low Value,Low-Med Value / High Risk,2,Fiber optic
2239-JALAW,Yes,0.2334,Low Risk,103.25,6017.65,24.1,One year,58,49+ months,High Value,High Value / Low Risk,7,Fiber optic
4853-RULSV,Yes,0.0582,Low Risk,104.0,7250.15,6.05,Two year,70,49+ months,High Value,High Value / Low Risk,7,Fiber optic
8098-TDCBU,No,0.0179,Low Risk,25.25,1108.2,0.45,Two year,42,25-48 months,Medium Value,Low-Med Value / Low Risk,2,No
3551-GAEGL,No,0.0514,Low Risk,30.4,938.65,1.56,One year,34,25-48 months,Medium Value,Low-Med Value / Low Risk,2,DSL
4785-NKHCX,No,0.1763,Low Risk,20.05,94.15,3.54,Month-to-month,5,0-12 months,Low Value,Low-Med Value / Low Risk,1,No
3196-NVXLZ,No,0.5735,High Risk,84.6,2088.05,48.51,Month-to-month,25,25-48 months,Medium Value,Low-Med Value / High Risk,4,Fiber optic
6275-YDUVO,Yes,0.6618,High Risk,86.2,178.7,57.04,Month-to-month,2,0-12 months,Low Value,Low-Med Value / High Risk,4,Fiber optic
0036-IHMOT,No,0.1177,Low Risk,103.7,5656.75,12.2,One year,55,49+ months,High Value,High Value / Low Risk,7,Fiber optic
0115-TFERT,Yes,0.6231,High Risk,111.2,2317.1,69.29,Month-to-month,21,13-24 months,Medium Value,Low-Med Value / High Risk,8,Fiber optic
4178-EGMON,No,0.0252,Low Risk,88.0,5986.45,2.22,Two year,70,49+ months,High Value,High Value / Low Risk,6,Fiber optic
4220-TINQT,No,0.4118,Medium Risk,106.35,6751.35,43.8,Month-to-month,61,49+ months,High Value,High Value / Low Risk,7,Fiber optic
5318-YKDPV,No,0.027,Low Risk,79.15,3566.6,2.14,Two year,43,25-48 months,Medium Value,Low-Med Value / Low Risk,7,DSL
7975-TZMLR,No,0.3759,Medium Risk,103.1,4889.3,38.75,One year,47,25-48 months,High Value,High Value / Low Risk,7,Fiber optic
0295-QVKPB,No,0.3417,Medium Risk,63.95,318.1,21.85,Month-to-month,5,0-12 months,Low Value,Low-Med Value / Low Risk,5,DSL
4335-BSMJS,No,0.0067,Low Risk,25.8,1563.95,0.17,Two year,62,49+ months,Medium Value,Low-Med Value / Low Risk,2,No
2311-QYMUQ,Yes,0.4482,Medium Risk,89.45,1430.25,40.09,Month-to-month,16,13-24 months,Medium Value,Low-Med Value / Low Risk,5,Fiber optic
3643-AHCFP,Yes,0.7688,Critical Risk,95.6,644.35,73.5,Month-to-month,7,0-12 months,Medium Value,Low-Med Value / High Risk,5,Fiber optic
9146-JRIOX,No,0.123,Low Risk,25.55,372.45,3.14,Month-to-month,14,13-24 months,Low Value,Low-Med Value / Low Risk,2,No
3104-OWCGK,Yes,0.1024,Low Risk,90.95,5453.4,9.31,One year,60,49+ months,High Value,High Value / Low Risk,5,Fiber optic
5337-IIWKZ,No,0.2456,Low Risk,44.85,1442.6,11.02,Month-to-month,34,25-48 months,Medium Value,Low-Med Value / Low Risk,4,DSL
9101-BWFSS,Yes,0.1638,Low Risk,108.55,5610.7,17.79,One year,50,49+ months,High Value,High Value / Low Risk,8,Fiber optic
9650-VBUOG,No,0.0115,Low Risk,25.05,963.95,0.29,Two year,38,25-48 months,Medium Value,Low-Med Value / Low Risk,2,No
3487-EARAT,No,0.0087,Low Risk,74.1,5222.3,0.65,One year,70,49+ months,High Value,High Value / Low Risk,7,DSL
2672-TGEFF,No,0.4797,Medium Risk,88.8,3340.55,42.6,Month-to-month,37,25-48 months,Medium Value,Low-Med Value / Low Risk,5,Fiber optic
9231-ZJYAM,Yes,0.7573,Critical Risk,78.85,292.8,59.71,Month-to-month,4,0-12 months,Low Value,Low-Med Value / High Risk,3,Fiber optic
4250-WAROZ,No,0.2804,Medium Risk,93.25,5774.55,26.15,Month-to-month,60,49+ months,High Value,High Value / Low Risk,6,Fiber optic
8184-WMOFI,No,0.0129,Low Risk,71.4,4487.3,0.92,One year,62,49+ months,High Value,High Value / Low Risk,6,DSL
6982-SSHFK,Yes,0.3569,Medium Risk,44.4,44.4,15.85,Month-to-month,1,0-12 months,Low Value,Low-Med Value / Low Risk,2,DSL
6092-QZVPP,No,0.1344,Low Risk,79.2,2854.95,10.65,Month-to-month,36,25-48 months,Medium Value,Low-Med Value / Low Risk,7,DSL
4625-LAMOB,No,0.0077,Low Risk,20.4,905.55,0.16,Two year,44,25-48 months,Medium Value,Low-Med Value / Low Risk,1,No
0727-BMPLR,Yes,0.3764,Medium Risk,100.0,5509.3,37.64,One year,55,49+ months,High Value,High Value / Low Risk,6,Fiber optic
0392-BZIUW,No,0.0765,Low Risk,105.0,7589.8,8.03,Two year,72,49+ months,High Value,High Value / Low Risk,7,Fiber optic
1038-ZAGBI,Yes,0.051,Low Risk,19.8,229.6,1.01,One year,12,0-12 months,Low Value,Low-Med Value / Low Risk,1,No
6549-NNDYT,No,0.3248,Medium Risk,30.85,394.1,10.02,Month-to-month,13,13-24 months,Low Value,Low-Med Value / Low Risk,2,DSL
3027-ZTDHO,Yes,0.7893,Critical Risk,89.9,89.9,70.95,Month-to-month,1,0-12 months,Low Value,Low-Med Value / High Risk,4,Fiber optic
0422-OHQHQ,No,0.047,Low Risk,20.55,295.95,0.97,One year,15,13-24 months,Low Value,Low-Med Value / Low Risk,1,No
6916-HIJSE,No,0.0143,Low Risk,84.85,5459.2,1.21,Two year,65,49+ months,High Value,High Value / Low Risk,8,DSL
2316-ESMLS,No,0.0912,Low Risk,33.15,444.75,3.02,One year,12,0-12 months,Medium Value,Low-Med Value / Low Risk,3,DSL
9778-OGKQZ,No,0.0174,Low Risk,92.0,6782.15,1.6,Two year,72,49+ months,High Value,High Value / Low Risk,9,DSL
7408-OFWXJ,No,0.0092,Low Risk,89.8,6510.45,0.83,Two year,72,49+ months,High Value,High Value / Low Risk,9,DSL
6007-TCTST,No,0.0456,Low Risk,115.8,8476.5,5.28,Two year,72,49+ months,High Value,High Value / Low Risk,9,Fiber optic
2252-NKNSI,No,0.0261,Low Risk,85.15,4461.85,2.22,Two year,52,49+ months,High Value,High Value / Low Risk,8,DSL
8713-IGZSO,No,0.2342,Low Risk,24.85,62.0,5.82,Month-to-month,2,0-12 months,Low Value,Low-Med Value / Low Risk,2,No
7905-TVXTA,No,0.3447,Medium Risk,64.35,352.65,22.18,Month-to-month,5,0-12 months,Low Value,Low-Med Value / Low Risk,5,DSL
7695-PKLCZ,No,0.0025,Low Risk,20.5,1424.9,0.05,Two year,68,49+ months,Medium Value,Low-Med Value / Low Risk,1,No
2382-BCKQJ,Yes,0.2639,Medium Risk,100.15,6413.65,26.43,One year,62,49+ months,High Value,High Value / Low Risk,6,Fiber optic
8374-UULRV,No,0.0113,Low Risk,86.05,6309.65,0.97,Two year,72,49+ months,High Value,High Value / Low Risk,8,DSL
2207-NHRJK,Yes,0.383,Medium Risk,50.8,50.8,19.46,Month-to-month,1,0-12 months,Low Value,Low-Med Value / Low Risk,3,DSL
3224-DFQNQ,No,0.0558,Low Risk,89.0,5898.6,4.96,One year,66,49+ months,High Value,High Value / Low Risk,6,Fiber optic
5275-PMFUT,No,0.0118,Low Risk,64.8,4719.75,0.77,Two year,72,49+ months,High Value,High Value / Low Risk,7,DSL
4795-UXVCJ,No,0.0323,Low Risk,19.8,457.3,0.64,One year,26,25-48 months,Medium Value,Low-Med Value / Low Risk,1,No
9777-IQHWP,No,0.0383,Low Risk,93.4,5822.3,3.58,Two year,64,49+ months,High Value,High Value / Low Risk,6,Fiber optic
0947-MUGVO,Yes,0.5598,High Risk,73.65,1463.5,41.23,Month-to-month,20,13-24 months,Medium Value,Low-Med Value / High Risk,3,Fiber optic
9944-HKVVB,Yes,0.7442,High Risk,95.1,307.4,70.77,Month-to-month,3,0-12 months,Low Value,Low-Med Value / High Risk,5,Fiber optic
4124-MMETB,Yes,0.6429,High Risk,94.65,2104.55,60.85,Month-to-month,22,13-24 months,Medium Value,Low-Med Value / High Risk,5,Fiber optic
3671-SHRSP,Yes,0.5145,High Risk,80.6,319.15,41.47,Month-to-month,4,0-12 months,Low Value,Low-Med Value / High Risk,4,Fiber optic
0979-MOZQI,No,0.0226,Low Risk,39.0,2337.45,0.88,Two year,62,49+ months,Medium Value,Low-Med Value / Low Risk,3,DSL
2732-ISEZX,No,0.2183,Low Risk,20.5,104.3,4.47,Month-to-month,5,0-12 months,Low Value,Low-Med Value / Low Risk,1,No
3313-QKNKB,Yes,0.1872,Low Risk,85.55,5084.65,16.02,One year,59,49+ months,High Value,High Value / Low Risk,4,Fiber optic
0323-XWWTN,No,0.0808,Low Risk,26.4,121.25,2.13,Two year,3,0-12 months,Low Value,Low-Med Value / Low Risk,2,No
1937-OTUKY,No,0.041,Low Risk,98.2,7015.9,4.03,Two year,72,49+ months,High Value,High Value / Low Risk,7,Fiber optic
1573-LGXBA,No,0.148,Low Risk,97.55,5598.0,14.44,One year,57,49+ months,High Value,High Value / Low Risk,6,Fiber optic
1764-VUUMT,No,0.0022,Low Risk,19.95,1269.1,0.04,Two year,66,49+ months,Medium Value,Low-Med Value / Low Risk,1,No
5073-WXOYN,Yes,0.1895,Low Risk,50.8,3027.4,9.63,Month-to-month,60,49+ months,Medium Value,Low-Med Value / Low Risk,4,DSL
4713-ZBURT,No,0.1272,Low Risk,99.7,4634.35,12.68,Two year,45,25-48 months,High Value,High Value / Low Risk,6,Fiber optic
3050-GBUSH,No,0.5848,High Risk,34.8,113.95,20.35,Month-to-month,3,0-12 months,Low Value,Low-Med Value / High Risk,2,DSL
0207-MDKNV,Yes,0.4286,Medium Risk,105.1,1582.75,45.04,Month-to-month,15,13-24 months,Medium Value,Low-Med Value / Low Risk,7,Fiber optic
7876-AEHIG,No,0.0354,Low Risk,60.15,3077.0,2.13,One year,51,49+ months,Medium Value,Low-Med Value / Low Risk,6,DSL
7945-HLKEA,No,0.0255,Low Risk,64.75,4039.5,1.65,One year,60,49+ months,High Value,High Value / Low Risk,6,DSL
9342-VNIMQ,No,0.1912,Low Risk,54.65,1665.2,10.45,Month-to-month,33,25-48 months,Medium Value,Low-Med Value / Low Risk,4,DSL
9851-KIELU,Yes,0.514,High Risk,110.1,1043.3,56.59,Month-to-month,10,0-12 months,Medium Value,Low-Med Value / High Risk,8,Fiber optic
3523-BRGUW,No,0.0379,Low Risk,19.3,504.2,0.73,One year,26,25-48 months,Medium Value,Low-Med Value / Low Risk,1,No
3908-BLSYF,Yes,0.6282,High Risk,83.9,497.55,52.71,Month-to-month,6,0-12 months,Medium Value,Low-Med Value / High Risk,4,Fiber optic
3199-NPKCN,No,0.1678,Low Risk,111.25,7511.65,18.67,One year,67,49+ months,High Value,High Value / Low Risk,8,Fiber optic
5170-PTRKA,No,0.0277,Low Risk,35.8,1782.0,0.99,One year,49,49+ months,Medium Value,Low-Med Value / Low Risk,3,DSL
4661-NJEUX,No,0.2569,Medium Risk,20.05,20.05,5.15,Month-to-month,1,0-12 months,Low Value,Low-Med Value / Low Risk,1,No
2123-AGEEN,No,0.7323,High Risk,84.35,609.65,61.77,Month-to-month,7,0-12 months,Medium Value,Low-Med Value / High Risk,4,Fiber optic
1258-YMZNM,No,0.3358,Medium Risk,110.5,2857.6,37.11,One year,27,25-48 months,Medium Value,Low-Med Value / Low Risk,8,Fiber optic
0048-LUMLS,No,0.1839,Low Risk,91.2,3247.55,16.77,One year,37,25-48 months,Medium Value,Low-Med Value / Low Risk,4,Fiber optic
7549-MYGPK,Yes,0.224,Low Risk,100.55,6215.35,22.53,Month-to-month,63,49+ months,High Value,High Value / Low Risk,7,Fiber optic
5898-IGSLP,No,0.2419,Low Risk,89.3,2823.0,21.6,Month-to-month,31,25-48 months,Medium Value,Low-Med Value / Low Risk,6,Fiber optic
3804-RVTGV,Yes,0.3685,Medium Risk,103.85,5017.9,38.27,Month-to-month,50,49+ months,High Value,High Value / Low Risk,7,Fiber optic
6259-WJQLC,No,0.4584,Medium Risk,81.1,2619.25,37.17,Month-to-month,32,25-48 months,Medium Value,Low-Med Value / Low Risk,4,Fiber optic
9227-LUNBG,Yes,0.5634,High Risk,24.6,24.6,13.86,Month-to-month,1,0-12 months,Low Value,Low-Med Value / High Risk,1,DSL
7997-EASSD,No,0.085,Low Risk,81.2,4965.1,6.9,One year,63,49+ months,High Value,High Value / Low Risk,4,Fiber optic
0730-KOAVE,No,0.3766,Medium Risk,94.3,2679.7,35.51,Month-to-month,30,25-48 months,Medium Value,Low-Med Value / Low Risk,6,Fiber optic
8975-SKGRX,No,0.058,Low Risk,116.1,8310.55,6.73,Two year,71,49+ months,High Value,High Value / Low Risk,9,Fiber optic
0678-RLHVP,No,0.1547,Low Risk,105.55,5682.25,16.33,Two year,53,49+ months,High Value,High Value / Low Risk,7,Fiber optic
4315-MURBD,Yes,0.4533,Medium Risk,98.9,1120.95,44.83,Month-to-month,12,0-12 months,Medium Value,Low-Med Value / Low Risk,6,Fiber optic
2267-FPIMA,No,0.2715,Medium Risk,94.4,4914.9,25.63,Month-to-month,50,49+ months,High Value,High Value / Low Risk,6,Fiber optic
1051-GEJLJ,No,0.1836,Low Risk,19.5,27.55,3.58,Month-to-month,2,0-12 months,Low Value,Low-Med Value / Low Risk,1,No
9734-YWGEX,Yes,0.6385,High Risk,98.3,923.5,62.77,Month-to-month,9,0-12 months,Medium Value,Low-Med Value / High Risk,6,Fiber optic
2719-BDAQO,Yes,0.5205,High Risk,93.85,1625.65,48.85,Month-to-month,17,13-24 months,Medium Value,Low-Med Value / High Risk,5,Fiber optic
5285-MVEHD,No,0.1341,Low Risk,105.6,6068.65,14.16,One year,56,49+ months,High Value,High Value / Low Risk,7,Fiber optic
0379-DJQHR,No,0.01,Low Risk,81.35,5398.6,0.81,Two year,67,49+ months,High Value,High Value / Low Risk,7,DSL
0781-LKXBR,Yes,0.8146,Critical Risk,100.5,918.6,81.87,Month-to-month,9,0-12 months,Medium Value,Low-Med Value / High Risk,6,Fiber optic
5543-QDCRY,No,0.5419,High Risk,56.4,234.85,30.57,Month-to-month,4,0-12 months,Low Value,Low-Med Value / High Risk,3,DSL
0297-RBCSG,No,0.1223,Low Risk,65.35,1231.85,7.99,One year,19,13-24 months,Medium Value,Low-Med Value / Low Risk,5,DSL
4694-PHWFW,No,0.1192,Low Risk,19.95,170.9,2.38,Month-to-month,8,0-12 months,Low Value,Low-Med Value / Low Risk,1,No
0835-JKADZ,No,0.1089,Low Risk,111.25,7984.15,12.12,Two year,71,49+ months,High Value,High Value / Low Risk,8,Fiber optic
1907-UBQFC,Yes,0.6376,High Risk,72.85,688.65,46.45,Month-to-month,10,0-12 months,Medium Value,Low-Med Value / High Risk,3,Fiber optic
7508-SMHXL,No,0.5314,High Risk,89.0,1288.3,47.3,Month-to-month,15,13-24 months,Medium Value,Low-Med Value / High Risk,5,Fiber optic
3865-YIOTT,No,0.1208,Low Risk,106.1,7848.5,12.82,One year,72,49+ months,High Value,High Value / Low Risk,7,Fiber optic
5993-BQHEA,No,0.0611,Low Risk,20.05,267.0,1.23,One year,12,0-12 months,Low Value,Low-Med Value / Low Risk,1,No
6024-RUGGH,No,0.0037,Low Risk,25.2,1798.9,0.09,Two year,72,49+ months,Medium Value,Low-Med Value / Low Risk,2,No
6513-EECDB,Yes,0.7945,Critical Risk,73.55,73.55,58.43,Month-to-month,1,0-12 months,Low Value,Low-Med Value / High Risk,3,Fiber optic
3956-CJUST,No,0.3605,Medium Risk,75.4,1643.55,27.18,Month-to-month,23,13-24 months,Medium Value,Low-Med Value / Low Risk,3,Fiber optic
4079-WWQQQ,No,0.0151,Low Risk,65.55,4807.45,0.99,Two year,72,49+ months,High Value,High Value / Low Risk,7,DSL
6103-BOCOU,No,0.5743,High Risk,80.7,2193.0,46.34,Month-to-month,26,25-48 months,Medium Value,Low-Med Value / High Risk,4,Fiber optic
5149-TGWDZ,No,0.3069,Medium Risk,104.55,2239.4,32.09,One year,21,13-24 months,Medium Value,Low-Med Value / Low Risk,7,Fiber optic
7471-WNSUF,No,0.0106,Low Risk,24.15,1505.9,0.26,One year,60,49+ months,Medium Value,Low-Med Value / Low Risk,2,No
8942-DBMHZ,No,0.1249,Low Risk,20.45,255.35,2.55,Month-to-month,12,0-12 months,Low Value,Low-Med Value / Low Risk,1,No
4301-VVZKA,No,0.6608,High Risk,75.4,1189.4,49.82,Month-to-month,16,13-24 months,Medium Value,Low-Med Value / High Risk,3,Fiber optic
9199-PWQVC,No,0.049,Low Risk,79.7,4786.15,3.91,One year,63,49+ months,High Value,High Value / Low Risk,7,DSL
4824-GUCBY,No,0.3383,Medium Risk,81.7,1820.9,27.64,Month-to-month,22,13-24 months,Medium Value,Low-Med Value / Low Risk,4,Fiber optic
5393-HJZSM,No,0.0598,Low Risk,76.3,2404.15,4.56,Month-to-month,32,25-48 months,Medium Value,Low-Med Value / Low Risk,7,DSL
7074-IEVOJ,Yes,0.7402,High Risk,79.4,205.05,58.77,Month-to-month,3,0-12 months,Low Value,Low-Med Value / High Risk,4,Fiber optic
9625-QSTYE,Yes,0.5512,High Risk,81.15,952.3,44.73,Month-to-month,13,13-24 months,Medium Value,Low-Med Value / High Risk,4,Fiber optic
0862-PRCBS,No,0.0628,Low Risk,103.75,7039.45,6.52,Two year,68,49+ months,High Value,High Value / Low Risk,7,Fiber optic
8812-ZRHFP,No,0.2371,Low Risk,86.45,2538.05,20.5,One year,30,25-48 months,Medium Value,Low-Med Value / Low Risk,4,Fiber optic
5146-CBVOE,No,0.3601,Medium Risk,75.1,1212.85,27.04,Month-to-month,16,13-24 months,Medium Value,Low-Med Value / Low Risk,3,Fiber optic
0454-OKRCT,No,0.0574,Low Risk,80.6,2651.1,4.62,Two year,33,25-48 months,Medium Value,Low-Med Value / Low Risk,4,Fiber optic
5787-KXGIY,No,0.0021,Low Risk,19.3,1304.8,0.04,Two year,72,49+ months,Medium Value,Low-Med Value / Low Risk,1,No
4750-ZRXIU,Yes,0.8061,Critical Risk,84.6,360.1,68.19,Month-to-month,4,0-12 months,Low Value,Low-Med Value / High Risk,4,Fiber optic
4198-VFOEA,No,0.1638,Low Risk,33.6,435.45,5.5,One year,12,0-12 months,Medium Value,Low-Med Value / Low Risk,3,DSL
6630-UJZMY,No,0.8112,Critical Risk,83.25,308.05,67.53,Month-to-month,4,0-12 months,Low Value,Low-Med Value / High Risk,4,Fiber optic
5709-LVOEQ,No,0.0886,Low Risk,80.85,0.0,7.16,Two year,0,0-12 months,Low Value,Low-Med Value / Low Risk,7,DSL
6400-BWQKW,Yes,0.6361,High Risk,79.05,434.5,50.28,Month-to-month,6,0-12 months,Medium Value,Low-Med Value / High Risk,4,Fiber optic
2692-AQCPF,No,0.1545,Low Risk,108.05,7118.9,16.69,One year,65,49+ months,High Value,High Value / Low Risk,8,Fiber optic
0347-UBKUZ,No,0.1095,Low Risk,19.9,320.45,2.18,Month-to-month,15,13-24 months,Low Value,Low-Med Value / Low Risk,1,No
0835-DUUIQ,No,0.029,Low Risk,21.05,531.55,0.61,One year,24,13-24 months,Medium Value,Low-Med Value / Low Risk,1,No
0811-GSDTP,No,0.3343,Medium Risk,30.15,382.2,10.08,Month-to-month,13,13-24 months,Low Value,Low-Med Value / Low Risk,2,DSL
7567-ECMCM,No,0.4884,Medium Risk,79.85,2001.0,39.0,Month-to-month,24,13-24 months,Medium Value,Low-Med Value / Low Risk,3,Fiber optic
6115-ZTBFQ,No,0.0108,Low Risk,65.5,4919.7,0.71,Two year,72,49+ months,High Value,High Value / Low Risk,7,DSL
6353-BRMMA,No,0.2678,Medium Risk,104.1,5645.8,27.88,Month-to-month,54,49+ months,High Value,High Value / Low Risk,7,Fiber optic
6680-WKXRZ,Yes,0.5823,High Risk,74.4,215.8,43.32,Month-to-month,3,0-12 months,Low Value,Low-Med Value / High Risk,3,Fiber optic
6231-WFGFH,No,0.1954,Low Risk,20.5,77.6,4.01,Month-to-month,4,0-12 months,Low Value,Low-Med Value / Low Risk,1,No
9904-EHEVJ,No,0.498,Medium Risk,91.35,2896.55,45.49,Month-to-month,32,25-48 months,Medium Value,Low-Med Value / Low Risk,5,Fiber optic
7028-DVOIQ,Yes,0.6799,High Risk,99.05,3395.8,67.35,Month-to-month,35,25-48 months,Medium Value,Low-Med Value / High Risk,6,Fiber optic
6169-PPETC,No,0.0099,Low Risk,20.5,759.35,0.2,Two year,35,25-48 months,Medium Value,Low-Med Value / Low Risk,1,No
4208-UFFGW,Yes,0.3786,Medium Risk,44.95,85.15,17.02,Month-to-month,2,0-12 months,Low Value,Low-Med Value / Low Risk,2,DSL
8584-KMVXD,No,0.5118,High Risk,75.6,535.55,38.69,Month-to-month,8,0-12 months,Medium Value,Low-Med Value / High Risk,3,Fiber optic
8467-WYNSR,No,0.1,Low Risk,55.1,1253.15,5.51,Month-to-month,22,13-24 months,Medium Value,Low-Med Value / Low Risk,4,DSL
0851-DFJKB,No,0.1626,Low Risk,58.95,955.15,9.58,Month-to-month,15,13-24 months,Medium Value,Low-Med Value / Low Risk,5,DSL
5382-SOYZL,No,0.7331,High Risk,95.1,2162.6,69.72,Month-to-month,22,13-24 months,Medium Value,Low-Med Value / High Risk,5,Fiber optic
9448-REEVD,Yes,0.3368,Medium Risk,44.7,44.7,15.06,Month-to-month,1,0-12 months,Low Value,Low-Med Value / Low Risk,2,DSL
3261-CQXOL,No,0.0026,Low Risk,25.45,1813.35,0.07,Two year,71,49+ months,Medium Value,Low-Med Value / Low Risk,2,No
8388-FYNPZ,No,0.2901,Medium Risk,56.75,245.15,16.46,Month-to-month,4,0-12 months,Low Value,Low-Med Value / Low Risk,4,DSL
4002-BQWPQ,No,0.1211,Low Risk,81.75,2028.8,9.9,Month-to-month,25,25-48 months,Medium Value,Low-Med Value / Low Risk,8,DSL
5651-YLPRD,No,0.4267,Medium Risk,86.1,2723.75,36.74,Month-to-month,32,25-48 months,Medium Value,Low-Med Value / Low Risk,4,Fiber optic
2826-DXLQO,No,0.3475,Medium Risk,29.8,220.45,10.36,Month-to-month,7,0-12 months,Low Value,Low-Med Value / Low Risk,2,DSL
4378-BZYFP,No,0.076,Low Risk,20.5,365.8,1.56,One year,17,13-24 months,Low Value,Low-Med Value / Low Risk,1,No
9489-UTFKA,No,0.2762,Medium Risk,60.9,551.95,16.82,Month-to-month,8,0-12 months,Medium Value,Low-Med Value / Low Risk,4,DSL
4849-PYRLQ,No,0.017,Low Risk,73.25,4054.2,1.25,Two year,56,49+ months,High Value,High Value / Low Risk,7,DSL
9117-SHLZX,Yes,0.4398,Medium Risk,45.7,45.7,20.1,Month-to-month,1,0-12 months,Low Value,Low-Med Value / Low Risk,2,DSL
9889-TMAHG,Yes,0.4215,Medium Risk,100.3,832.35,42.28,Month-to-month,8,0-12 months,Medium Value,Low-Med Value / Low Risk,6,Fiber optic
4541-RMRLG,Yes,0.1993,Low Risk,19.25,112.3,3.84,Month-to-month,7,0-12 months,Low Value,Low-Med Value / Low Risk,1,No
7764-BDPEE,No,0.1461,Low Risk,20.85,60.65,3.05,Month-to-month,3,0-12 months,Low Value,Low-Med Value / Low Risk,1,No
3429-IFLEM,No,0.0055,Low Risk,77.35,5550.1,0.43,Two year,71,49+ months,High Value,High Value / Low Risk,7,DSL
3158-MOERK,Yes,0.8225,Critical Risk,96.0,174.8,78.96,Month-to-month,2,0-12 months,Low Value,Low-Med Value / High Risk,5,Fiber optic
7294-TMAOP,Yes,0.7148,High Risk,90.55,90.55,64.72,Month-to-month,1,0-12 months,Low Value,Low-Med Value / High Risk,4,Fiber optic
5002-GCQFH,No,0.2827,Medium Risk,93.85,4733.1,26.53,Month-to-month,49,49+ months,High Value,High Value / Low Risk,6,Fiber optic
0556-FJEGU,No,0.0127,Low Risk,70.1,4048.95,0.89,Two year,58,49+ months,High Value,High Value / Low Risk,6,DSL
8919-FYFQZ,Yes,0.2196,Low Risk,30.35,1359.7,6.66,Month-to-month,44,25-48 months,Medium Value,Low-Med Value / Low Risk,2,DSL
0604-THJFP,No,0.0192,Low Risk,75.95,4542.35,1.46,Two year,59,49+ months,High Value,High Value / Low Risk,6,DSL
2834-JRTUA,Yes,0.0848,Low Risk,108.05,7532.15,9.16,Two year,71,49+ months,High Value,High Value / Low Risk,8,Fiber optic
5875-YPQFJ,Yes,0.7061,High Risk,69.9,69.9,49.35,Month-to-month,1,0-12 months,Low Value,Low-Med Value / High Risk,2,Fiber optic
5879-SESNB,No,0.6092,High Risk,75.25,888.65,45.84,Month-to-month,11,0-12 months,Medium Value,Low-Med Value / High Risk,3,Fiber optic
6646-QVXLR,Yes,0.3161,Medium Risk,103.75,6383.35,32.79,One year,62,49+ months,High Value,High Value / Low Risk,7,Fiber optic
6461-PPAXN,No,0.0349,Low Risk,54.95,1916.0,1.92,One year,35,25-48 months,Medium Value,Low-Med Value / Low Risk,4,DSL
3318-ISQFQ,No,0.1171,Low Risk,19.5,413.0,2.28,Month-to-month,20,13-24 months,Medium Value,Low-Med Value / Low Risk,1,No
1106-HRLKZ,No,0.0084,Low Risk,19.6,808.95,0.17,Two year,40,25-48 months,Medium Value,Low-Med Value / Low Risk,1,No
2483-XSSMZ,No,0.0737,Low Risk,47.85,1886.4,3.53,One year,39,25-48 months,Medium Value,Low-Med Value / Low Risk,3,DSL
8603-IJWDN,Yes,0.7948,Critical Risk,86.6,86.6,68.83,Month-to-month,1,0-12 months,Low Value,Low-Med Value / High Risk,4,Fiber optic
8165-ZJRNM,No,0.0025,Low Risk,23.75,1679.25,0.06,Two year,72,49+ months,Medium Value,Low-Med Value / Low Risk,2,No
9369-XFEHK,Yes,0.4264,Medium Risk,80.6,2656.5,34.37,Month-to-month,33,25-48 months,Medium Value,Low-Med Value / Low Risk,4,Fiber optic
2604-XVDAM,No,0.2473,Low Risk,43.8,540.95,10.83,Month-to-month,12,0-12 months,Medium Value,Low-Med Value / Low Risk,2,DSL
3717-OFRTN,No,0.1834,Low Risk,19.75,19.75,3.62,Month-to-month,1,0-12 months,Low Value,Low-Med Value / Low Risk,1,No
9046-JBFWA,No,0.0546,Low Risk,19.15,537.35,1.05,Month-to-month,27,25-48 months,Medium Value,Low-Med Value / Low Risk,1,No
3280-NMUVX,No,0.0187,Low Risk,19.6,678.8,0.37,One year,34,25-48 months,Medium Value,Low-Med Value / Low Risk,1,No
1206-EHBDD,No,0.0307,Low Risk,80.3,4513.65,2.47,Two year,56,49+ months,High Value,High Value / Low Risk,4,Fiber optic
8361-LBRDI,No,0.0056,Low Risk,24.35,1423.85,0.14,Two year,58,49+ months,Medium Value,Low-Med Value / Low Risk,2,No
4883-KCPZJ,No,0.0229,Low Risk,25.25,555.4,0.58,Two year,22,13-24 months,Medium Value,Low-Med Value / Low Risk,2,No
9108-EQPNQ,No,0.0379,Low Risk,26.1,225.55,0.99,Two year,10,0-12 months,Low Value,Low-Med Value / Low Risk,2,No
7277-KAMWT,No,0.0318,Low Risk,20.0,268.45,0.64,Two year,13,13-24 months,Low Value,Low-Med Value / Low Risk,1,No
3842-IYKUE,Yes,0.2172,Low Risk,85.3,2917.5,18.53,Month-to-month,35,25-48 months,Medium Value,Low-Med Value / Low Risk,5,Fiber optic
6641-XRPSU,Yes,0.3309,Medium Risk,70.0,2416.1,23.16,Month-to-month,34,25-48 months,Medium Value,Low-Med Value / Low Risk,2,Fiber optic
1374-DMZUI,Yes,0.8409,Critical Risk,94.3,424.45,79.3,Month-to-month,4,0-12 months,Medium Value,Low-Med Value / High Risk,5,Fiber optic
2545-LXYVJ,No,0.0022,Low Risk,20.7,1492.1,0.05,Two year,72,49+ months,Medium Value,Low-Med Value / Low Risk,1,No
3234-VKACU,No,0.4353,Medium Risk,70.3,132.4,30.6,Month-to-month,2,0-12 months,Low Value,Low-Med Value / Low Risk,5,DSL
8357-EQXFO,Yes,0.7456,High Risk,95.35,660.9,71.09,Month-to-month,7,0-12 months,Medium Value,Low-Med Value / High Risk,5,Fiber optic
1989-PRJHP,Yes,0.6014,High Risk,75.5,1893.95,45.4,Month-to-month,27,25-48 months,Medium Value,Low-Med Value / High Risk,3,Fiber optic
8120-JDCAM,No,0.5651,High Risk,69.55,284.9,39.3,Month-to-month,4,0-12 months,Low Value,Low-Med Value / High Risk,2,Fiber optic
8917-FAEMR,No,0.0117,Low Risk,19.85,784.25,0.23,Two year,37,25-48 months,Medium Value,Low-Med Value / Low Risk,1,No
7047-YXDMZ,No,0.0861,Low Risk,20.0,417.7,1.72,Month-to-month,21,13-24 months,Medium Value,Low-Med Value / Low Risk,1,No
2858-EIMXH,No,0.2921,Medium Risk,95.85,5016.25,28.0,One year,53,49+ months,High Value,High Value / Low Risk,5,Fiber optic
9524-EGPJC,Yes,0.6154,High Risk,90.1,1612.75,55.45,Month-to-month,18,13-24 months,Medium Value,Low-Med Value / High Risk,5,Fiber optic
6993-OHLXR,Yes,0.6138,High Risk,68.95,119.75,42.32,Month-to-month,2,0-12 months,Low Value,Low-Med Value / High Risk,2,Fiber optic
8818-XYFCQ,Yes,0.4263,Medium Risk,99.55,3204.65,42.44,Month-to-month,32,25-48 months,Medium Value,Low-Med Value / Low Risk,6,Fiber optic
6419-ZTTLE,No,0.0908,Low Risk,20.75,485.2,1.88,One year,23,13-24 months,Medium Value,Low-Med Value / Low Risk,1,No
0929-HYQEW,No,0.3242,Medium Risk,50.15,160.85,16.26,Month-to-month,3,0-12 months,Low Value,Low-Med Value / Low Risk,3,DSL
6614-YOLAC,No,0.0087,Low Risk,58.65,4145.25,0.51,Two year,71,49+ months,High Value,High Value / Low Risk,6,DSL
7426-RHZGU,No,0.5767,High Risk,95.9,827.45,55.31,Month-to-month,9,0-12 months,Medium Value,Low-Med Value / High Risk,5,Fiber optic
4065-JJAVA,No,0.3836,Medium Risk,49.5,49.5,18.99,Month-to-month,1,0-12 months,Low Value,Low-Med Value / Low Risk,3,DSL
4695-VADHF,Yes,0.2851,Medium Risk,57.45,990.85,16.38,Month-to-month,18,13-24 months,Medium Value,Low-Med Value / Low Risk,4,DSL
3863-IUBJR,Yes,0.146,Low Risk,53.65,696.35,7.83,One year,12,0-12 months,Medium Value,Low-Med Value / Low Risk,3,DSL
7649-SIJJF,No,0.0128,Low Risk,80.1,5585.4,1.03,Two year,71,49+ months,High Value,High Value / Low Risk,8,DSL
9361-YNQWJ,No,0.0121,Low Risk,24.4,1601.2,0.3,One year,64,49+ months,Medium Value,Low-Med Value / Low Risk,2,No
3748-FVMZZ,No,0.5888,High Risk,40.05,162.45,23.58,Month-to-month,4,0-12 months,Low Value,Low-Med Value / High Risk,3,DSL
9391-TTOYH,No,0.1097,Low Risk,19.5,470.2,2.14,Month-to-month,23,13-24 months,Medium Value,Low-Med Value / Low Risk,1,No
1452-XRSJV,No,0.0548,Low Risk,51.05,2066.0,2.8,Month-to-month,39,25-48 months,Medium Value,Low-Med Value / Low Risk,3,DSL
3422-WJOYD,No,0.0423,Low Risk,54.35,1426.45,2.3,One year,28,25-48 months,Medium Value,Low-Med Value / Low Risk,4,DSL
8242-SOQUO,No,0.7146,High Risk,84.7,392.5,60.53,Month-to-month,5,0-12 months,Low Value,Low-Med Value / High Risk,4,Fiber optic
7460-ITWWP,No,0.4525,Medium Risk,86.1,3861.45,38.96,Month-to-month,45,25-48 months,High Value,High Value / Low Risk,4,Fiber optic
7147-AYBAA,No,0.3302,Medium Risk,70.35,2552.9,23.23,Month-to-month,37,25-48 months,Medium Value,Low-Med Value / Low Risk,2,Fiber optic
7868-TMWMZ,No,0.0602,Low Risk,110.0,6668.35,6.62,Two year,60,49+ months,High Value,High Value / Low Risk,8,Fiber optic
4822-RVYBB,Yes,0.8186,Critical Risk,100.6,819.4,82.35,Month-to-month,8,0-12 months,Medium Value,Low-Med Value / High Risk,6,Fiber optic
6732-FZUGP,No,0.1324,Low Risk,94.9,4615.25,12.57,One year,47,25-48 months,High Value,High Value / Low Risk,6,Fiber optic
8436-BJUMM,Yes,0.5948,High Risk,83.75,2070.6,49.81,Month-to-month,26,25-48 months,Medium Value,Low-Med Value / High Risk,4,Fiber optic
4184-TJFAN,Yes,0.4685,Medium Risk,88.3,273.75,41.37,Month-to-month,3,0-12 months,Low Value,Low-Med Value / Low Risk,5,Fiber optic
8329-GWVPJ,No,0.1946,Low Risk,69.75,3557.7,13.58,Month-to-month,50,49+ months,Medium Value,Low-Med Value / Low Risk,2,Fiber optic
1352-VHKAJ,No,0.2062,Low Risk,71.6,1957.1,14.77,Month-to-month,27,25-48 months,Medium Value,Low-Med Value / Low Risk,6,DSL
4145-UQXUQ,Yes,0.7761,Critical Risk,92.1,729.95,71.48,Month-to-month,8,0-12 months,Medium Value,Low-Med Value / High Risk,5,Fiber optic
2632-TACXW,No,0.0049,Low Risk,23.65,1416.75,0.12,Two year,62,49+ months,Medium Value,Low-Med Value / Low Risk,2,No
8146-QQKZH,No,0.0095,Low Risk,81.85,5924.4,0.78,Two year,71,49+ months,High Value,High Value / Low Risk,7,DSL
1767-CJKBA,No,0.0045,Low Risk,25.1,1697.7,0.11,Two year,66,49+ months,Medium Value,Low-Med Value / Low Risk,2,No
6445-TNRXS,No,0.0501,Low Risk,114.7,7849.85,5.75,Two year,68,49+ months,High Value,High Value / Low Risk,9,Fiber optic
4581-LNWUM,No,0.5476,High Risk,49.15,649.4,26.91,Month-to-month,13,13-24 months,Medium Value,Low-Med Value / High Risk,4,DSL
4869-EPIUS,No,0.2044,Low Risk,80.9,4557.5,16.54,One year,56,49+ months,High Value,High Value / Low Risk,3,Fiber optic
9948-YPTDG,Yes,0.288,Medium Risk,79.45,3013.05,22.88,Month-to-month,38,25-48 months,Medium Value,Low-Med Value / Low Risk,4,Fiber optic
1236-WFCDV,Yes,0.5691,High Risk,90.45,1266.1,51.47,Month-to-month,14,13-24 months,Medium Value,Low-Med Value / High Risk,4,Fiber optic
1915-OAKWD,No,0.0606,Low Risk,19.3,360.35,1.17,One year,16,13-24 months,Low Value,Low-Med Value / Low Risk,1,No
7296-PIXQY,No,0.4596,Medium Risk,70.2,1046.5,32.27,Month-to-month,14,13-24 months,Medium Value,Low-Med Value / Low Risk,2,Fiber optic
4883-QICIH,Yes,0.3185,Medium Risk,69.75,2347.9,22.22,Month-to-month,32,25-48 months,Medium Value,Low-Med Value / Low Risk,2,Fiber optic
3354-OADJP,No,0.0808,Low Risk,54.25,447.75,4.38,One year,8,0-12 months,Medium Value,Low-Med Value / Low Risk,4,DSL
3524-WQDSG,No,0.4451,Medium Risk,99.3,4209.95,44.2,Month-to-month,43,25-48 months,High Value,High Value / Low Risk,6,Fiber optic
0810-DHDBD,No,0.0306,Low Risk,74.0,3877.65,2.27,One year,52,49+ months,High Value,High Value / Low Risk,7,DSL
4026-SKKHW,No,0.3345,Medium Risk,50.25,152.3,16.81,Month-to-month,3,0-12 months,Low Value,Low-Med Value / Low Risk,3,DSL
2829-HYVZP,No,0.0451,Low Risk,19.8,572.2,0.89,One year,29,25-48 months,Medium Value,Low-Med Value / Low Risk,1,No
8329-IBCTI,Yes,0.1907,Low Risk,19.65,19.65,3.75,Month-to-month,1,0-12 months,Low Value,Low-Med Value / Low Risk,1,No
1271-SJBGZ,Yes,0.5403,High Risk,43.65,526.95,23.58,Month-to-month,12,0-12 months,Medium Value,Low-Med Value / High Risk,4,DSL
3845-JHAMY,No,0.3922,Medium Risk,35.5,552.7,13.92,Month-to-month,16,13-24 months,Medium Value,Low-Med Value / Low Risk,2,DSL
7013-PSXHK,No,0.1293,Low Risk,80.75,3208.65,10.44,One year,40,25-48 months,Medium Value,Low-Med Value / Low Risk,7,DSL
5669-SRAIP,Yes,0.5676,High Risk,39.5,210.75,22.42,Month-to-month,5,0-12 months,Low Value,Low-Med Value / High Risk,3,DSL
5981-ITEMU,Yes,0.5138,High Risk,97.1,3706.95,49.89,Month-to-month,40,25-48 months,Medium Value,Low-Med Value / High Risk,5,Fiber optic
3486-NPGST,No,0.0222,Low Risk,19.55,620.75,0.43,One year,36,25-48 months,Medium Value,Low-Med Value / Low Risk,1,No
6941-PMGEP,Yes,0.7209,High Risk,80.0,412.5,57.67,Month-to-month,5,0-12 months,Medium Value,Low-Med Value / High Risk,3,Fiber optic
1624-WOIWJ,Yes,0.5143,High Risk,84.7,832.05,43.56,Month-to-month,10,0-12 months,Medium Value,Low-Med Value / High Risk,4,Fiber optic
2074-GKOWZ,Yes,0.6711,High Risk,89.55,185.55,60.1,Month-to-month,2,0-12 months,Low Value,Low-Med Value / High Risk,4,Fiber optic
0376-YMCJC,Yes,0.5752,High Risk,90.6,1943.2,52.11,Month-to-month,23,13-24 months,Medium Value,Low-Med Value / High Risk,5,Fiber optic
6100-FJZDG,No,0.0395,Low Risk,20.05,505.9,0.79,One year,26,25-48 months,Medium Value,Low-Med Value / Low Risk,1,No
4829-ZLJTK,No,0.1148,Low Risk,112.4,8046.85,12.9,Two year,72,49+ months,High Value,High Value / Low Risk,8,Fiber optic
1730-VFMWO,No,0.0893,Low Risk,50.2,1815.3,4.48,Month-to-month,34,25-48 months,Medium Value,Low-Med Value / Low Risk,3,DSL
7143-BQIBA,No,0.1782,Low Risk,62.25,612.95,11.09,Month-to-month,10,0-12 months,Medium Value,Low-Med Value / Low Risk,5,DSL
3800-LYTRK,No,0.0681,Low Risk,55.7,795.15,3.79,One year,14,13-24 months,Medium Value,Low-Med Value / Low Risk,4,DSL
0634-SZPQA,Yes,0.4789,Medium Risk,90.05,2169.8,43.12,Month-to-month,23,13-24 months,Medium Value,Low-Med Value / Low Risk,5,Fiber optic
9646-NMHXE,No,0.0077,Low Risk,19.65,973.1,0.15,Two year,47,25-48 months,Medium Value,Low-Med Value / Low Risk,1,No
7030-NJVDP,No,0.4128,Medium Risk,89.25,2210.2,36.84,Month-to-month,24,13-24 months,Medium Value,Low-Med Value / Low Risk,5,Fiber optic
5536-RTPWK,Yes,0.4353,Medium Risk,99.05,4853.75,43.12,Month-to-month,49,49+ months,High Value,High Value / Low Risk,6,Fiber optic
8883-GRDWQ,No,0.065,Low Risk,54.0,1055.9,3.51,One year,20,13-24 months,Medium Value,Low-Med Value / Low Risk,4,DSL
6166-ILMNY,Yes,0.5189,High Risk,69.75,144.55,36.19,Month-to-month,2,0-12 months,Low Value,Low-Med Value / High Risk,2,Fiber optic
3097-NNSPB,Yes,0.3647,Medium Risk,49.05,91.1,17.89,Month-to-month,2,0-12 months,Low Value,Low-Med Value / Low Risk,3,DSL
7771-ZONAT,No,0.0977,Low Risk,56.75,1304.85,5.54,Two year,22,13-24 months,Medium Value,Low-Med Value / Low Risk,5,DSL
0655-RBDUG,Yes,0.7416,High Risk,98.05,713.0,72.71,Month-to-month,7,0-12 months,Medium Value,Low-Med Value / High Risk,6,Fiber optic
2111-DWYHN,No,0.1899,Low Risk,21.1,21.1,4.01,Month-to-month,1,0-12 months,Low Value,Low-Med Value / Low Risk,1,No
4194-WHFCB,No,0.1837,Low Risk,96.65,5580.8,17.75,Month-to-month,59,49+ months,High Value,High Value / Low Risk,6,Fiber optic
4121-AGSIN,No,0.0126,Low Risk,24.5,1497.9,0.31,One year,58,49+ months,Medium Value,Low-Med Value / Low Risk,2,No
4361-BKAXE,Yes,0.3052,Medium Risk,114.5,4527.45,34.95,Month-to-month,41,25-48 months,High Value,High Value / Low Risk,9,Fiber optic
9845-PEEKO,No,0.0735,Low Risk,79.2,4590.35,5.82,Two year,59,49+ months,High Value,High Value / Low Risk,4,Fiber optic
0455-XFASS,No,0.6422,High Risk,69.55,200.2,44.67,Month-to-month,3,0-12 months,Low Value,Low-Med Value / High Risk,2,Fiber optic
0301-KOBTQ,No,0.0198,Low Risk,20.05,614.45,0.4,Two year,32,25-48 months,Medium Value,Low-Med Value / Low Risk,1,No
1751-NCDLI,No,0.6196,High Risk,98.85,4564.9,61.25,Month-to-month,46,25-48 months,High Value,High Value / High Risk,6,Fiber optic
4367-NUYAO,No,0.0664,Low Risk,25.75,0.0,1.71,Two year,0,0-12 months,Low Value,Low-Med Value / Low Risk,2,No
9878-TNQGW,Yes,0.7407,High Risk,80.95,171.15,59.96,Month-to-month,2,0-12 months,Low Value,Low-Med Value / High Risk,3,Fiber optic
9170-ARBTB,No,0.008,Low Risk,19.6,1012.4,0.16,One year,52,49+ months,Medium Value,Low-Med Value / Low Risk,1,No
4441-NIHPT,Yes,0.6359,High Risk,74.3,940.35,47.24,Month-to-month,13,13-24 months,Medium Value,Low-Med Value / High Risk,3,Fiber optic
8999-BOHSE,Yes,0.6013,High Risk,89.7,1047.7,53.93,Month-to-month,11,0-12 months,Medium Value,Low-Med Value / High Risk,4,Fiber optic
7241-AJHFS,No,0.1982,Low Risk,87.65,2766.4,17.37,Month-to-month,32,25-48 months,Medium Value,Low-Med Value / Low Risk,5,Fiber optic
7029-RPUAV,Yes,0.6985,High Risk,100.45,1622.45,70.17,Month-to-month,17,13-24 months,Medium Value,Low-Med Value / High Risk,6,Fiber optic
4546-FOKWR,No,0.5513,High Risk,74.75,1129.35,41.21,Month-to-month,16,13-24 months,Medium Value,Low-Med Value / High Risk,3,Fiber optic
9036-CSKBW,No,0.1529,Low Risk,107.45,5680.9,16.43,One year,51,49+ months,High Value,High Value / Low Risk,8,Fiber optic
5832-TRLPB,No,0.1309,Low Risk,75.35,2243.9,9.86,One year,29,25-48 months,Medium Value,Low-Med Value / Low Risk,6,DSL
8590-YFFQO,No,0.004,Low Risk,64.95,4523.25,0.26,Two year,70,49+ months,High Value,High Value / Low Risk,6,DSL
8659-IOOPU,No,0.0348,Low Risk,100.45,7159.7,3.49,Two year,71,49+ months,High Value,High Value / Low Risk,7,Fiber optic
1338-CECEE,No,0.0663,Low Risk,68.5,2839.95,4.54,One year,41,25-48 months,Medium Value,Low-Med Value / Low Risk,6,DSL
7439-DKZTW,No,0.7478,High Risk,80.55,80.55,60.24,Month-to-month,1,0-12 months,Low Value,Low-Med Value / High Risk,3,Fiber optic
4646-QZXTF,No,0.218,Low Risk,81.25,580.1,17.71,Month-to-month,7,0-12 months,Medium Value,Low-Med Value / Low Risk,7,DSL
4607-CHPCA,Yes,0.4195,Medium Risk,90.4,2178.6,37.93,One year,25,25-48 months,Medium Value,Low-Med Value / Low Risk,4,Fiber optic
9742-XOKTS,No,0.0447,Low Risk,89.55,6038.55,4.0,One year,67,49+ months,High Value,High Value / Low Risk,6,Fiber optic
6921-OZMFH,No,0.3332,Medium Risk,55.7,259.4,18.56,Month-to-month,5,0-12 months,Low Value,Low-Med Value / Low Risk,4,DSL
9578-FOMUK,No,0.2088,Low Risk,24.8,324.15,5.18,Month-to-month,15,13-24 months,Low Value,Low-Med Value / Low Risk,2,No
4712-UYOOI,No,0.0976,Low Risk,20.0,417.65,1.95,Month-to-month,20,13-24 months,Medium Value,Low-Med Value / Low Risk,1,No
8824-RWFXJ,Yes,0.3211,Medium Risk,56.15,168.15,18.03,Month-to-month,3,0-12 months,Low Value,Low-Med Value / Low Risk,4,DSL
7722-CVFXN,No,0.2198,Low Risk,105.2,5637.85,23.12,One year,54,49+ months,High Value,High Value / Low Risk,7,Fiber optic
8717-VCTXJ,No,0.0253,Low Risk,19.55,839.4,0.5,One year,42,25-48 months,Medium Value,Low-Med Value / Low Risk,1,No
7363-QTBIW,No,0.7012,High Risk,79.75,769.1,55.92,Month-to-month,9,0-12 months,Medium Value,Low-Med Value / High Risk,3,Fiber optic
4159-NAAIX,No,0.0864,Low Risk,97.45,6253.0,8.42,Two year,63,49+ months,High Value,High Value / Low Risk,6,Fiber optic
0971-QIFJK,No,0.0036,Low Risk,24.25,1641.8,0.09,Two year,69,49+ months,Medium Value,Low-Med Value / Low Risk,2,No
9397-TZSHA,No,0.0034,Low Risk,24.6,1678.05,0.08,Two year,69,49+ months,Medium Value,Low-Med Value / Low Risk,2,No
3391-JSQEW,No,0.1285,Low Risk,50.15,2058.5,6.44,Month-to-month,40,25-48 months,Medium Value,Low-Med Value / Low Risk,3,DSL
0343-QLUZP,No,0.0106,Low Risk,39.6,2424.5,0.42,Two year,60,49+ months,Medium Value,Low-Med Value / Low Risk,4,DSL
9763-PDTKK,Yes,0.4451,Medium Risk,94.4,387.2,42.01,Month-to-month,4,0-12 months,Low Value,Low-Med Value / Low Risk,6,Fiber optic
2176-LVPNX,No,0.0145,Low Risk,89.85,6293.45,1.3,Two year,71,49+ months,High Value,High Value / Low Risk,9,DSL
7627-JKIAZ,Yes,0.3829,Medium Risk,78.95,2839.65,30.23,Month-to-month,37,25-48 months,Medium Value,Low-Med Value / Low Risk,4,Fiber optic
3312-UUMZW,No,0.5443,High Risk,98.85,3145.9,53.81,Month-to-month,32,25-48 months,Medium Value,Low-Med Value / High Risk,6,Fiber optic
1271-UODNO,No,0.0402,Low Risk,53.85,2200.7,2.17,Two year,39,25-48 months,Medium Value,Low-Med Value / Low Risk,4,DSL
8461-EFQYM,No,0.0549,Low Risk,24.25,914.4,1.33,One year,38,25-48 months,Medium Value,Low-Med Value / Low Risk,2,No
6900-RBKER,No,0.1241,Low Risk,89.45,4577.75,11.1,Two year,52,49+ months,High Value,High Value / Low Risk,5,Fiber optic
6891-JPYFF,No,0.2875,Medium Risk,105.25,4997.5,30.26,Month-to-month,48,25-48 months,High Value,High Value / Low Risk,7,Fiber optic
1459-QNFQT,No,0.0099,Low Risk,59.5,4144.8,0.59,Two year,70,49+ months,High Value,High Value / Low Risk,6,DSL
1047-NNCBF,No,0.3631,Medium Risk,70.55,1493.55,25.61,Month-to-month,20,13-24 months,Medium Value,Low-Med Value / Low Risk,2,Fiber optic
3696-XRIEN,No,0.0651,Low Risk,82.5,4179.1,5.37,One year,50,49+ months,High Value,High Value / Low Risk,8,DSL
4081-DYXAV,Yes,0.3174,Medium Risk,44.85,893.55,14.24,One year,19,13-24 months,Medium Value,Low-Med Value / Low Risk,3,DSL
0074-HDKDG,No,0.0612,Low Risk,61.6,1611.0,3.77,One year,25,25-48 months,Medium Value,Low-Med Value / Low Risk,5,DSL
8791-GFXLZ,No,0.2907,Medium Risk,49.05,593.05,14.26,Month-to-month,12,0-12 months,Medium Value,Low-Med Value / Low Risk,3,DSL
8111-SLLHI,Yes,0.6392,High Risk,105.65,4284.8,67.53,Month-to-month,39,25-48 months,High Value,High Value / High Risk,7,Fiber optic
0927-LCSMG,Yes,0.4899,Medium Risk,74.65,544.55,36.57,Month-to-month,7,0-12 months,Medium Value,Low-Med Value / Low Risk,3,Fiber optic
9330-DHBFL,No,0.0488,Low Risk,66.25,1533.8,3.24,One year,23,13-24 months,Medium Value,Low-Med Value / Low Risk,6,DSL
0098-BOWSO,No,0.1246,Low Risk,19.4,529.8,2.42,Month-to-month,27,25-48 months,Medium Value,Low-Med Value / Low Risk,1,No
3452-ABWRL,No,0.4061,Medium Risk,86.05,3865.6,34.94,Month-to-month,47,25-48 months,High Value,High Value / Low Risk,4,Fiber optic
5859-HZYLF,No,0.021,Low Risk,19.15,515.75,0.4,Two year,26,25-48 months,Medium Value,Low-Med Value / Low Risk,1,No
8257-RZAHR,Yes,0.3387,Medium Risk,64.7,941.0,21.91,Month-to-month,14,13-24 months,Medium Value,Low-Med Value / Low Risk,5,DSL
5293-WXJAK,Yes,0.6679,High Risk,104.05,1133.65,69.5,Month-to-month,11,0-12 months,Medium Value,Low-Med Value / High Risk,7,Fiber optic
3156-QLHBO,No,0.156,Low Risk,19.25,48.35,3.0,Month-to-month,2,0-12 months,Low Value,Low-Med Value / Low Risk,1,No
2208-NQBCT,No,0.2365,Low Risk,81.95,2070.05,19.38,Month-to-month,26,25-48 months,Medium Value,Low-Med Value / Low Risk,4,Fiber optic
1779-PWPMG,No,0.064,Low Risk,114.65,8333.95,7.34,Two year,72,49+ months,High Value,High Value / Low Risk,9,Fiber optic
6621-NRZAK,No,0.0025,Low Risk,20.0,1209.25,0.05,Two year,63,49+ months,Medium Value,Low-Med Value / Low Risk,1,No
0831-JNISG,No,0.002,Low Risk,19.8,1396.25,0.04,Two year,71,49+ months,Medium Value,Low-Med Value / Low Risk,1,No
0774-IFUVM,No,0.3143,Medium Risk,65.15,723.35,20.48,Month-to-month,11,0-12 months,Medium Value,Low-Med Value / Low Risk,5,DSL
3082-WQRVY,No,0.0714,Low Risk,19.65,228.65,1.4,One year,14,13-24 months,Low Value,Low-Med Value / Low Risk,1,No
9553-DLCLU,No,0.0517,Low Risk,88.95,1161.75,4.6,Two year,13,13-24 months,Medium Value,Low-Med Value / Low Risk,9,DSL
1641-BYBTK,No,0.1782,Low Risk,20.2,98.35,3.6,Month-to-month,6,0-12 months,Low Value,Low-Med Value / Low Risk,1,No
2460-NGXBJ,No,0.5822,High Risk,75.2,775.3,43.78,Month-to-month,11,0-12 months,Medium Value,Low-Med Value / High Risk,3,Fiber optic
2446-ZKVAF,No,0.225,Low Risk,56.8,1074.65,12.78,Month-to-month,18,13-24 months,Medium Value,Low-Med Value / Low Risk,4,DSL
0841-NULXI,Yes,0.7006,High Risk,35.55,35.55,24.91,Month-to-month,1,0-12 months,Low Value,Low-Med Value / High Risk,2,DSL
3522-CDKHF,No,0.2688,Medium Risk,75.5,2324.7,20.3,Month-to-month,32,25-48 months,Medium Value,Low-Med Value / Low Risk,3,Fiber optic
1430-SFQSA,No,0.0609,Low Risk,35.6,1072.6,2.17,One year,29,25-48 months,Medium Value,Low-Med Value / Low Risk,3,DSL
0411-EZJZE,No,0.6199,High Risk,60.25,170.5,37.35,Month-to-month,3,0-12 months,Low Value,Low-Med Value / High Risk,4,DSL
7851-WZEKY,Yes,0.8255,Critical Risk,95.15,196.9,78.55,Month-to-month,2,0-12 months,Low Value,Low-Med Value / High Risk,5,Fiber optic
8844-TONUD,Yes,0.5902,High Risk,96.65,1162.85,57.05,Month-to-month,13,13-24 months,Medium Value,Low-Med Value / High Risk,5,Fiber optic
8807-ARQET,No,0.2675,Medium Risk,40.35,1677.85,10.79,Month-to-month,41,25-48 months,Medium Value,Low-Med Value / Low Risk,3,DSL
8992-CEUEN,No,0.2462,Low Risk,18.85,18.85,4.64,Month-to-month,1,0-12 months,Low Value,Low-Med Value / Low Risk,1,No
4320-QMLLA,No,0.3525,Medium Risk,54.85,370.4,19.33,Month-to-month,7,0-12 months,Low Value,Low-Med Value / Low Risk,3,DSL
8777-PVYGU,No,0.0483,Low Risk,64.3,3410.6,3.1,One year,52,49+ months,Medium Value,Low-Med Value / Low Risk,5,DSL
8292-ITGYJ,No,0.0124,Low Risk,24.65,1138.8,0.31,Two year,45,25-48 months,Medium Value,Low-Med Value / Low Risk,2,No
6870-ZWMNX,No,0.0117,Low Risk,76.1,5264.25,0.89,Two year,70,49+ months,High Value,High Value / Low Risk,7,DSL
0621-CXBKL,No,0.0056,Low Risk,18.7,1005.7,0.1,Two year,53,49+ months,Medium Value,Low-Med Value / Low Risk,1,No
5268-DSMNQ,No,0.1669,Low Risk,97.95,5936.55,16.34,One year,62,49+ months,High Value,High Value / Low Risk,6,Fiber optic
5334-JLAXU,No,0.2005,Low Risk,94.1,5475.9,18.87,Month-to-month,60,49+ months,High Value,High Value / Low Risk,6,Fiber optic
4086-YQSNZ,Yes,0.7625,Critical Risk,80.4,224.05,61.3,Month-to-month,3,0-12 months,Low Value,Low-Med Value / High Risk,3,Fiber optic
6242-MBHPK,No,0.6062,High Risk,95.1,2326.05,57.65,Month-to-month,23,13-24 months,Medium Value,Low-Med Value / High Risk,5,Fiber optic
5868-CZJDR,Yes,0.4751,Medium Risk,31.35,31.35,14.89,Month-to-month,1,0-12 months,Low Value,Low-Med Value / Low Risk,2,DSL
9359-UGBTK,No,0.0198,Low Risk,72.35,4991.5,1.44,One year,67,49+ months,High Value,High Value / Low Risk,6,DSL
0135-NMXAP,Yes,0.6161,High Risk,89.75,1052.4,55.3,Month-to-month,12,0-12 months,Medium Value,Low-Med Value / High Risk,5,Fiber optic
4782-OSFXZ,No,0.0137,Low Risk,82.7,5831.2,1.13,Two year,71,49+ months,High Value,High Value / Low Risk,8,DSL
6479-OAUSD,No,0.0343,Low Risk,19.9,510.8,0.68,One year,25,25-48 months,Medium Value,Low-Med Value / Low Risk,1,No
7129-ACFOG,No,0.4484,Medium Risk,53.8,283.95,24.12,Month-to-month,5,0-12 months,Low Value,Low-Med Value / Low Risk,4,DSL
4189-NAKJS,No,0.1474,Low Risk,51.55,1295.4,7.6,One year,26,25-48 months,Medium Value,Low-Med Value / Low Risk,3,DSL
5562-BETPV,No,0.0895,Low Risk,19.65,19.65,1.76,One year,1,0-12 months,Low Value,Low-Med Value / Low Risk,1,No
1282-IHQAC,No,0.0414,Low Risk,44.05,3011.65,1.83,One year,70,49+ months,Medium Value,Low-Med Value / Low Risk,4,DSL
9127-FHJBZ,No,0.0631,Low Risk,114.0,8093.15,7.19,Two year,72,49+ months,High Value,High Value / Low Risk,9,Fiber optic
6270-OMFIW,Yes,0.223,Low Risk,94.4,5610.25,21.05,One year,60,49+ months,High Value,High Value / Low Risk,5,Fiber optic
1641-RQDAY,No,0.6182,High Risk,100.4,3217.65,62.07,Month-to-month,32,25-48 months,Medium Value,Low-Med Value / High Risk,6,Fiber optic
0107-WESLM,Yes,0.3216,Medium Risk,19.85,19.85,6.38,Month-to-month,1,0-12 months,Low Value,Low-Med Value / Low Risk,1,No
6994-ORCWG,No,0.2118,Low Risk,54.25,773.2,11.49,One year,14,13-24 months,Medium Value,Low-Med Value / Low Risk,4,DSL
1346-UFHAX,No,0.4763,Medium Risk,80.0,1029.35,38.1,Month-to-month,13,13-24 months,Medium Value,Low-Med Value / Low Risk,4,Fiber optic
3992-YWPKO,Yes,0.6109,High Risk,109.9,669.45,67.14,Month-to-month,6,0-12 months,Medium Value,Low-Med Value / High Risk,8,Fiber optic
2933-XEUJM,No,0.041,Low Risk,79.2,3593.8,3.25,Two year,46,25-48 months,Medium Value,Low-Med Value / Low Risk,7,DSL
0125-LZQXK,Yes,0.6225,High Risk,101.35,1553.95,63.09,Month-to-month,15,13-24 months,Medium Value,Low-Med Value / High Risk,6,Fiber optic
5461-QKNTN,No,0.4405,Medium Risk,94.3,3953.15,41.54,Month-to-month,43,25-48 months,High Value,High Value / Low Risk,6,Fiber optic
4835-YSJMR,No,0.0296,Low Risk,49.8,1971.15,1.47,Two year,39,25-48 months,Medium Value,Low-Med Value / Low Risk,3,DSL
8399-YNDCH,Yes,0.327,Medium Risk,60.05,1236.15,19.64,Month-to-month,21,13-24 months,Medium Value,Low-Med Value / Low Risk,4,DSL
3164-YAXFY,No,0.183,Low Risk,53.75,3196.0,9.84,Month-to-month,57,49+ months,Medium Value,Low-Med Value / Low Risk,5,DSL
0887-WBJVH,No,0.22,Low Risk,93.45,4872.2,20.56,One year,53,49+ months,High Value,High Value / Low Risk,5,Fiber optic
4660-IRIBM,No,0.4034,Medium Risk,87.9,1500.5,35.46,Month-to-month,18,13-24 months,Medium Value,Low-Med Value / Low Risk,5,Fiber optic
5673-FSSMF,Yes,0.6382,High Risk,60.15,60.15,38.38,Month-to-month,1,0-12 months,Low Value,Low-Med Value / High Risk,4,DSL
7670-ZBPOQ,No,0.0256,Low Risk,61.05,3478.75,1.56,One year,58,49+ months,Medium Value,Low-Med Value / Low Risk,5,DSL
8089-UZWLX,No,0.0882,Low Risk,104.05,7413.55,9.18,Two year,71,49+ months,High Value,High Value / Low Risk,6,Fiber optic
0080-OROZO,No,0.3241,Medium Risk,99.25,3532.0,32.17,One year,35,25-48 months,Medium Value,Low-Med Value / Low Risk,6,Fiber optic
3916-NRPAP,No,0.5482,High Risk,85.7,256.75,46.98,Month-to-month,3,0-12 months,Low Value,Low-Med Value / High Risk,4,Fiber optic
6807-SIWJI,No,0.3329,Medium Risk,104.85,3887.25,34.9,One year,38,25-48 months,High Value,High Value / Low Risk,7,Fiber optic
8221-HVAYI,No,0.0228,Low Risk,69.15,2490.15,1.58,Two year,35,25-48 months,Medium Value,Low-Med Value / Low Risk,7,DSL
1579-KLYDT,Yes,0.7583,Critical Risk,90.45,593.45,68.59,Month-to-month,7,0-12 months,Medium Value,Low-Med Value / High Risk,5,Fiber optic
5232-NXPAY,No,0.0304,Low Risk,74.45,3510.3,2.27,Two year,47,25-48 months,Medium Value,Low-Med Value / Low Risk,6,DSL
8967-SZQAS,No,0.271,Medium Risk,50.45,765.45,13.67,Month-to-month,14,13-24 months,Medium Value,Low-Med Value / Low Risk,3,DSL
4468-KAZHE,No,0.3969,Medium Risk,60.0,1259.35,23.82,Month-to-month,20,13-24 months,Medium Value,Low-Med Value / Low Risk,4,DSL
0455-ENTCR,No,0.0199,Low Risk,85.25,5538.35,1.7,Two year,66,49+ months,High Value,High Value / Low Risk,8,DSL
8944-AILEF,No,0.1448,Low Risk,19.45,340.85,2.82,Month-to-month,15,13-24 months,Low Value,Low-Med Value / Low Risk,1,No
5542-NKVRU,No,0.0122,Low Risk,20.75,844.45,0.25,Two year,42,25-48 months,Medium Value,Low-Med Value / Low Risk,1,No
7126-RBHSD,No,0.4657,Medium Risk,78.9,1348.95,36.74,Month-to-month,17,13-24 months,Medium Value,Low-Med Value / Low Risk,4,Fiber optic
5370-IIVVL,No,0.2631,Medium Risk,104.5,3778.0,27.5,One year,37,25-48 months,Medium Value,Low-Med Value / Low Risk,7,Fiber optic
6789-HJBWG,No,0.3694,Medium Risk,49.4,611.65,18.25,Month-to-month,12,0-12 months,Medium Value,Low-Med Value / Low Risk,3,DSL
3927-NLNRY,Yes,0.1915,Low Risk,94.25,4867.95,18.05,One year,53,49+ months,High Value,High Value / Low Risk,5,Fiber optic
9087-EYCPR,No,0.0057,Low Risk,25.0,1505.05,0.14,Two year,60,49+ months,Medium Value,Low-Med Value / Low Risk,2,No
6791-YBNAK,No,0.2442,Low Risk,25.55,467.85,6.24,Month-to-month,18,13-24 months,Medium Value,Low-Med Value / Low Risk,1,DSL
6358-LYNGM,Yes,0.7618,Critical Risk,74.9,74.9,57.06,Month-to-month,1,0-12 months,Low Value,Low-Med Value / High Risk,3,Fiber optic
6077-BDPXA,No,0.6852,High Risk,70.15,194.2,48.07,Month-to-month,3,0-12 months,Low Value,Low-Med Value / High Risk,2,Fiber optic
0013-MHZWF,No,0.3114,Medium Risk,69.4,571.45,21.61,Month-to-month,9,0-12 months,Medium Value,Low-Med Value / Low Risk,5,DSL
5494-HECPR,Yes,0.7449,High Risk,80.25,80.25,59.78,Month-to-month,1,0-12 months,Low Value,Low-Med Value / High Risk,3,Fiber optic
8268-YDIXR,No,0.1397,Low Risk,93.15,5253.95,13.01,One year,56,49+ months,High Value,High Value / Low Risk,6,Fiber optic
9824-BEMCV,Yes,0.5301,High Risk,69.0,1149.65,36.57,Month-to-month,17,13-24 months,Medium Value,Low-Med Value / High Risk,2,Fiber optic
1373-ORVIZ,Yes,0.4041,Medium Risk,66.35,740.8,26.81,Month-to-month,11,0-12 months,Medium Value,Low-Med Value / Low Risk,5,DSL
4291-SHSBH,No,0.6639,High Risk,69.55,521.35,46.18,Month-to-month,7,0-12 months,Medium Value,Low-Med Value / High Risk,2,Fiber optic
6980-IMXXE,No,0.002,Low Risk,20.2,1412.65,0.04,Two year,69,49+ months,Medium Value,Low-Med Value / Low Risk,1,No
9866-QEVEE,Yes,0.5991,High Risk,86.0,1532.45,51.52,Month-to-month,19,13-24 months,Medium Value,Low-Med Value / High Risk,4,Fiber optic
9897-KXHCM,Yes,0.6906,High Risk,80.3,250.05,55.45,Month-to-month,3,0-12 months,Low Value,Low-Med Value / High Risk,3,Fiber optic
0040-HALCW,No,0.0039,Low Risk,20.4,1090.6,0.08,Two year,54,49+ months,Medium Value,Low-Med Value / Low Risk,1,No
0784-GTUUK,No,0.0132,Low Risk,23.75,1446.8,0.31,One year,62,49+ months,Medium Value,Low-Med Value / Low Risk,2,No
7979-CORPM,Yes,0.5287,High Risk,90.55,2282.55,47.87,Month-to-month,24,13-24 months,Medium Value,Low-Med Value / High Risk,5,Fiber optic
2294-DMMUS,No,0.1221,Low Risk,70.45,4300.45,8.6,Month-to-month,62,49+ months,High Value,High Value / Low Risk,5,DSL
0872-JCPIB,No,0.2364,Low Risk,65.75,1111.2,15.54,Month-to-month,17,13-24 months,Medium Value,Low-Med Value / Low Risk,5,DSL
3055-MJDSB,No,0.4905,Medium Risk,24.6,190.1,12.07,Month-to-month,9,0-12 months,Low Value,Low-Med Value / Low Risk,1,DSL
9091-WTUUY,No,0.0071,Low Risk,69.25,4447.75,0.49,Two year,64,49+ months,High Value,High Value / Low Risk,6,DSL
1618-CFHME,Yes,0.7481,High Risk,75.9,143.35,56.78,Month-to-month,2,0-12 months,Low Value,Low-Med Value / High Risk,3,Fiber optic
3165-HDOEW,Yes,0.3894,Medium Risk,45.85,45.85,17.85,Month-to-month,1,0-12 months,Low Value,Low-Med Value / Low Risk,2,DSL
6581-NQCBA,Yes,0.5295,High Risk,49.95,810.2,26.45,Month-to-month,16,13-24 months,Medium Value,Low-Med Value / High Risk,4,DSL
7115-IRDHS,No,0.0032,Low Risk,24.65,1830.05,0.08,Two year,72,49+ months,Medium Value,Low-Med Value / Low Risk,2,No
8496-DMZUK,No,0.1448,Low Risk,90.4,2820.65,13.09,One year,30,25-48 months,Medium Value,Low-Med Value / Low Risk,6,Fiber optic
2040-VZIKE,No,0.3782,Medium Risk,100.85,4847.35,38.14,Month-to-month,49,49+ months,High Value,High Value / Low Risk,6,Fiber optic
9068-VPWQQ,No,0.013,Low Risk,75.35,4729.3,0.98,Two year,61,49+ months,High Value,High Value / Low Risk,7,DSL
0178-SZBHO,No,0.3196,Medium Risk,87.2,4017.45,27.87,Month-to-month,47,25-48 months,High Value,High Value / Low Risk,5,Fiber optic
0384-RVBPI,No,0.168,Low Risk,64.4,1398.6,10.82,Month-to-month,20,13-24 months,Medium Value,Low-Med Value / Low Risk,5,DSL
1689-MRZQR,Yes,0.3642,Medium Risk,78.3,2564.3,28.52,Month-to-month,34,25-48 months,Medium Value,Low-Med Value / Low Risk,3,Fiber optic
1299-AURJA,No,0.0027,Low Risk,24.7,1685.9,0.07,Two year,70,49+ months,Medium Value,Low-Med Value / Low Risk,2,No
4525-VZCZG,No,0.1227,Low Risk,105.85,5826.65,12.99,One year,54,49+ months,High Value,High Value / Low Risk,7,Fiber optic
1543-LLLFT,No,0.1551,Low Risk,98.3,6066.55,15.25,One year,61,49+ months,High Value,High Value / Low Risk,7,Fiber optic
5835-BEQEU,Yes,0.7425,High Risk,76.95,228.4,57.14,Month-to-month,3,0-12 months,Low Value,Low-Med Value / High Risk,3,Fiber optic
2788-CJQAQ,No,0.065,Low Risk,19.45,270.2,1.26,One year,13,13-24 months,Low Value,Low-Med Value / Low Risk,1,No
5565-FILXA,Yes,0.7817,Critical Risk,96.15,1529.2,75.16,Month-to-month,16,13-24 months,Medium Value,Low-Med Value / High Risk,5,Fiber optic
0319-QZTCO,No,0.3619,Medium Risk,58.7,168.6,21.25,Month-to-month,3,0-12 months,Low Value,Low-Med Value / Low Risk,4,DSL
2120-SMPEX,No,0.1023,Low Risk,20.15,536.35,2.06,Month-to-month,25,25-48 months,Medium Value,Low-Med Value / Low Risk,1,No
0096-FCPUF,No,0.232,Low Risk,64.5,1888.45,14.96,Month-to-month,30,25-48 months,Medium Value,Low-Med Value / Low Risk,5,DSL
0668-OGMHD,No,0.2663,Medium Risk,28.5,629.35,7.59,Month-to-month,21,13-24 months,Medium Value,Low-Med Value / Low Risk,2,DSL
5552-ZNFSJ,Yes,0.4274,Medium Risk,45.3,45.3,19.36,Month-to-month,1,0-12 months,Low Value,Low-Med Value / Low Risk,2,DSL
2223-KAGMX,Yes,0.1033,Low Risk,19.4,289.3,2.0,Month-to-month,15,13-24 months,Low Value,Low-Med Value / Low Risk,1,No
6507-ZJSUR,No,0.695,High Risk,90.45,2117.25,62.86,Month-to-month,23,13-24 months,Medium Value,Low-Med Value / High Risk,4,Fiber optic
9408-HRXRK,No,0.4019,Medium Risk,105.15,4730.9,42.26,Month-to-month,45,25-48 months,High Value,High Value / Low Risk,7,Fiber optic
5593-SUAOO,No,0.196,Low Risk,83.15,2033.05,16.3,One year,24,13-24 months,Medium Value,Low-Med Value / Low Risk,5,Fiber optic
7321-PKUYW,Yes,0.5774,High Risk,90.15,987.95,52.05,Month-to-month,11,0-12 months,Medium Value,Low-Med Value / High Risk,5,Fiber optic
2833-SLKDQ,Yes,0.3543,Medium Risk,45.05,45.05,15.96,Month-to-month,1,0-12 months,Low Value,Low-Med Value / Low Risk,2,DSL
6766-HFKLA,No,0.0868,Low Risk,103.2,5744.35,8.96,Two year,56,49+ months,High Value,High Value / Low Risk,7,Fiber optic
7595-EUIVN,Yes,0.5731,High Risk,75.8,75.8,43.44,Month-to-month,1,0-12 months,Low Value,Low-Med Value / High Risk,3,Fiber optic
7617-EYGLW,No,0.2481,Low Risk,19.45,19.45,4.82,Month-to-month,1,0-12 months,Low Value,Low-Med Value / Low Risk,1,No
2026-TGDHM,Yes,0.7078,High Risk,79.3,523.15,56.13,Month-to-month,7,0-12 months,Medium Value,Low-Med Value / High Risk,3,Fiber optic
9220-ZNKJI,No,0.0508,Low Risk,88.8,4805.3,4.51,Two year,55,49+ months,High Value,High Value / Low Risk,5,Fiber optic
4030-VPZBD,Yes,0.5453,High Risk,30.9,59.05,16.85,Month-to-month,2,0-12 months,Low Value,Low-Med Value / High Risk,2,DSL
2226-ICFDO,No,0.0142,Low Risk,85.9,6110.75,1.22,Two year,72,49+ months,High Value,High Value / Low Risk,8,DSL
0723-VSOBE,No,0.1247,Low Risk,34.2,1596.6,4.26,One year,45,25-48 months,Medium Value,Low-Med Value / Low Risk,2,DSL
5529-GIBVH,No,0.0074,Low Risk,20.15,1046.2,0.15,Two year,47,25-48 months,Medium Value,Low-Med Value / Low Risk,1,No
4187-CINZD,Yes,0.1814,Low Risk,95.25,4424.2,17.28,One year,46,25-48 months,High Value,High Value / Low Risk,5,Fiber optic
9992-UJOEL,No,0.3889,Medium Risk,50.3,92.75,19.56,Month-to-month,2,0-12 months,Low Value,Low-Med Value / Low Risk,3,DSL
4741-WWJQZ,No,0.5118,High Risk,80.15,194.55,41.02,Month-to-month,2,0-12 months,Low Value,Low-Med Value / High Risk,4,Fiber optic
6625-UTXEW,No,0.3666,Medium Risk,51.25,612.1,18.79,Month-to-month,12,0-12 months,Medium Value,Low-Med Value / Low Risk,3,DSL
6818-WOBHJ,Yes,0.261,Medium Risk,89.6,6127.6,23.39,Month-to-month,68,49+ months,High Value,High Value / Low Risk,5,Fiber optic
6244-BESBM,No,0.0496,Low Risk,95.2,6671.7,4.72,Two year,69,49+ months,High Value,High Value / Low Risk,5,Fiber optic
1004-NOZNR,No,0.0936,Low Risk,94.8,5264.3,8.88,One year,56,49+ months,High Value,High Value / Low Risk,5,Fiber optic
1251-STYSZ,No,0.68,High Risk,80.25,303.7,54.57,Month-to-month,4,0-12 months,Low Value,Low-Med Value / High Risk,4,Fiber optic
2612-PHGOX,No,0.0214,Low Risk,76.1,4818.8,1.63,Two year,64,49+ months,High Value,High Value / Low Risk,7,DSL
2408-TZMJL,Yes,0.2315,Low Risk,110.15,6448.05,25.5,One year,59,49+ months,High Value,High Value / Low Risk,8,Fiber optic
8480-PPONV,No,0.0399,Low Risk,115.55,7159.05,4.61,Two year,62,49+ months,High Value,High Value / Low Risk,9,Fiber optic
8780-IHCRN,No,0.0037,Low Risk,24.65,1574.5,0.09,Two year,63,49+ months,Medium Value,Low-Med Value / Low Risk,2,No
4598-ZADCK,No,0.0549,Low Risk,53.6,2879.2,2.94,One year,53,49+ months,Medium Value,Low-Med Value / Low Risk,6,DSL
1257-SXUXQ,No,0.14,Low Risk,19.45,86.05,2.72,Month-to-month,5,0-12 months,Low Value,Low-Med Value / Low Risk,1,No
9681-KYGYB,No,0.3118,Medium Risk,88.2,4159.45,27.5,Month-to-month,49,49+ months,High Value,High Value / Low Risk,6,Fiber optic
7182-OVLBJ,No,0.0856,Low Risk,101.15,6638.35,8.66,Two year,62,49+ months,High Value,High Value / Low Risk,6,Fiber optic
5095-ETBRJ,No,0.0074,Low Risk,56.8,3112.05,0.42,Two year,55,49+ months,Medium Value,Low-Med Value / Low Risk,5,DSL
7005-CYUIL,No,0.0464,Low Risk,99.4,7168.25,4.61,Two year,71,49+ months,High Value,High Value / Low Risk,7,Fiber optic
4821-WQOYN,No,0.0024,Low Risk,20.1,1326.25,0.05,Two year,72,49+ months,Medium Value,Low-Med Value / Low Risk,1,No
4730-AWNAU,No,0.0607,Low Risk,60.7,2234.55,3.69,One year,36,25-48 months,Medium Value,Low-Med Value / Low Risk,6,DSL
3452-FLHYD,No,0.0506,Low Risk,20.95,495.15,1.06,One year,25,25-48 months,Medium Value,Low-Med Value / Low Risk,1,No
2388-LAESQ,No,0.0636,Low Risk,114.85,8317.95,7.3,Two year,72,49+ months,High Value,High Value / Low Risk,9,Fiber optic
9531-NSBMR,No,0.0304,Low Risk,19.25,679.8,0.59,One year,36,25-48 months,Medium Value,Low-Med Value / Low Risk,1,No
6260-ONULR,No,0.563,High Risk,62.8,62.8,35.35,Month-to-month,1,0-12 months,Low Value,Low-Med Value / High Risk,4,DSL
4389-UEFCZ,No,0.1096,Low Risk,105.5,7544.0,11.57,Two year,72,49+ months,High Value,High Value / Low Risk,7,Fiber optic
8711-LOBKY,No,0.0035,Low Risk,19.85,1188.25,0.07,Two year,59,49+ months,Medium Value,Low-Med Value / Low Risk,1,No
9134-CEQMF,Yes,0.7897,Critical Risk,89.5,676.7,70.68,Month-to-month,7,0-12 months,Medium Value,Low-Med Value / High Risk,4,Fiber optic
8985-OOPOS,No,0.2024,Low Risk,74.1,74.1,15.0,One year,1,0-12 months,Low Value,Low-Med Value / Low Risk,6,DSL
8800-ZKRFW,No,0.5194,High Risk,107.5,3242.5,55.83,Month-to-month,30,25-48 months,Medium Value,Low-Med Value / High Risk,8,Fiber optic
2616-FLVQC,No,0.0034,Low Risk,19.55,1240.15,0.07,Two year,64,49+ months,Medium Value,Low-Med Value / Low Risk,1,No
9968-FFVVH,No,0.0134,Low Risk,68.8,4111.35,0.92,One year,63,49+ months,High Value,High Value / Low Risk,7,DSL
3108-PCCGG,No,0.0172,Low Risk,84.45,5899.85,1.46,Two year,72,49+ months,High Value,High Value / Low Risk,8,DSL
7993-PYKOF,Yes,0.4681,Medium Risk,75.0,632.95,35.11,Month-to-month,8,0-12 months,Medium Value,Low-Med Value / Low Risk,3,Fiber optic
8390-FESFV,No,0.022,Low Risk,84.5,5193.2,1.86,Two year,62,49+ months,High Value,High Value / Low Risk,8,DSL
3022-BEXHZ,No,0.0714,Low Risk,111.2,7530.8,7.94,Two year,67,49+ months,High Value,High Value / Low Risk,8,Fiber optic
5027-XWQHA,Yes,0.3809,Medium Risk,44.75,270.95,17.04,Month-to-month,6,0-12 months,Low Value,Low-Med Value / Low Risk,2,DSL
6248-TKCQV,No,0.0147,Low Risk,80.6,5460.2,1.18,Two year,70,49+ months,High Value,High Value / Low Risk,7,DSL
6729-GDNGC,No,0.4613,Medium Risk,80.7,1614.2,37.23,Month-to-month,20,13-24 months,Medium Value,Low-Med Value / Low Risk,3,Fiber optic
6198-ZFIOJ,No,0.6528,High Risk,75.6,402.5,49.35,Month-to-month,5,0-12 months,Medium Value,Low-Med Value / High Risk,3,Fiber optic
5989-OMNJE,No,0.1577,Low Risk,57.6,1367.75,9.08,One year,24,13-24 months,Medium Value,Low-Med Value / Low Risk,6,DSL
4566-QVRRW,Yes,0.4233,Medium Risk,44.05,483.7,18.65,Month-to-month,11,0-12 months,Medium Value,Low-Med Value / Low Risk,2,DSL
1291-CUOCY,No,0.0744,Low Risk,110.6,7962.2,8.23,Two year,72,49+ months,High Value,High Value / Low Risk,8,Fiber optic
9795-SHUHB,No,0.0051,Low Risk,58.2,3810.8,0.29,Two year,66,49+ months,High Value,High Value / Low Risk,5,DSL
3230-IUALN,No,0.0255,Low Risk,81.0,3533.6,2.07,Two year,45,25-48 months,Medium Value,Low-Med Value / Low Risk,7,DSL
0042-RLHYP,No,0.002,Low Risk,19.7,1396.9,0.04,Two year,69,49+ months,Medium Value,Low-Med Value / Low Risk,1,No
8519-IMDHU,Yes,0.6761,High Risk,85.6,1345.55,57.87,Month-to-month,15,13-24 months,Medium Value,Low-Med Value / High Risk,4,Fiber optic
4945-RVMTE,No,0.2422,Low Risk,59.55,1646.45,14.42,Month-to-month,28,25-48 months,Medium Value,Low-Med Value / Low Risk,4,DSL
0201-OAMXR,Yes,0.0703,Low Risk,115.55,8127.6,8.12,One year,70,49+ months,High Value,High Value / Low Risk,9,Fiber optic
1866-NXPSP,No,0.0507,Low Risk,75.55,2680.15,3.83,One year,36,25-48 months,Medium Value,Low-Med Value / Low Risk,7,DSL
3372-KWFBM,Yes,0.7331,High Risk,86.6,1281.0,63.49,Month-to-month,16,13-24 months,Medium Value,Low-Med Value / High Risk,4,Fiber optic
7831-QGOXH,Yes,0.6966,High Risk,85.2,1553.9,59.35,Month-to-month,18,13-24 months,Medium Value,Low-Med Value / High Risk,4,Fiber optic
6393-WRYZE,Yes,0.6445,High Risk,97.65,3207.55,62.94,Month-to-month,34,25-48 months,Medium Value,Low-Med Value / High Risk,5,Fiber optic
3941-XTSKM,No,0.091,Low Risk,45.1,2049.05,4.1,One year,42,25-48 months,Medium Value,Low-Med Value / Low Risk,4,DSL
1661-CZBAU,No,0.0536,Low Risk,70.95,3629.2,3.8,One year,48,25-48 months,Medium Value,Low-Med Value / Low Risk,6,DSL
6599-RCLCJ,Yes,0.4642,Medium Risk,109.55,5124.55,50.85,Month-to-month,47,25-48 months,High Value,High Value / Low Risk,8,Fiber optic
9831-BPFRI,Yes,0.1832,Low Risk,89.55,3474.45,16.4,One year,39,25-48 months,Medium Value,Low-Med Value / Low Risk,6,Fiber optic
5158-RIVOP,No,0.0274,Low Risk,20.9,202.3,0.57,Two year,11,0-12 months,Low Value,Low-Med Value / Low Risk,1,No
9788-YTFGE,No,0.2079,Low Risk,19.95,147.5,4.15,Month-to-month,7,0-12 months,Low Value,Low-Med Value / Low Risk,1,No
9277-JOOMO,No,0.2233,Low Risk,24.6,86.35,5.49,Month-to-month,3,0-12 months,Low Value,Low-Med Value / Low Risk,2,No
1907-YLNYW,No,0.3938,Medium Risk,66.7,579.0,26.26,Month-to-month,8,0-12 months,Medium Value,Low-Med Value / Low Risk,5,DSL
1725-MIMXW,Yes,0.218,Low Risk,19.45,19.45,4.24,Month-to-month,1,0-12 months,Low Value,Low-Med Value / Low Risk,1,No
8947-YRTDV,No,0.1194,Low Risk,94.8,3131.55,11.32,One year,32,25-48 months,Medium Value,Low-Med Value / Low Risk,6,Fiber optic
3161-ONRWK,No,0.0128,Low Risk,65.85,3928.3,0.84,One year,60,49+ months,High Value,High Value / Low Risk,6,DSL
0114-RSRRW,No,0.1753,Low Risk,19.95,187.75,3.5,Month-to-month,10,0-12 months,Low Value,Low-Med Value / Low Risk,1,No
4565-NLZBV,No,0.0047,Low Risk,24.65,1710.15,0.12,Two year,71,49+ months,Medium Value,Low-Med Value / Low Risk,2,No
0031-PVLZI,Yes,0.1415,Low Risk,20.35,76.35,2.88,Month-to-month,4,0-12 months,Low Value,Low-Med Value / Low Risk,1,No
7206-GZCDC,Yes,0.7334,High Risk,69.25,69.25,50.79,Month-to-month,1,0-12 months,Low Value,Low-Med Value / High Risk,2,Fiber optic
6682-VCIXC,No,0.0434,Low Risk,51.25,2151.6,2.22,One year,43,25-48 months,Medium Value,Low-Med Value / Low Risk,5,DSL
4791-QRGMF,Yes,0.2539,Medium Risk,99.5,5961.1,25.26,One year,59,49+ months,High Value,High Value / Low Risk,6,Fiber optic
6475-VHUIZ,No,0.176,Low Risk,54.25,1221.55,9.55,Month-to-month,23,13-24 months,Medium Value,Low-Med Value / Low Risk,4,DSL
3910-MRQOY,No,0.0022,Low Risk,19.4,1496.45,0.04,Two year,72,49+ months,Medium Value,Low-Med Value / Low Risk,1,No
0661-WCQNQ,No,0.0683,Low Risk,56.25,1292.2,3.84,One year,22,13-24 months,Medium Value,Low-Med Value / Low Risk,4,DSL
7537-RBWEA,No,0.5751,High Risk,25.15,25.15,14.46,Month-to-month,1,0-12 months,Low Value,Low-Med Value / High Risk,1,DSL
4656-CAURT,No,0.0037,Low Risk,23.95,1713.1,0.09,Two year,69,49+ months,Medium Value,Low-Med Value / Low Risk,2,No
0121-SNYRK,No,0.0363,Low Risk,35.4,1748.9,1.28,One year,50,49+ months,Medium Value,Low-Med Value / Low Risk,3,DSL
1768-ZAIFU,Yes,0.6811,High Risk,25.2,25.2,17.16,Month-to-month,1,0-12 months,Low Value,Low-Med Value / High Risk,1,DSL
4671-LXRDQ,Yes,0.4332,Medium Risk,45.0,96.45,19.49,Month-to-month,2,0-12 months,Low Value,Low-Med Value / Low Risk,2,DSL
3733-LSYCE,No,0.3705,Medium Risk,75.35,1114.55,27.92,Month-to-month,15,13-24 months,Medium Value,Low-Med Value / Low Risk,3,Fiber optic
6265-FRMTQ,No,0.0144,Low Risk,20.4,609.1,0.29,Two year,31,25-48 months,Medium Value,Low-Med Value / Low Risk,1,No
1934-SJVJK,Yes,0.1925,Low Risk,20.15,20.15,3.88,Month-to-month,1,0-12 months,Low Value,Low-Med Value / Low Risk,1,No
3838-OZURD,Yes,0.3328,Medium Risk,105.0,7133.25,34.94,Month-to-month,66,49+ months,High Value,High Value / Low Risk,7,Fiber optic
1371-DWPAZ,No,0.0776,Low Risk,56.05,0.0,4.35,Two year,0,0-12 months,Low Value,Low-Med Value / Low Risk,6,DSL
9269-CQOOL,Yes,0.3993,Medium Risk,54.7,169.45,21.84,Month-to-month,3,0-12 months,Low Value,Low-Med Value / Low Risk,3,DSL
2017-CCBLH,No,0.0429,Low Risk,20.0,141.6,0.86,Two year,8,0-12 months,Low Value,Low-Med Value / Low Risk,1,No
7690-KPNCU,No,0.0334,Low Risk,73.05,4688.65,2.44,One year,64,49+ months,High Value,High Value / Low Risk,6,DSL
0536-BGFMZ,No,0.0633,Low Risk,20.5,563.05,1.3,Month-to-month,28,25-48 months,Medium Value,Low-Med Value / Low Risk,1,No
2293-IJWPS,No,0.2592,Medium Risk,100.75,5985.0,26.12,One year,57,49+ months,High Value,High Value / Low Risk,6,Fiber optic
2845-HSJCY,Yes,0.6839,High Risk,87.25,1258.6,59.67,Month-to-month,14,13-24 months,Medium Value,Low-Med Value / High Risk,5,Fiber optic
5469-NUJUR,No,0.0383,Low Risk,19.95,373.5,0.76,Two year,19,13-24 months,Low Value,Low-Med Value / Low Risk,1,No
1184-PJVDB,Yes,0.6983,High Risk,79.95,857.2,55.83,Month-to-month,10,0-12 months,Medium Value,Low-Med Value / High Risk,3,Fiber optic
2625-TRCZQ,No,0.257,Medium Risk,49.65,2553.35,12.76,Month-to-month,51,49+ months,Medium Value,Low-Med Value / Low Risk,4,DSL
4102-HLENU,No,0.0092,Low Risk,65.65,4322.85,0.61,Two year,67,49+ months,High Value,High Value / Low Risk,6,DSL
7266-GSSJX,No,0.1947,Low Risk,20.45,250.8,3.98,Month-to-month,11,0-12 months,Low Value,Low-Med Value / Low Risk,1,No
7722-VJRQD,No,0.0095,Low Risk,60.95,4549.05,0.58,Two year,72,49+ months,High Value,High Value / Low Risk,6,DSL
7073-QETQY,No,0.0093,Low Risk,20.35,1359.5,0.19,One year,66,49+ months,Medium Value,Low-Med Value / Low Risk,1,No
9415-DPEWS,Yes,0.6243,High Risk,88.35,1639.3,55.16,Month-to-month,18,13-24 months,Medium Value,Low-Med Value / High Risk,5,Fiber optic
5624-RYAMH,No,0.2436,Low Risk,19.5,178.85,4.75,Month-to-month,9,0-12 months,Low Value,Low-Med Value / Low Risk,1,No
0196-JTUQI,No,0.6084,High Risk,75.2,633.85,45.75,Month-to-month,9,0-12 months,Medium Value,Low-Med Value / High Risk,3,Fiber optic
7130-YXBRO,No,0.3512,Medium Risk,111.45,5315.1,39.14,Month-to-month,48,25-48 months,High Value,High Value / Low Risk,8,Fiber optic
9272-LSVYH,No,0.4711,Medium Risk,70.15,735.5,33.05,Month-to-month,10,0-12 months,Medium Value,Low-Med Value / Low Risk,2,Fiber optic
7943-RQCHR,Yes,0.7965,Critical Risk,94.75,889.9,75.47,Month-to-month,9,0-12 months,Medium Value,Low-Med Value / High Risk,5,Fiber optic
3793-MMFUH,Yes,0.801,Critical Risk,95.05,1290.0,76.14,Month-to-month,13,13-24 months,Medium Value,Low-Med Value / High Risk,5,Fiber optic
3249-ZPQRG,Yes,0.6336,High Risk,78.45,330.05,49.71,Month-to-month,4,0-12 months,Low Value,Low-Med Value / High Risk,4,Fiber optic
2568-BRGYX,Yes,0.6806,High Risk,70.2,237.95,47.78,Month-to-month,4,0-12 months,Low Value,Low-Med Value / High Risk,2,Fiber optic
3084-DOWLE,No,0.0114,Low Risk,92.0,6474.4,1.05,Two year,72,49+ months,High Value,High Value / Low Risk,9,DSL
1084-MNSMJ,No,0.0123,Low Risk,85.5,4421.95,1.05,Two year,51,49+ months,High Value,High Value / Low Risk,8,DSL
7721-JXEAW,Yes,0.1093,Low Risk,41.05,2452.7,4.49,Month-to-month,59,49+ months,Medium Value,Low-Med Value / Low Risk,3,DSL
7249-WBIYX,Yes,0.7507,Critical Risk,85.6,813.85,64.26,Month-to-month,10,0-12 months,Medium Value,Low-Med Value / High Risk,4,Fiber optic
4238-HFHSN,No,0.3031,Medium Risk,82.15,4904.85,24.9,Month-to-month,61,49+ months,High Value,High Value / Low Risk,4,Fiber optic
6250-CGGUN,No,0.0628,Low Risk,84.4,4484.05,5.3,One year,54,49+ months,High Value,High Value / Low Risk,5,Fiber optic
5478-JJVZK,No,0.1469,Low Risk,60.9,2033.85,8.95,Month-to-month,33,25-48 months,Medium Value,Low-Med Value / Low Risk,5,DSL
7596-IIWYC,No,0.0244,Low Risk,20.25,538.2,0.49,Two year,27,25-48 months,Medium Value,Low-Med Value / Low Risk,1,No
6567-HOOPW,Yes,0.7747,Critical Risk,79.2,79.2,61.36,Month-to-month,1,0-12 months,Low Value,Low-Med Value / High Risk,3,Fiber optic
9793-WECQC,No,0.4549,Medium Risk,95.3,2192.9,43.35,Month-to-month,23,13-24 months,Medium Value,Low-Med Value / Low Risk,5,Fiber optic
4291-HPAXL,No,0.1605,Low Risk,19.85,19.85,3.19,Month-to-month,1,0-12 months,Low Value,Low-Med Value / Low Risk,1,No
8999-YPYBV,No,0.0243,Low Risk,84.35,3858.05,2.05,Two year,45,25-48 months,High Value,High Value / Low Risk,8,DSL
1839-FBNFR,No,0.0118,Low Risk,19.85,854.8,0.23,Two year,39,25-48 months,Medium Value,Low-Med Value / Low Risk,1,No
3164-AALRN,Yes,0.3413,Medium Risk,70.0,347.4,23.89,One year,5,0-12 months,Low Value,Low-Med Value / Low Risk,5,DSL
3071-MVJCD,No,0.0064,Low Risk,82.3,5815.15,0.53,Two year,72,49+ months,High Value,High Value / Low Risk,8,DSL
1697-BCSHV,No,0.0972,Low Risk,66.8,3970.4,6.5,Month-to-month,58,49+ months,High Value,High Value / Low Risk,5,DSL
0562-KBDVM,No,0.0072,Low Risk,44.6,3058.15,0.32,Two year,70,49+ months,Medium Value,Low-Med Value / Low Risk,5,DSL
1131-SUEKT,No,0.1053,Low Risk,98.45,6145.2,10.37,One year,61,49+ months,High Value,High Value / Low Risk,6,Fiber optic
3717-OEAUQ,No,0.5356,High Risk,70.7,129.2,37.87,Month-to-month,2,0-12 months,Low Value,Low-Med Value / High Risk,2,Fiber optic
4538-WNTMJ,No,0.0164,Low Risk,24.95,1165.9,0.41,One year,46,25-48 months,Medium Value,Low-Med Value / Low Risk,2,No
3334-CTHOL,Yes,0.4924,Medium Risk,49.95,49.95,24.59,Month-to-month,1,0-12 months,Low Value,Low-Med Value / Low Risk,3,DSL
4704-ERYFC,Yes,0.5399,High Risk,69.25,1554.0,37.39,Month-to-month,22,13-24 months,Medium Value,Low-Med Value / High Risk,2,Fiber optic
9432-RUVSL,No,0.074,Low Risk,102.5,4904.25,7.58,Two year,48,25-48 months,High Value,High Value / Low Risk,7,Fiber optic
8060-HIWJJ,No,0.0209,Low Risk,86.55,5632.55,1.8,Two year,64,49+ months,High Value,High Value / Low Risk,8,DSL
7684-XSZIY,No,0.0025,Low Risk,24.3,1643.25,0.06,Two year,72,49+ months,Medium Value,Low-Med Value / Low Risk,2,No
9089-UOWJG,No,0.32,Medium Risk,58.35,740.55,18.67,Month-to-month,12,0-12 months,Medium Value,Low-Med Value / Low Risk,4,DSL
8621-MNIHH,Yes,0.5899,High Risk,94.25,3217.55,55.59,Month-to-month,34,25-48 months,Medium Value,Low-Med Value / High Risk,6,Fiber optic
8039-ACLPL,No,0.0057,Low Risk,68.75,4888.2,0.39,Two year,72,49+ months,High Value,High Value / Low Risk,6,DSL
9885-AIBVB,No,0.5166,High Risk,85.8,2440.25,44.32,Month-to-month,29,25-48 months,Medium Value,Low-Med Value / High Risk,5,Fiber optic
1934-MKPXS,No,0.0193,Low Risk,20.1,620.55,0.39,One year,33,25-48 months,Medium Value,Low-Med Value / Low Risk,1,No
2592-YKDIF,No,0.1888,Low Risk,20.35,20.35,3.84,Month-to-month,1,0-12 months,Low Value,Low-Med Value / Low Risk,1,No
2272-JKMSI,No,0.187,Low Risk,110.8,6840.95,20.72,One year,62,49+ months,High Value,High Value / Low Risk,8,Fiber optic
0471-LVHGK,Yes,0.2267,Low Risk,73.0,3001.2,16.55,One year,41,25-48 months,Medium Value,Low-Med Value / Low Risk,6,DSL
9518-RWHZL,Yes,0.2052,Low Risk,100.05,6254.2,20.53,One year,64,49+ months,High Value,High Value / Low Risk,6,Fiber optic
8714-CTZJW,No,0.6358,High Risk,82.85,319.6,52.67,Month-to-month,4,0-12 months,Low Value,Low-Med Value / High Risk,4,Fiber optic
3569-EDBPQ,No,0.4028,Medium Risk,84.35,1938.05,33.97,Month-to-month,24,13-24 months,Medium Value,Low-Med Value / Low Risk,5,Fiber optic
3131-NWVFJ,No,0.0502,Low Risk,19.55,294.5,0.98,One year,14,13-24 months,Low Value,Low-Med Value / Low Risk,1,No
7521-YXVZY,No,0.1481,Low Risk,19.95,58.3,2.95,Month-to-month,3,0-12 months,Low Value,Low-Med Value / Low Risk,1,No
5419-CONWX,Yes,0.6768,High Risk,99.8,442.85,67.54,Month-to-month,4,0-12 months,Medium Value,Low-Med Value / High Risk,6,Fiber optic
6240-EURKS,Yes,0.4661,Medium Risk,35.0,553.0,16.31,Month-to-month,18,13-24 months,Medium Value,Low-Med Value / Low Risk,2,DSL
2373-NTKOD,No,0.5642,High Risk,66.25,546.45,37.38,Month-to-month,8,0-12 months,Medium Value,Low-Med Value / High Risk,4,DSL
1970-KKFWL,No,0.0165,Low Risk,23.3,797.1,0.38,Two year,35,25-48 months,Medium Value,Low-Med Value / Low Risk,2,No
6960-HVYXR,Yes,0.6798,High Risk,76.0,76.0,51.66,Month-to-month,1,0-12 months,Low Value,Low-Med Value / High Risk,3,Fiber optic
9337-SRRNI,No,0.0046,Low Risk,25.3,1673.8,0.12,Two year,66,49+ months,Medium Value,Low-Med Value / Low Risk,2,No
0895-UADGO,No,0.1106,Low Risk,44.55,343.45,4.93,Two year,8,0-12 months,Low Value,Low-Med Value / Low Risk,4,DSL
5678-VFNEQ,No,0.1381,Low Risk,104.1,7412.25,14.38,One year,71,49+ months,High Value,High Value / Low Risk,7,Fiber optic
5977-CKHON,No,0.3686,Medium Risk,92.55,4039.0,34.11,Month-to-month,43,25-48 months,High Value,High Value / Low Risk,5,Fiber optic
7024-OHCCK,Yes,0.8476,Critical Risk,93.85,170.85,79.55,Month-to-month,2,0-12 months,Low Value,Low-Med Value / High Risk,5,Fiber optic
2692-BUCFV,No,0.5181,High Risk,101.45,2948.6,52.56,Month-to-month,29,25-48 months,Medium Value,Low-Med Value / High Risk,6,Fiber optic
7861-UVUFT,Yes,0.6541,High Risk,84.3,1308.4,55.14,Month-to-month,15,13-24 months,Medium Value,Low-Med Value / High Risk,4,Fiber optic
1830-GGFNM,No,0.0172,Low Risk,94.55,6078.75,1.63,Two year,65,49+ months,High Value,High Value / Low Risk,7,Fiber optic
5302-BDJNT,No,0.4066,Medium Risk,95.5,3418.2,38.83,Month-to-month,35,25-48 months,Medium Value,Low-Med Value / Low Risk,6,Fiber optic
5223-UZAVK,No,0.1089,Low Risk,100.3,6603.8,10.92,One year,64,49+ months,High Value,High Value / Low Risk,6,Fiber optic
4859-ZSRDZ,No,0.0293,Low Risk,55.5,3166.9,1.62,Two year,58,49+ months,Medium Value,Low-Med Value / Low Risk,5,DSL
5651-WYIPH,No,0.2569,Medium Risk,49.85,865.75,12.8,Month-to-month,18,13-24 months,Medium Value,Low-Med Value / Low Risk,3,DSL
9350-VLHMB,No,0.2172,Low Risk,89.55,6373.1,19.45,Month-to-month,67,49+ months,High Value,High Value / Low Risk,5,Fiber optic
3498-LZGQZ,No,0.0042,Low Risk,19.15,1177.05,0.08,Two year,63,49+ months,Medium Value,Low-Med Value / Low Risk,1,No
8785-CJSHH,No,0.4468,Medium Risk,99.8,5985.75,44.59,Month-to-month,60,49+ months,High Value,High Value / Low Risk,6,Fiber optic
5357-TZHPP,Yes,0.7033,High Risk,84.4,732.5,59.36,Month-to-month,9,0-12 months,Medium Value,Low-Med Value / High Risk,4,Fiber optic
3870-SPZSI,No,0.0444,Low Risk,113.05,7869.05,5.02,Two year,70,49+ months,High Value,High Value / Low Risk,9,Fiber optic
0680-DFNNY,Yes,0.7641,Critical Risk,101.1,1504.05,77.25,Month-to-month,15,13-24 months,Medium Value,Low-Med Value / High Risk,6,Fiber optic
7560-QRBXH,No,0.0104,Low Risk,19.95,936.7,0.21,One year,48,25-48 months,Medium Value,Low-Med Value / Low Risk,1,No
7077-XJMET,No,0.435,Medium Risk,74.15,741.4,32.25,Month-to-month,12,0-12 months,Medium Value,Low-Med Value / Low Risk,6,DSL
8752-GHJFU,No,0.0834,Low Risk,92.0,6585.2,7.67,One year,71,49+ months,High Value,High Value / Low Risk,7,Fiber optic
6896-SRVYQ,No,0.2971,Medium Risk,73.85,3122.4,21.94,Month-to-month,44,25-48 months,Medium Value,Low-Med Value / Low Risk,3,Fiber optic
7767-UXAGJ,Yes,0.5892,High Risk,50.45,50.45,29.73,Month-to-month,1,0-12 months,Low Value,Low-Med Value / High Risk,3,DSL
4652-ODEVH,No,0.0093,Low Risk,24.45,1088.25,0.23,Two year,45,25-48 months,Medium Value,Low-Med Value / Low Risk,2,No
6510-UPNKS,No,0.05,Low Risk,24.8,615.35,1.24,One year,23,13-24 months,Medium Value,Low-Med Value / Low Risk,2,No
6718-BDGHG,No,0.0881,Low Risk,64.85,2908.2,5.71,One year,43,25-48 months,Medium Value,Low-Med Value / Low Risk,5,DSL
9046-DQMTP,No,0.0438,Low Risk,20.75,739.9,0.91,Month-to-month,35,25-48 months,Medium Value,Low-Med Value / Low Risk,1,No
6439-LAJXL,No,0.2259,Low Risk,68.95,593.85,15.58,Month-to-month,9,0-12 months,Medium Value,Low-Med Value / Low Risk,6,DSL
1571-SAVHK,Yes,0.6447,High Risk,99.95,1132.75,64.44,Month-to-month,12,0-12 months,Medium Value,Low-Med Value / High Risk,6,Fiber optic
9052-VKDUW,No,0.2862,Medium Risk,109.4,7227.45,31.31,Month-to-month,65,49+ months,High Value,High Value / Low Risk,8,Fiber optic
9546-CQJSU,Yes,0.7805,Critical Risk,91.4,193.6,71.34,Month-to-month,2,0-12 months,Low Value,Low-Med Value / High Risk,5,Fiber optic
1666-JZPZT,No,0.2081,Low Risk,49.0,1291.35,10.19,Month-to-month,27,25-48 months,Medium Value,Low-Med Value / Low Risk,3,DSL
5777-KJIRB,No,0.0743,Low Risk,50.25,2023.55,3.73,One year,40,25-48 months,Medium Value,Low-Med Value / Low Risk,3,DSL
0506-LVNGN,Yes,0.5963,High Risk,75.55,349.65,45.05,Month-to-month,5,0-12 months,Low Value,Low-Med Value / High Risk,3,Fiber optic
7677-SJJJK,No,0.0598,Low Risk,19.9,153.95,1.19,One year,8,0-12 months,Low Value,Low-Med Value / Low Risk,1,No
2480-EJWYP,No,0.2455,Low Risk,97.8,5458.8,24.01,One year,58,49+ months,High Value,High Value / Low Risk,6,Fiber optic
3253-HKOKL,No,0.1359,Low Risk,100.3,5244.45,13.63,One year,52,49+ months,High Value,High Value / Low Risk,6,Fiber optic
7055-HNEOJ,No,0.3276,Medium Risk,55.8,154.55,18.28,Month-to-month,3,0-12 months,Low Value,Low-Med Value / Low Risk,4,DSL
5514-YQENT,No,0.0917,Low Risk,111.15,4507.15,10.2,Two year,41,25-48 months,High Value,High Value / Low Risk,8,Fiber optic
3211-AAPKX,No,0.6038,High Risk,98.55,2031.95,59.5,Month-to-month,20,13-24 months,Medium Value,Low-Med Value / High Risk,6,Fiber optic
8445-DNBAE,No,0.5353,High Risk,50.05,50.05,26.79,Month-to-month,1,0-12 months,Low Value,Low-Med Value / High Risk,3,DSL
2951-QOQTK,Yes,0.4167,Medium Risk,80.8,332.45,33.67,Month-to-month,4,0-12 months,Low Value,Low-Med Value / Low Risk,4,Fiber optic
2958-NHPPS,No,0.104,Low Risk,20.85,473.9,2.17,Month-to-month,23,13-24 months,Medium Value,Low-Med Value / Low Risk,1,No
6806-YDEUL,No,0.1679,Low Risk,19.5,106.8,3.27,Month-to-month,6,0-12 months,Low Value,Low-Med Value / Low Risk,1,No
1735-XMJVH,No,0.1705,Low Risk,19.35,152.6,3.3,Month-to-month,8,0-12 months,Low Value,Low-Med Value / Low Risk,1,No
6890-PFRQX,No,0.2394,Low Risk,69.5,1199.4,16.63,Month-to-month,18,13-24 months,Medium Value,Low-Med Value / Low Risk,6,DSL
0222-CNVPT,No,0.1653,Low Risk,48.8,2555.05,8.07,Month-to-month,52,49+ months,Medium Value,Low-Med Value / Low Risk,4,DSL
5899-OUVKV,No,0.5718,High Risk,94.5,2979.2,54.04,Month-to-month,31,25-48 months,Medium Value,Low-Med Value / High Risk,5,Fiber optic
8681-ICONS,No,0.0716,Low Risk,20.65,654.85,1.48,Month-to-month,29,25-48 months,Medium Value,Low-Med Value / Low Risk,1,No
1621-YNCJH,No,0.0897,Low Risk,106.05,3834.4,9.52,Two year,36,25-48 months,High Value,High Value / Low Risk,8,Fiber optic
3473-XIIIT,Yes,0.7304,High Risk,100.0,1534.75,73.04,Month-to-month,16,13-24 months,Medium Value,Low-Med Value / High Risk,6,Fiber optic
6362-QHAFM,No,0.3559,Medium Risk,108.3,4586.15,38.54,One year,42,25-48 months,High Value,High Value / Low Risk,7,Fiber optic
7893-IXHRQ,Yes,0.2445,Low Risk,20.55,20.55,5.02,Month-to-month,1,0-12 months,Low Value,Low-Med Value / Low Risk,1,No
3070-BDOQC,No,0.1307,Low Risk,99.65,5941.05,13.02,Two year,60,49+ months,High Value,High Value / Low Risk,6,Fiber optic
2952-QAYZF,Yes,0.6926,High Risk,85.3,424.15,59.08,Month-to-month,5,0-12 months,Medium Value,Low-Med Value / High Risk,5,Fiber optic
6234-PFPXL,No,0.3154,Medium Risk,95.9,2234.95,30.24,Month-to-month,22,13-24 months,Medium Value,Low-Med Value / Low Risk,6,Fiber optic
9824-QCJPK,No,0.0232,Low Risk,20.0,666.75,0.46,One year,36,25-48 months,Medium Value,Low-Med Value / Low Risk,1,No
4763-PGDPO,Yes,0.5921,High Risk,70.4,281.0,41.69,Month-to-month,4,0-12 months,Low Value,Low-Med Value / High Risk,2,Fiber optic
4283-IVYCI,No,0.1863,Low Risk,64.95,547.8,12.1,Month-to-month,9,0-12 months,Medium Value,Low-Med Value / Low Risk,5,DSL
1866-OBPNR,No,0.4291,Medium Risk,74.6,74.6,32.01,Month-to-month,1,0-12 months,Low Value,Low-Med Value / Low Risk,3,Fiber optic
8205-MQUGY,No,0.2739,Medium Risk,49.2,571.15,13.47,Month-to-month,12,0-12 months,Medium Value,Low-Med Value / Low Risk,3,DSL
8970-ANWXO,No,0.2147,Low Risk,73.75,1756.6,15.83,One year,23,13-24 months,Medium Value,Low-Med Value / Low Risk,6,DSL
9480-BQJEI,No,0.1143,Low Risk,92.3,5731.45,10.55,One year,62,49+ months,High Value,High Value / Low Risk,6,Fiber optic
5394-SVGJV,Yes,0.3651,Medium Risk,98.8,3475.55,36.07,Month-to-month,37,25-48 months,Medium Value,Low-Med Value / Low Risk,6,Fiber optic
6979-TNDEU,No,0.1464,Low Risk,19.2,156.85,2.81,Month-to-month,8,0-12 months,Low Value,Low-Med Value / Low Risk,1,No
9777-WJJPR,No,0.418,Medium Risk,88.65,2683.2,37.06,Month-to-month,31,25-48 months,Medium Value,Low-Med Value / Low Risk,5,Fiber optic
9283-LZQOH,Yes,0.5317,High Risk,74.4,896.75,39.56,Month-to-month,13,13-24 months,Medium Value,Low-Med Value / High Risk,3,Fiber optic
7079-QRCBC,Yes,0.7162,High Risk,98.75,2407.3,70.73,Month-to-month,24,13-24 months,Medium Value,Low-Med Value / High Risk,6,Fiber optic
9495-SKLKD,No,0.3383,Medium Risk,95.95,4456.65,32.46,Month-to-month,45,25-48 months,High Value,High Value / Low Risk,6,Fiber optic
6048-UWKAL,No,0.0578,Low Risk,105.4,6998.95,6.09,Two year,69,49+ months,High Value,High Value / Low Risk,7,Fiber optic
5067-DGXLL,No,0.185,Low Risk,20.25,36.8,3.75,Month-to-month,2,0-12 months,Low Value,Low-Med Value / Low Risk,1,No
5469-CTCWN,Yes,0.1858,Low Risk,106.0,6547.7,19.7,One year,61,49+ months,High Value,High Value / Low Risk,7,Fiber optic
9851-QXEEQ,Yes,0.5829,High Risk,104.7,4346.4,61.03,Month-to-month,41,25-48 months,High Value,High Value / High Risk,7,Fiber optic
6281-FKEWS,No,0.208,Low Risk,49.05,2265.0,10.2,One year,44,25-48 months,Medium Value,Low-Med Value / Low Risk,4,DSL
8898-KASCD,No,0.0569,Low Risk,35.55,1309.15,2.02,One year,39,25-48 months,Medium Value,Low-Med Value / Low Risk,3,DSL
9242-TKFSV,No,0.0118,Low Risk,65.1,4754.3,0.77,Two year,72,49+ months,High Value,High Value / Low Risk,7,DSL
9290-SHCMB,No,0.735,High Risk,96.85,1235.55,71.19,Month-to-month,13,13-24 months,Medium Value,Low-Med Value / High Risk,5,Fiber optic
0743-HNPFG,No,0.0231,Low Risk,69.75,3562.5,1.61,One year,51,49+ months,Medium Value,Low-Med Value / Low Risk,6,DSL
2277-BKJKN,No,0.1206,Low Risk,99.2,7213.75,11.96,Two year,71,49+ months,High Value,High Value / Low Risk,6,Fiber optic
9809-IMGCQ,Yes,0.7518,Critical Risk,96.7,2082.95,72.7,Month-to-month,22,13-24 months,Medium Value,Low-Med Value / High Risk,5,Fiber optic
5208-HFSBT,Yes,0.2796,Medium Risk,55.05,102.75,15.39,Month-to-month,2,0-12 months,Low Value,Low-Med Value / Low Risk,4,DSL
5035-PGZXH,No,0.3068,Medium Risk,106.8,5914.4,32.76,One year,56,49+ months,High Value,High Value / Low Risk,7,Fiber optic
8695-WDYEA,No,0.2598,Medium Risk,51.25,51.25,13.31,Month-to-month,1,0-12 months,Low Value,Low-Med Value / Low Risk,3,DSL
6543-JXSOO,No,0.0511,Low Risk,57.75,1282.85,2.95,One year,23,13-24 months,Medium Value,Low-Med Value / Low Risk,5,DSL
8016-ZMGMO,No,0.0571,Low Risk,70.85,4738.85,4.05,One year,66,49+ months,High Value,High Value / Low Risk,6,DSL
8605-ITULD,No,0.191,Low Risk,19.55,19.55,3.73,Month-to-month,1,0-12 months,Low Value,Low-Med Value / Low Risk,1,No
3254-YRILK,Yes,0.7019,High Risk,88.2,1775.8,61.9,Month-to-month,19,13-24 months,Medium Value,Low-Med Value / High Risk,5,Fiber optic
6416-YJTTB,No,0.4236,Medium Risk,79.5,795.65,33.67,Month-to-month,11,0-12 months,Medium Value,Low-Med Value / Low Risk,4,Fiber optic
2667-WYLWJ,Yes,0.091,Low Risk,19.75,145.0,1.8,One year,8,0-12 months,Low Value,Low-Med Value / Low Risk,1,No
4472-VESGY,No,0.1583,Low Risk,98.15,4993.4,15.54,Month-to-month,52,49+ months,High Value,High Value / Low Risk,7,Fiber optic
3195-TQDZX,No,0.3003,Medium Risk,20.25,61.45,6.08,Month-to-month,3,0-12 months,Low Value,Low-Med Value / Low Risk,1,No
3128-YOVTD,No,0.1238,Low Risk,79.15,4018.55,9.8,Month-to-month,51,49+ months,High Value,High Value / Low Risk,4,Fiber optic
0529-ONKER,Yes,0.6124,High Risk,75.65,1146.65,46.33,Month-to-month,15,13-24 months,Medium Value,Low-Med Value / High Risk,3,Fiber optic
1728-CXQBE,No,0.3814,Medium Risk,94.25,6081.4,35.95,Month-to-month,64,49+ months,High Value,High Value / Low Risk,6,Fiber optic
7041-TXQJH,No,0.2443,Low Risk,40.2,1478.85,9.82,Month-to-month,37,25-48 months,Medium Value,Low-Med Value / Low Risk,3,DSL
5014-GSOUQ,No,0.035,Low Risk,19.95,243.65,0.7,Two year,13,13-24 months,Low Value,Low-Med Value / Low Risk,1,No
5724-BIDBU,No,0.07,Low Risk,55.35,2633.95,3.87,One year,49,49+ months,Medium Value,Low-Med Value / Low Risk,4,DSL
0481-SUMCB,No,0.3563,Medium Risk,102.15,4735.35,36.4,One year,45,25-48 months,High Value,High Value / Low Risk,6,Fiber optic
1769-GRUIK,No,0.5595,High Risk,71.1,1247.75,39.78,Month-to-month,18,13-24 months,Medium Value,Low-Med Value / High Risk,2,Fiber optic
5240-IJOQT,Yes,0.7876,Critical Risk,74.7,74.7,58.84,Month-to-month,1,0-12 months,Low Value,Low-Med Value / High Risk,3,Fiber optic
8819-WFGGJ,No,0.0264,Low Risk,54.1,3794.5,1.43,Two year,68,49+ months,High Value,High Value / Low Risk,5,DSL
7427-AUFPY,No,0.0048,Low Risk,19.65,1008.7,0.09,Two year,54,49+ months,Medium Value,Low-Med Value / Low Risk,1,No
2811-POVEX,No,0.4494,Medium Risk,88.45,2130.55,39.75,Month-to-month,23,13-24 months,Medium Value,Low-Med Value / Low Risk,5,Fiber optic
1092-GANHU,Yes,0.5679,High Risk,76.65,1313.55,43.53,Month-to-month,17,13-24 months,Medium Value,Low-Med Value / High Risk,3,Fiber optic
7898-PDWQE,No,0.0082,Low Risk,80.4,5727.15,0.66,Two year,71,49+ months,High Value,High Value / Low Risk,8,DSL
9972-EWRJS,No,0.0032,Low Risk,19.25,1372.9,0.06,Two year,67,49+ months,Medium Value,Low-Med Value / Low Risk,1,No
9314-IJWSQ,No,0.6806,High Risk,84.8,1203.9,57.71,Month-to-month,14,13-24 months,Medium Value,Low-Med Value / High Risk,4,Fiber optic
0661-XEYAN,Yes,0.6073,High Risk,25.8,25.8,15.67,Month-to-month,1,0-12 months,Low Value,Low-Med Value / High Risk,1,DSL
5799-JRCZO,No,0.0025,Low Risk,19.5,1215.1,0.05,Two year,63,49+ months,Medium Value,Low-Med Value / Low Risk,1,No
1921-KYSAY,No,0.1296,Low Risk,68.6,2877.05,8.89,One year,41,25-48 months,Medium Value,Low-Med Value / Low Risk,6,DSL
6198-RTPMF,No,0.6912,High Risk,92.6,1579.7,64.01,Month-to-month,17,13-24 months,Medium Value,Low-Med Value / High Risk,5,Fiber optic
2924-KHUVI,No,0.2589,Medium Risk,100.55,5514.95,26.04,One year,56,49+ months,High Value,High Value / Low Risk,6,Fiber optic
1925-GMVBW,No,0.1477,Low Risk,20.55,96.1,3.04,Month-to-month,5,0-12 months,Low Value,Low-Med Value / Low Risk,1,No
7881-EVUAD,Yes,0.5588,High Risk,42.6,72.4,23.81,Month-to-month,2,0-12 months,Low Value,Low-Med Value / High Risk,4,DSL
6184-DYUOB,No,0.2409,Low Risk,19.6,55.25,4.72,Month-to-month,3,0-12 months,Low Value,Low-Med Value / Low Risk,1,No
9207-ZPANB,No,0.0496,Low Risk,67.45,2443.3,3.35,One year,37,25-48 months,Medium Value,Low-Med Value / Low Risk,7,DSL
5766-XQXMQ,Yes,0.1535,Low Risk,68.85,1970.5,10.57,Month-to-month,29,25-48 months,Medium Value,Low-Med Value / Low Risk,6,DSL
9327-QSDED,No,0.2965,Medium Risk,43.55,335.4,12.91,Month-to-month,8,0-12 months,Low Value,Low-Med Value / Low Risk,2,DSL
1656-DRSMG,No,0.2713,Medium Risk,109.85,7002.95,29.81,Month-to-month,63,49+ months,High Value,High Value / Low Risk,8,Fiber optic
3012-VFFMN,No,0.1253,Low Risk,20.65,158.95,2.59,Month-to-month,7,0-12 months,Low Value,Low-Med Value / Low Risk,1,No
2984-AFWNC,No,0.6658,High Risk,95.4,293.15,63.52,Month-to-month,3,0-12 months,Low Value,Low-Med Value / High Risk,5,Fiber optic
0640-YJTPY,No,0.0018,Low Risk,21.0,1493.75,0.04,Two year,72,49+ months,Medium Value,Low-Med Value / Low Risk,1,No
8096-LOIST,No,0.3974,Medium Risk,56.2,1093.4,22.33,Month-to-month,19,13-24 months,Medium Value,Low-Med Value / Low Risk,3,DSL
9764-REAFF,No,0.004,Low Risk,18.4,1057.85,0.07,Two year,59,49+ months,Medium Value,Low-Med Value / Low Risk,1,No
3703-VAVCL,Yes,0.4158,Medium Risk,90.0,190.05,37.43,Month-to-month,2,0-12 months,Low Value,Low-Med Value / Low Risk,5,Fiber optic
7107-UBYKY,No,0.0961,Low Risk,25.75,882.55,2.47,Month-to-month,35,25-48 months,Medium Value,Low-Med Value / Low Risk,2,No
4881-GQJTW,No,0.1064,Low Risk,19.6,300.4,2.09,Month-to-month,14,13-24 months,Low Value,Low-Med Value / Low Risk,1,No
8519-QJGJD,Yes,0.4982,Medium Risk,75.35,1025.95,37.54,Month-to-month,14,13-24 months,Medium Value,Low-Med Value / Low Risk,3,Fiber optic
7876-DNYAP,No,0.002,Low Risk,19.8,1436.95,0.04,Two year,69,49+ months,Medium Value,Low-Med Value / Low Risk,1,No
7905-NJMXS,No,0.2672,Medium Risk,64.2,475.0,17.16,Month-to-month,7,0-12 months,Medium Value,Low-Med Value / Low Risk,6,DSL
2882-WDTBA,No,0.0076,Low Risk,75.75,5388.15,0.57,Two year,69,49+ months,High Value,High Value / Low Risk,7,DSL
2091-GPPIQ,No,0.027,Low Risk,78.95,5730.15,2.13,Two year,72,49+ months,High Value,High Value / Low Risk,7,DSL
6326-MTTXK,Yes,0.7013,High Risk,100.85,819.55,70.73,Month-to-month,8,0-12 months,Medium Value,Low-Med Value / High Risk,6,Fiber optic
5071-FBJFS,No,0.2577,Medium Risk,50.3,217.1,12.96,Month-to-month,4,0-12 months,Low Value,Low-Med Value / Low Risk,3,DSL
2796-UUZZO,No,0.1172,Low Risk,80.3,4896.35,9.41,Month-to-month,63,49+ months,High Value,High Value / Low Risk,4,Fiber optic
2429-AYKKO,No,0.0022,Low Risk,19.85,1434.1,0.04,Two year,72,49+ months,Medium Value,Low-Med Value / Low Risk,1,No
9798-OPFEM,No,0.0147,Low Risk,21.1,937.1,0.31,Two year,46,25-48 months,Medium Value,Low-Med Value / Low Risk,1,No
0330-IVZHA,Yes,0.5896,High Risk,69.95,330.15,41.24,Month-to-month,5,0-12 months,Low Value,Low-Med Value / High Risk,2,Fiber optic
3794-NFNCH,No,0.1975,Low Risk,50.0,1474.9,9.87,Month-to-month,30,25-48 months,Medium Value,Low-Med Value / Low Risk,3,DSL
5193-QLVZB,No,0.1207,Low Risk,104.75,6536.5,12.65,Two year,63,49+ months,High Value,High Value / Low Risk,7,Fiber optic
7114-AEOZE,No,0.0037,Low Risk,19.85,1128.1,0.07,Two year,60,49+ months,Medium Value,Low-Med Value / Low Risk,1,No
2886-KEFUM,Yes,0.2807,Medium Risk,107.5,6873.75,30.17,One year,63,49+ months,High Value,High Value / Low Risk,7,Fiber optic
5522-NYKPB,No,0.3533,Medium Risk,85.9,2199.05,30.35,Month-to-month,25,25-48 months,Medium Value,Low-Med Value / Low Risk,4,Fiber optic
4237-RLAQD,Yes,0.4391,Medium Risk,45.85,45.85,20.13,Month-to-month,1,0-12 months,Low Value,Low-Med Value / Low Risk,2,DSL
9957-YODKZ,No,0.7507,Critical Risk,80.8,457.1,60.66,Month-to-month,6,0-12 months,Medium Value,Low-Med Value / High Risk,4,Fiber optic
6518-KZXCB,No,0.0316,Low Risk,25.25,566.5,0.8,Two year,22,13-24 months,Medium Value,Low-Med Value / Low Risk,2,No
2245-ADZFJ,No,0.0463,Low Risk,80.55,2471.6,3.73,Two year,31,25-48 months,Medium Value,Low-Med Value / Low Risk,7,DSL
7776-QGYJC,No,0.1958,Low Risk,81.5,3107.3,15.96,Month-to-month,39,25-48 months,Medium Value,Low-Med Value / Low Risk,4,Fiber optic
9313-QOLTZ,No,0.0685,Low Risk,20.9,518.3,1.43,Month-to-month,26,25-48 months,Medium Value,Low-Med Value / Low Risk,1,No
9651-GTSAQ,Yes,0.1477,Low Risk,106.1,5769.75,15.67,One year,53,49+ months,High Value,High Value / Low Risk,7,Fiber optic
3186-BAXNB,Yes,0.5314,High Risk,91.7,91.7,48.73,Month-to-month,1,0-12 months,Low Value,Low-Med Value / High Risk,5,Fiber optic
4672-FOTSD,No,0.2627,Medium Risk,67.25,832.3,17.67,Month-to-month,12,0-12 months,Medium Value,Low-Med Value / Low Risk,6,DSL
0637-YLETY,Yes,0.572,High Risk,95.6,1555.65,54.69,Month-to-month,16,13-24 months,Medium Value,Low-Med Value / High Risk,6,Fiber optic
9818-XQCUV,No,0.182,Low Risk,20.35,45.3,3.7,Month-to-month,2,0-12 months,Low Value,Low-Med Value / Low Risk,1,No
7338-ERIVA,No,0.0413,Low Risk,45.05,1790.6,1.86,One year,39,25-48 months,Medium Value,Low-Med Value / Low Risk,4,DSL
1157-BQCUW,Yes,0.7616,Critical Risk,74.95,74.95,57.08,Month-to-month,1,0-12 months,Low Value,Low-Med Value / High Risk,3,Fiber optic
8259-NFJTV,No,0.2105,Low Risk,34.65,246.6,7.29,Month-to-month,7,0-12 months,Low Value,Low-Med Value / Low Risk,3,DSL
3223-DWFIO,No,0.6347,High Risk,69.35,261.65,44.02,Month-to-month,4,0-12 months,Low Value,Low-Med Value / High Risk,2,Fiber optic
2660-EMUBI,Yes,0.8131,Critical Risk,95.35,898.35,77.53,Month-to-month,10,0-12 months,Medium Value,Low-Med Value / High Risk,5,Fiber optic
6968-GMKPR,No,0.2457,Low Risk,81.55,4509.5,20.04,Month-to-month,55,49+ months,High Value,High Value / Low Risk,4,Fiber optic
4751-ERMAN,No,0.0183,Low Risk,75.4,5480.25,1.38,Two year,72,49+ months,High Value,High Value / Low Risk,6,DSL
1436-ZMJAN,No,0.4461,Medium Risk,67.8,653.15,30.24,Month-to-month,10,0-12 months,Medium Value,Low-Med Value / Low Risk,5,DSL
3292-PBZEJ,No,0.7048,High Risk,111.4,1183.05,78.52,Month-to-month,11,0-12 months,Medium Value,Low-Med Value / High Risk,8,Fiber optic
0799-DDIHE,No,0.2472,Low Risk,46.3,639.45,11.44,Month-to-month,15,13-24 months,Medium Value,Low-Med Value / Low Risk,2,DSL
3070-FNFZQ,No,0.0167,Low Risk,20.4,478.75,0.34,Two year,23,13-24 months,Medium Value,Low-Med Value / Low Risk,1,No
2812-SFXMJ,No,0.16,Low Risk,20.05,20.05,3.21,Month-to-month,1,0-12 months,Low Value,Low-Med Value / Low Risk,1,No
7675-OZCZG,Yes,0.4388,Medium Risk,45.0,127.1,19.75,Month-to-month,3,0-12 months,Low Value,Low-Med Value / Low Risk,2,DSL
5014-WUQMG,No,0.1402,Low Risk,96.1,4391.45,13.48,One year,47,25-48 months,High Value,High Value / Low Risk,6,Fiber optic
5312-TSZVC,No,0.0466,Low Risk,19.65,270.6,0.91,One year,15,13-24 months,Low Value,Low-Med Value / Low Risk,1,No
2003-CKLOR,Yes,0.2603,Medium Risk,99.5,6710.5,25.9,Month-to-month,66,49+ months,High Value,High Value / Low Risk,6,Fiber optic
0993-OSGPT,No,0.0187,Low Risk,60.65,3975.9,1.13,One year,68,49+ months,High Value,High Value / Low Risk,5,DSL
9254-RBFON,Yes,0.2346,Low Risk,98.6,1704.95,23.13,One year,17,13-24 months,Medium Value,Low-Med Value / Low Risk,6,Fiber optic
1205-WNWPJ,Yes,0.3501,Medium Risk,59.5,415.95,20.83,Month-to-month,7,0-12 months,Medium Value,Low-Med Value / Low Risk,4,DSL
9391-EOYLI,Yes,0.7098,High Risk,80.45,950.2,57.1,Month-to-month,12,0-12 months,Medium Value,Low-Med Value / High Risk,3,Fiber optic
7108-DGVUU,No,0.1622,Low Risk,71.7,1497.05,11.63,One year,21,13-24 months,Medium Value,Low-Med Value / Low Risk,6,DSL
2782-JEEBU,No,0.2511,Medium Risk,36.0,780.15,9.04,Month-to-month,21,13-24 months,Medium Value,Low-Med Value / Low Risk,3,DSL
5127-BZENZ,No,0.0289,Low Risk,65.2,3512.15,1.89,One year,56,49+ months,Medium Value,Low-Med Value / Low Risk,5,DSL
2720-FVBQP,No,0.3873,Medium Risk,48.95,273.25,18.96,Month-to-month,6,0-12 months,Low Value,Low-Med Value / Low Risk,3,DSL
9906-NHHVC,No,0.0409,Low Risk,53.5,3517.9,2.19,Two year,65,49+ months,Medium Value,Low-Med Value / Low Risk,5,DSL
4522-XRWWI,No,0.0584,Low Risk,80.45,3375.9,4.69,One year,42,25-48 months,Medium Value,Low-Med Value / Low Risk,7,DSL
3766-EJLFL,No,0.0545,Low Risk,109.05,7508.55,5.94,Two year,68,49+ months,High Value,High Value / Low Risk,8,Fiber optic
5939-SXWHM,No,0.0075,Low Risk,26.3,1245.05,0.2,Two year,48,25-48 months,Medium Value,Low-Med Value / Low Risk,2,No
8152-UOBNY,No,0.3039,Medium Risk,106.8,5347.95,32.45,One year,50,49+ months,High Value,High Value / Low Risk,7,Fiber optic
7351-KYHQH,No,0.5014,High Risk,64.95,493.65,32.57,Month-to-month,7,0-12 months,Medium Value,Low-Med Value / High Risk,5,DSL
7643-RCHXS,No,0.0039,Low Risk,19.35,1263.85,0.08,Two year,63,49+ months,Medium Value,Low-Med Value / Low Risk,1,No
8246-SHFGA,No,0.0921,Low Risk,21.1,385.55,1.94,Month-to-month,17,13-24 months,Low Value,Low-Med Value / Low Risk,1,No
8387-MOJJT,Yes,0.3023,Medium Risk,77.95,3384.0,23.56,Month-to-month,42,25-48 months,Medium Value,Low-Med Value / Low Risk,3,Fiber optic
0620-XEFWH,No,0.1475,Low Risk,18.85,84.2,2.78,Month-to-month,4,0-12 months,Low Value,Low-Med Value / Low Risk,1,No
6485-QXWWE,No,0.0039,Low Risk,26.0,1638.7,0.1,Two year,62,49+ months,Medium Value,Low-Med Value / Low Risk,2,No
2761-OCIAX,Yes,0.6941,High Risk,74.7,165.4,51.85,Month-to-month,2,0-12 months,Low Value,Low-Med Value / High Risk,3,Fiber optic
7321-VGNKU,No,0.6962,High Risk,70.35,120.25,48.98,Month-to-month,2,0-12 months,Low Value,Low-Med Value / High Risk,2,Fiber optic
5327-CNLUQ,No,0.0934,Low Risk,96.9,4473.45,9.05,Two year,48,25-48 months,High Value,High Value / Low Risk,7,Fiber optic
7552-KEYGT,No,0.0179,Low Risk,19.55,520.55,0.35,Two year,27,25-48 months,Medium Value,Low-Med Value / Low Risk,1,No
5816-JMLGY,No,0.0145,Low Risk,80.4,5717.85,1.17,Two year,70,49+ months,High Value,High Value / Low Risk,7,DSL
3068-OMWZA,Yes,0.8186,Critical Risk,88.8,88.8,72.69,Month-to-month,1,0-12 months,Low Value,Low-Med Value / High Risk,5,Fiber optic
2927-QRRQV,No,0.3065,Medium Risk,94.65,4312.5,29.01,One year,46,25-48 months,High Value,High Value / Low Risk,6,Fiber optic
6032-KRXXO,Yes,0.611,High Risk,90.25,2755.35,55.15,Month-to-month,30,25-48 months,Medium Value,Low-Med Value / High Risk,4,Fiber optic
7459-RRWQZ,Yes,0.3255,Medium Risk,64.65,994.55,21.05,Month-to-month,15,13-24 months,Medium Value,Low-Med Value / Low Risk,5,DSL
6265-SXWBU,No,0.0749,Low Risk,95.75,6511.25,7.18,One year,69,49+ months,High Value,High Value / Low Risk,6,Fiber optic
7941-RCJOW,No,0.0042,Low Risk,19.55,1218.65,0.08,Two year,65,49+ months,Medium Value,Low-Med Value / Low Risk,1,No
6374-NTQLP,No,0.038,Low Risk,104.1,7447.7,3.96,Two year,72,49+ months,High Value,High Value / Low Risk,7,Fiber optic
4154-AQUGT,Yes,0.4967,Medium Risk,89.05,1169.35,44.23,Month-to-month,13,13-24 months,Medium Value,Low-Med Value / Low Risk,5,Fiber optic
2387-KDZQY,No,0.0751,Low Risk,20.1,279.5,1.51,One year,17,13-24 months,Low Value,Low-Med Value / Low Risk,1,No
3584-WKTTW,No,0.2342,Low Risk,111.55,5720.35,26.12,One year,51,49+ months,High Value,High Value / Low Risk,8,Fiber optic
3399-BMLVW,No,0.0063,Low Risk,60.5,3121.45,0.38,Two year,51,49+ months,Medium Value,Low-Med Value / Low Risk,5,DSL
1971-DTCZB,No,0.0168,Low Risk,90.95,6468.6,1.52,Two year,72,49+ months,High Value,High Value / Low Risk,9,DSL
3092-IGHWF,Yes,0.0846,Low Risk,87.4,5918.8,7.39,One year,67,49+ months,High Value,High Value / Low Risk,5,Fiber optic
3374-PZLXD,No,0.0492,Low Risk,19.7,675.6,0.97,Month-to-month,34,25-48 months,Medium Value,Low-Med Value / Low Risk,1,No
3813-DHBBB,No,0.0123,Low Risk,50.95,3521.7,0.63,Two year,67,49+ months,Medium Value,Low-Med Value / Low Risk,5,DSL
2812-REYAT,No,0.0169,Low Risk,20.05,923.1,0.34,One year,49,49+ months,Medium Value,Low-Med Value / Low Risk,1,No
6518-PPLMZ,No,0.0068,Low Risk,19.4,1110.35,0.13,Two year,53,49+ months,Medium Value,Low-Med Value / Low Risk,1,No
4939-KYYPY,No,0.2015,Low Risk,59.45,1611.65,11.98,Month-to-month,27,25-48 months,Medium Value,Low-Med Value / Low Risk,5,DSL
8017-LXHFA,Yes,0.659,High Risk,94.75,2293.6,62.44,Month-to-month,23,13-24 months,Medium Value,Low-Med Value / High Risk,5,Fiber optic
5930-GBIWP,No,0.0121,Low Risk,81.5,5553.25,0.99,Two year,69,49+ months,High Value,High Value / Low Risk,8,DSL
6022-KOUQO,No,0.3224,Medium Risk,29.05,44.75,9.37,Month-to-month,2,0-12 months,Low Value,Low-Med Value / Low Risk,2,DSL
6352-TWCAU,Yes,0.5703,High Risk,86.45,3029.1,49.3,Month-to-month,35,25-48 months,Medium Value,Low-Med Value / High Risk,4,Fiber optic
2361-UPSND,No,0.0261,Low Risk,70.6,3231.05,1.84,One year,46,25-48 months,Medium Value,Low-Med Value / Low Risk,6,DSL
6035-RIIOM,No,0.1437,Low Risk,97.2,5129.45,13.96,Two year,54,49+ months,High Value,High Value / Low Risk,6,Fiber optic
2929-QNSRW,Yes,0.3138,Medium Risk,98.25,5508.35,30.83,One year,56,49+ months,High Value,High Value / Low Risk,6,Fiber optic
1262-OPMFY,Yes,0.5416,High Risk,75.75,655.9,41.02,Month-to-month,9,0-12 months,Medium Value,Low-Med Value / High Risk,3,Fiber optic
9504-DSHWM,No,0.1329,Low Risk,59.2,1191.2,7.87,Month-to-month,20,13-24 months,Medium Value,Low-Med Value / Low Risk,5,DSL
5035-BVCXS,No,0.5108,High Risk,75.9,866.4,38.77,Month-to-month,11,0-12 months,Medium Value,Low-Med Value / High Risk,3,Fiber optic
6267-DCFFZ,No,0.6128,High Risk,90.05,2627.2,55.19,Month-to-month,30,25-48 months,Medium Value,Low-Med Value / High Risk,5,Fiber optic
3533-UVMOM,No,0.0086,Low Risk,70.95,4741.45,0.61,Two year,68,49+ months,High Value,High Value / Low Risk,6,DSL
2439-LYPMQ,No,0.6487,High Risk,102.6,4009.2,66.55,Month-to-month,38,25-48 months,High Value,High Value / High Risk,7,Fiber optic
4248-QPAVC,Yes,0.4889,Medium Risk,85.35,1463.45,41.73,Month-to-month,17,13-24 months,Medium Value,Low-Med Value / Low Risk,5,Fiber optic
1899-VXWXM,Yes,0.2722,Medium Risk,106.1,5082.8,28.88,One year,48,25-48 months,High Value,High Value / Low Risk,7,Fiber optic
1478-VPOAD,No,0.4289,Medium Risk,43.8,43.8,18.78,Month-to-month,1,0-12 months,Low Value,Low-Med Value / Low Risk,2,DSL
9995-HOTOH,No,0.0226,Low Risk,59.0,3707.6,1.34,Two year,63,49+ months,Medium Value,Low-Med Value / Low Risk,6,DSL
2988-PLAHS,No,0.4275,Medium Risk,69.95,220.45,29.9,One year,3,0-12 months,Low Value,Low-Med Value / Low Risk,5,DSL
1371-OJCEK,No,0.017,Low Risk,24.35,1133.7,0.41,One year,48,25-48 months,Medium Value,Low-Med Value / Low Risk,2,No
4999-IEZLT,No,0.0167,Low Risk,29.45,1983.15,0.49,One year,66,49+ months,Medium Value,Low-Med Value / Low Risk,2,DSL
8883-ANODQ,No,0.0422,Low Risk,84.4,5746.75,3.56,Two year,68,49+ months,High Value,High Value / Low Risk,5,Fiber optic
4690-LLKUA,Yes,0.3958,Medium Risk,45.05,770.6,17.83,Month-to-month,17,13-24 months,Medium Value,Low-Med Value / Low Risk,2,DSL
2351-RRBUE,No,0.0667,Low Risk,20.65,134.05,1.38,One year,7,0-12 months,Low Value,Low-Med Value / Low Risk,1,No
5980-BDHPY,No,0.0173,Low Risk,87.1,6230.1,1.51,Two year,72,49+ months,High Value,High Value / Low Risk,9,DSL
1498-DQNRX,No,0.0611,Low Risk,19.85,573.05,1.21,Month-to-month,29,25-48 months,Medium Value,Low-Med Value / Low Risk,1,No
9469-WEJBT,No,0.4082,Medium Risk,90.35,3419.3,36.88,Month-to-month,37,25-48 months,Medium Value,Low-Med Value / Low Risk,5,Fiber optic
3331-HQDTW,Yes,0.439,Medium Risk,109.8,3587.25,48.2,Month-to-month,34,25-48 months,Medium Value,Low-Med Value / Low Risk,8,Fiber optic
9490-DFPMD,Yes,0.5551,High Risk,84.65,3541.35,46.99,Month-to-month,42,25-48 months,Medium Value,Low-Med Value / High Risk,4,Fiber optic
2581-VKIRT,No,0.0132,Low Risk,65.5,3801.3,0.87,One year,59,49+ months,High Value,High Value / Low Risk,6,DSL
5442-XSDCW,Yes,0.5482,High Risk,79.5,868.5,43.58,Month-to-month,11,0-12 months,Medium Value,Low-Med Value / High Risk,3,Fiber optic
7426-WEIJX,No,0.2232,Low Risk,80.95,4859.1,18.07,Month-to-month,60,49+ months,High Value,High Value / Low Risk,4,Fiber optic
2851-MMUTZ,No,0.1383,Low Risk,56.15,1439.35,7.77,Month-to-month,27,25-48 months,Medium Value,Low-Med Value / Low Risk,4,DSL
3049-NDXFL,Yes,0.6606,High Risk,85.8,85.8,56.68,Month-to-month,1,0-12 months,Low Value,Low-Med Value / High Risk,4,Fiber optic
8580-AECUZ,Yes,0.7786,Critical Risk,79.1,79.1,61.59,Month-to-month,1,0-12 months,Low Value,Low-Med Value / High Risk,3,Fiber optic
3307-TLCUD,No,0.2372,Low Risk,34.4,592.75,8.16,Month-to-month,17,13-24 months,Medium Value,Low-Med Value / Low Risk,3,DSL
6625-FLENO,No,0.0045,Low Risk,20.75,1185.95,0.09,Two year,58,49+ months,Medium Value,Low-Med Value / Low Risk,1,No
2967-MXRAV,No,0.0907,Low Risk,18.8,18.8,1.71,One year,1,0-12 months,Low Value,Low-Med Value / Low Risk,1,No
7963-GQRMY,Yes,0.2903,Medium Risk,44.3,134.5,12.86,Month-to-month,3,0-12 months,Low Value,Low-Med Value / Low Risk,2,DSL
8189-HBVRW,No,0.1945,Low Risk,90.8,4921.2,17.66,Month-to-month,53,49+ months,High Value,High Value / Low Risk,6,Fiber optic
4163-KIUHY,No,0.1182,Low Risk,25.6,901.25,3.03,Month-to-month,35,25-48 months,Medium Value,Low-Med Value / Low Risk,2,No
1228-FZFRV,Yes,0.2391,Low Risk,105.95,5341.8,25.34,Month-to-month,50,49+ months,High Value,High Value / Low Risk,7,Fiber optic
3500-NSDOA,No,0.0099,Low Risk,70.8,4859.95,0.7,Two year,68,49+ months,High Value,High Value / Low Risk,6,DSL
1171-TYKUR,No,0.0515,Low Risk,25.4,1139.2,1.31,Month-to-month,47,25-48 months,Medium Value,Low-Med Value / Low Risk,2,No
3761-FLYZI,No,0.3629,Medium Risk,108.8,7082.45,39.49,Month-to-month,65,49+ months,High Value,High Value / Low Risk,7,Fiber optic
2058-DCJBE,Yes,0.6756,High Risk,69.75,324.6,47.12,Month-to-month,5,0-12 months,Low Value,Low-Med Value / High Risk,2,Fiber optic
5364-XYIRR,Yes,0.5433,High Risk,94.65,4812.75,51.42,Month-to-month,51,49+ months,High Value,High Value / High Risk,5,Fiber optic
4829-AUOAX,Yes,0.3816,Medium Risk,96.05,4399.5,36.65,Month-to-month,46,25-48 months,High Value,High Value / Low Risk,5,Fiber optic
1219-NNDDO,No,0.6974,High Risk,76.85,663.55,53.59,Month-to-month,9,0-12 months,Medium Value,Low-Med Value / High Risk,3,Fiber optic
8388-DMKAE,No,0.043,Low Risk,20.25,174.65,0.87,Two year,8,0-12 months,Low Value,Low-Med Value / Low Risk,1,No
4403-BWPAY,No,0.1032,Low Risk,24.8,321.7,2.56,One year,14,13-24 months,Low Value,Low-Med Value / Low Risk,2,No
9659-QEQSY,No,0.3708,Medium Risk,115.65,5125.5,42.88,Month-to-month,45,25-48 months,High Value,High Value / Low Risk,9,Fiber optic
5405-ZMYXQ,No,0.6184,High Risk,74.6,548.9,46.13,Month-to-month,8,0-12 months,Medium Value,Low-Med Value / High Risk,3,Fiber optic
5047-LHVLY,Yes,0.4121,Medium Risk,50.15,50.15,20.67,Month-to-month,1,0-12 months,Low Value,Low-Med Value / Low Risk,3,DSL
1442-OKRJE,No,0.0931,Low Risk,103.15,7031.3,9.6,One year,66,49+ months,High Value,High Value / Low Risk,7,Fiber optic
4737-AQCPU,No,0.0041,Low Risk,72.1,5016.65,0.3,Two year,72,49+ months,High Value,High Value / Low Risk,7,DSL
9158-VCTQB,Yes,0.3166,Medium Risk,113.6,4594.95,35.96,Month-to-month,41,25-48 months,High Value,High Value / Low Risk,9,Fiber optic
2808-CHTDM,No,0.0245,Low Risk,25.1,611.45,0.61,Two year,23,13-24 months,Medium Value,Low-Med Value / Low Risk,2,No
6311-UEUME,Yes,0.5499,High Risk,78.9,2384.15,43.39,Month-to-month,29,25-48 months,Medium Value,Low-Med Value / High Risk,3,Fiber optic
0793-TWELN,No,0.6489,High Risk,80.15,319.85,52.01,Month-to-month,4,0-12 months,Low Value,Low-Med Value / High Risk,4,Fiber optic
3283-WCWXT,No,0.0518,Low Risk,25.4,153.3,1.31,Two year,6,0-12 months,Low Value,Low-Med Value / Low Risk,2,No
1060-ENTOF,No,0.0859,Low Risk,105.4,7035.6,9.05,One year,67,49+ months,High Value,High Value / Low Risk,8,Fiber optic
0999-QXNSA,No,0.3632,Medium Risk,45.75,344.2,16.62,Month-to-month,7,0-12 months,Low Value,Low-Med Value / Low Risk,2,DSL
5451-MHQOF,No,0.0156,Low Risk,24.45,1431.65,0.38,One year,56,49+ months,Medium Value,Low-Med Value / Low Risk,2,No
4836-WNFNO,No,0.0031,Low Risk,25.0,1849.2,0.08,Two year,72,49+ months,Medium Value,Low-Med Value / Low Risk,2,No
9225-BZLNZ,No,0.0331,Low Risk,85.25,6083.1,2.83,Two year,72,49+ months,High Value,High Value / Low Risk,8,DSL
0354-VXMJC,No,0.0165,Low Risk,19.6,426.65,0.32,Two year,23,13-24 months,Medium Value,Low-Med Value / Low Risk,1,No
4422-QVIJA,No,0.1269,Low Risk,50.15,1655.35,6.37,Month-to-month,35,25-48 months,Medium Value,Low-Med Value / Low Risk,3,DSL
9365-SRSZE,No,0.5342,High Risk,70.55,1943.9,37.69,Month-to-month,27,25-48 months,Medium Value,Low-Med Value / High Risk,2,Fiber optic
6839-ITVZJ,Yes,0.21,Low Risk,60.05,1616.15,12.61,Month-to-month,26,25-48 months,Medium Value,Low-Med Value / Low Risk,5,DSL
8332-OSJDW,No,0.0717,Low Risk,26.4,314.95,1.89,One year,12,0-12 months,Low Value,Low-Med Value / Low Risk,2,No
4735-BJKOU,No,0.01,Low Risk,20.15,804.85,0.2,Two year,40,25-48 months,Medium Value,Low-Med Value / Low Risk,1,No
0274-JKUJR,No,0.3453,Medium Risk,58.85,465.7,20.32,Month-to-month,7,0-12 months,Medium Value,Low-Med Value / Low Risk,6,DSL
5740-YHGTW,No,0.132,Low Risk,97.55,6669.05,12.87,Month-to-month,70,49+ months,High Value,High Value / Low Risk,6,Fiber optic
8917-SZTTJ,No,0.003,Low Risk,19.65,1161.75,0.06,Two year,60,49+ months,Medium Value,Low-Med Value / Low Risk,1,No
1696-MZVAU,No,0.0826,Low Risk,25.25,947.75,2.09,One year,39,25-48 months,Medium Value,Low-Med Value / Low Risk,1,DSL
7359-WWYJV,No,0.0391,Low Risk,114.45,8375.05,4.48,Two year,72,49+ months,High Value,High Value / Low Risk,9,Fiber optic
0375-HVGXO,Yes,0.6995,High Risk,34.7,34.7,24.27,Month-to-month,1,0-12 months,Low Value,Low-Med Value / High Risk,2,DSL
4906-ZHGPK,No,0.062,Low Risk,70.7,3770.0,4.38,One year,54,49+ months,Medium Value,Low-Med Value / Low Risk,6,DSL
8593-WHYHV,Yes,0.7886,Critical Risk,85.3,264.8,67.27,Month-to-month,3,0-12 months,Low Value,Low-Med Value / High Risk,4,Fiber optic
3795-GWTRD,No,0.0058,Low Risk,75.55,4707.85,0.43,Two year,63,49+ months,High Value,High Value / Low Risk,7,DSL
1298-PHBTI,No,0.0438,Low Risk,84.8,6152.4,3.71,Two year,71,49+ months,High Value,High Value / Low Risk,5,Fiber optic
6223-DHJGV,No,0.025,Low Risk,20.65,958.1,0.52,One year,42,25-48 months,Medium Value,Low-Med Value / Low Risk,1,No
6961-MJKBO,No,0.0069,Low Risk,20.45,943.0,0.14,Two year,47,25-48 months,Medium Value,Low-Med Value / Low Risk,1,No
6097-EQISJ,Yes,0.1535,Low Risk,102.45,6615.15,15.72,One year,66,49+ months,High Value,High Value / Low Risk,7,Fiber optic
4423-YLHDV,Yes,0.5583,High Risk,104.4,2200.25,58.29,Month-to-month,21,13-24 months,Medium Value,Low-Med Value / High Risk,7,Fiber optic
8158-WPEZG,No,0.4145,Medium Risk,35.65,425.1,14.78,Month-to-month,11,0-12 months,Medium Value,Low-Med Value / Low Risk,3,DSL
0107-YHINA,Yes,0.7927,Critical Risk,99.75,99.75,79.07,Month-to-month,1,0-12 months,Low Value,Low-Med Value / High Risk,6,Fiber optic
4918-FYJNT,No,0.2189,Low Risk,90.45,5044.8,19.8,Month-to-month,55,49+ months,High Value,High Value / Low Risk,6,Fiber optic
0727-BNRLG,No,0.0552,Low Risk,97.65,6743.55,5.39,Two year,69,49+ months,High Value,High Value / Low Risk,7,Fiber optic
4854-CIDCF,No,0.6304,High Risk,73.85,196.4,46.56,Month-to-month,3,0-12 months,Low Value,Low-Med Value / High Risk,3,Fiber optic
8640-SDGKB,Yes,0.5048,High Risk,74.4,299.7,37.56,Month-to-month,4,0-12 months,Low Value,Low-Med Value / High Risk,6,DSL
3280-MRDOF,No,0.0817,Low Risk,69.1,2093.9,5.65,Two year,30,25-48 months,Medium Value,Low-Med Value / Low Risk,6,DSL
6435-SRWBJ,No,0.6539,High Risk,82.75,417.75,54.11,Month-to-month,5,0-12 months,Medium Value,Low-Med Value / High Risk,5,Fiber optic
9964-WBQDJ,No,0.0046,Low Risk,24.4,1725.4,0.11,Two year,71,49+ months,Medium Value,Low-Med Value / Low Risk,2,No
6303-KFWSL,No,0.1694,Low Risk,55.25,1620.2,9.36,One year,29,25-48 months,Medium Value,Low-Med Value / Low Risk,4,DSL
1702-CCFNJ,No,0.0563,Low Risk,61.35,3169.55,3.45,Month-to-month,52,49+ months,Medium Value,Low-Med Value / Low Risk,5,DSL
8932-CZHRQ,No,0.0222,Low Risk,76.75,5233.25,1.7,One year,68,49+ months,High Value,High Value / Low Risk,7,DSL
0386-CWRGM,No,0.0064,Low Risk,19.4,967.85,0.12,Two year,46,25-48 months,Medium Value,Low-Med Value / Low Risk,1,No
5515-RUGKN,No,0.4069,Medium Risk,54.75,438.05,22.28,Month-to-month,8,0-12 months,Medium Value,Low-Med Value / Low Risk,3,DSL
0404-AHASP,No,0.0021,Low Risk,19.7,1421.9,0.04,Two year,72,49+ months,Medium Value,Low-Med Value / Low Risk,1,No
7279-NMVJC,No,0.0495,Low Risk,19.9,323.15,0.99,One year,17,13-24 months,Low Value,Low-Med Value / Low Risk,1,No
2081-VEYEH,No,0.6504,High Risk,107.95,318.6,70.21,Month-to-month,3,0-12 months,Low Value,Low-Med Value / High Risk,7,Fiber optic
6407-UTSLV,No,0.6581,High Risk,83.8,163.7,55.15,Month-to-month,2,0-12 months,Low Value,Low-Med Value / High Risk,4,Fiber optic
4116-TZAQJ,Yes,0.4372,Medium Risk,74.25,639.65,32.46,Month-to-month,9,0-12 months,Medium Value,Low-Med Value / Low Risk,3,Fiber optic
9060-HJJRW,No,0.1019,Low Risk,56.4,2928.5,5.75,One year,51,49+ months,Medium Value,Low-Med Value / Low Risk,5,DSL
2587-YNLES,No,0.0384,Low Risk,20.1,100.35,0.77,Two year,6,0-12 months,Low Value,Low-Med Value / Low Risk,1,No
7398-SKNQZ,No,0.7643,Critical Risk,94.9,273.2,72.53,Month-to-month,3,0-12 months,Low Value,Low-Med Value / High Risk,5,Fiber optic
5935-FCCNB,No,0.782,Critical Risk,94.2,1608.15,73.67,Month-to-month,17,13-24 months,Medium Value,Low-Med Value / High Risk,5,Fiber optic
1958-RNRKS,No,0.2427,Low Risk,49.9,1441.95,12.11,Month-to-month,30,25-48 months,Medium Value,Low-Med Value / Low Risk,3,DSL
5136-RGMZO,No,0.2641,Medium Risk,71.05,2168.15,18.76,Month-to-month,31,25-48 months,Medium Value,Low-Med Value / Low Risk,6,DSL
8345-MVDYC,No,0.0205,Low Risk,81.65,3618.7,1.67,Two year,45,25-48 months,Medium Value,Low-Med Value / Low Risk,7,DSL
8226-BXGES,No,0.0569,Low Risk,89.45,5692.65,5.09,One year,64,49+ months,High Value,High Value / Low Risk,6,Fiber optic
3877-JRJIP,Yes,0.6441,High Risk,59.85,59.85,38.55,Month-to-month,1,0-12 months,Low Value,Low-Med Value / High Risk,4,DSL
8375-DKEBR,Yes,0.7322,High Risk,69.6,69.6,50.96,Month-to-month,1,0-12 months,Low Value,Low-Med Value / High Risk,2,Fiber optic
9705-IOVQQ,No,0.2018,Low Risk,99.0,5969.3,19.98,One year,61,49+ months,High Value,High Value / Low Risk,6,Fiber optic
1015-OWJKI,No,0.1956,Low Risk,19.05,19.05,3.73,Month-to-month,1,0-12 months,Low Value,Low-Med Value / Low Risk,1,No
7511-YMXVQ,Yes,0.6798,High Risk,45.4,418.8,30.86,Month-to-month,9,0-12 months,Medium Value,Low-Med Value / High Risk,3,DSL
2040-XBAVJ,No,0.0307,Low Risk,114.45,8100.55,3.51,Two year,72,49+ months,High Value,High Value / Low Risk,9,Fiber optic
7551-JOHTI,Yes,0.1911,Low Risk,19.5,19.5,3.73,Month-to-month,1,0-12 months,Low Value,Low-Med Value / Low Risk,1,No
8887-IPQNC,No,0.3869,Medium Risk,44.25,313.45,17.12,Month-to-month,7,0-12 months,Low Value,Low-Med Value / Low Risk,2,DSL
8646-JCOMS,No,0.081,Low Risk,90.55,6130.95,7.34,One year,66,49+ months,High Value,High Value / Low Risk,6,Fiber optic
9804-ICWBG,Yes,0.7061,High Risk,69.9,69.9,49.35,Month-to-month,1,0-12 months,Low Value,Low-Med Value / High Risk,2,Fiber optic
1222-KJNZD,No,0.0404,Low Risk,20.4,745.3,0.82,Month-to-month,40,25-48 months,Medium Value,Low-Med Value / Low Risk,1,No
0106-GHRQR,No,0.3699,Medium Risk,71.4,1212.1,26.41,Month-to-month,16,13-24 months,Medium Value,Low-Med Value / Low Risk,6,DSL
5318-IXUZF,Yes,0.6117,High Risk,87.15,183.75,53.31,Month-to-month,2,0-12 months,Low Value,Low-Med Value / High Risk,4,Fiber optic
3768-VHXQO,No,0.0038,Low Risk,24.85,1583.5,0.09,Two year,67,49+ months,Medium Value,Low-Med Value / Low Risk,2,No
8952-WCVCD,No,0.1848,Low Risk,104.45,4162.05,19.3,One year,41,25-48 months,High Value,High Value / Low Risk,7,Fiber optic
2418-TPEUN,No,0.0051,Low Risk,19.8,1119.9,0.1,Two year,56,49+ months,Medium Value,Low-Med Value / Low Risk,1,No
3963-RYFNS,No,0.0495,Low Risk,116.45,8013.55,5.76,Two year,72,49+ months,High Value,High Value / Low Risk,9,Fiber optic
3198-VELRD,Yes,0.6729,High Risk,84.75,264.85,57.03,Month-to-month,3,0-12 months,Low Value,Low-Med Value / High Risk,4,Fiber optic
8540-ZQGEA,No,0.0049,Low Risk,20.05,1102.4,0.1,Two year,54,49+ months,Medium Value,Low-Med Value / Low Risk,1,No
1320-REHCS,No,0.4671,Medium Risk,110.75,5832.0,51.73,Month-to-month,52,49+ months,High Value,High Value / Low Risk,8,Fiber optic
4137-JOPHL,No,0.0714,Low Risk,89.7,4304.5,6.41,Two year,50,49+ months,High Value,High Value / Low Risk,5,Fiber optic
9436-ZBZCT,Yes,0.645,High Risk,89.95,1178.4,58.01,Month-to-month,14,13-24 months,Medium Value,Low-Med Value / High Risk,5,Fiber optic
7801-CEDNV,No,0.0581,Low Risk,48.7,1421.75,2.83,One year,27,25-48 months,Medium Value,Low-Med Value / Low Risk,3,DSL
2057-BOYKM,No,0.0291,Low Risk,96.6,6827.5,2.81,Two year,72,49+ months,High Value,High Value / Low Risk,7,Fiber optic
3658-QQJYD,No,0.0387,Low Risk,74.3,4698.05,2.88,One year,62,49+ months,High Value,High Value / Low Risk,6,DSL
1803-BGNBD,No,0.2892,Medium Risk,54.3,654.5,15.7,Month-to-month,12,0-12 months,Medium Value,Low-Med Value / Low Risk,4,DSL
0134-XWXCE,No,0.0655,Low Risk,74.85,3268.05,4.9,One year,44,25-48 months,Medium Value,Low-Med Value / Low Risk,6,DSL
6950-TWMYB,No,0.0356,Low Risk,79.95,4362.05,2.85,Two year,54,49+ months,High Value,High Value / Low Risk,4,Fiber optic
5848-FHRFC,No,0.0026,Low Risk,20.05,1386.9,0.05,Two year,68,49+ months,Medium Value,Low-Med Value / Low Risk,1,No
2243-FNMMI,No,0.0911,Low Risk,19.4,415.4,1.77,Month-to-month,20,13-24 months,Medium Value,Low-Med Value / Low Risk,1,No
2511-MORQY,No,0.0382,Low Risk,54.9,2614.1,2.1,One year,50,49+ months,Medium Value,Low-Med Value / Low Risk,4,DSL
5356-KZCKT,No,0.0085,Low Risk,24.45,1513.6,0.21,Two year,58,49+ months,Medium Value,Low-Med Value / Low Risk,2,No
9470-XCCEM,No,0.4026,Medium Risk,89.65,3161.6,36.09,Month-to-month,35,25-48 months,Medium Value,Low-Med Value / Low Risk,5,Fiber optic
6519-CFDBX,No,0.503,High Risk,45.4,80.95,22.84,Month-to-month,2,0-12 months,Low Value,Low-Med Value / High Risk,2,DSL
3902-MIVLE,No,0.0102,Low Risk,75.7,4676.7,0.77,Two year,63,49+ months,High Value,High Value / Low Risk,7,DSL
0409-WTMPL,No,0.1713,Low Risk,110.65,6526.65,18.95,One year,58,49+ months,High Value,High Value / Low Risk,8,Fiber optic
8763-KIAFH,No,0.0397,Low Risk,20.55,583.3,0.82,One year,27,25-48 months,Medium Value,Low-Med Value / Low Risk,1,No
3669-WHAFY,No,0.053,Low Risk,115.15,8078.1,6.11,Two year,71,49+ months,High Value,High Value / Low Risk,9,Fiber optic
3055-VTCGS,No,0.0272,Low Risk,58.55,3503.5,1.59,One year,63,49+ months,Medium Value,Low-Med Value / Low Risk,4,DSL
3144-KMTWZ,No,0.2295,Low Risk,93.25,6669.45,21.4,Month-to-month,71,49+ months,High Value,High Value / Low Risk,6,Fiber optic
7279-BUYWN,Yes,0.5125,High Risk,113.2,4689.5,58.01,Month-to-month,41,25-48 months,High Value,High Value / High Risk,8,Fiber optic
7156-MHUGY,Yes,0.7502,Critical Risk,90.5,1201.15,67.89,Month-to-month,13,13-24 months,Medium Value,Low-Med Value / High Risk,4,Fiber optic
7198-GLXTC,Yes,0.6701,High Risk,79.0,143.65,52.94,Month-to-month,2,0-12 months,Low Value,Low-Med Value / High Risk,3,Fiber optic
2007-QVGAW,No,0.003,Low Risk,19.35,1292.65,0.06,Two year,68,49+ months,Medium Value,Low-Med Value / Low Risk,1,No
5207-PLSTK,No,0.3019,Medium Risk,48.75,48.75,14.72,Month-to-month,1,0-12 months,Low Value,Low-Med Value / Low Risk,3,DSL
2307-FYNNL,No,0.1147,Low Risk,109.05,7108.2,12.5,Two year,65,49+ months,High Value,High Value / Low Risk,8,Fiber optic
5605-XNWEN,No,0.0054,Low Risk,25.0,1802.55,0.13,Two year,72,49+ months,Medium Value,Low-Med Value / Low Risk,2,No
2155-AMQRX,No,0.1846,Low Risk,54.9,1505.15,10.13,Month-to-month,28,25-48 months,Medium Value,Low-Med Value / Low Risk,4,DSL
6181-AXXYF,No,0.0025,Low Risk,24.75,1859.1,0.06,Two year,72,49+ months,Medium Value,Low-Med Value / Low Risk,2,No
5091-HFAZW,No,0.6039,High Risk,91.15,168.5,55.04,Month-to-month,2,0-12 months,Low Value,Low-Med Value / High Risk,5,Fiber optic
0516-VRYBW,Yes,0.0384,Low Risk,20.15,390.85,0.77,One year,18,13-24 months,Low Value,Low-Med Value / Low Risk,1,No
2519-LBNQL,No,0.3339,Medium Risk,104.35,6339.45,34.84,One year,60,49+ months,High Value,High Value / Low Risk,7,Fiber optic
8623-ULFNQ,No,0.357,Medium Risk,66.05,1652.4,23.58,Month-to-month,26,25-48 months,Medium Value,Low-Med Value / Low Risk,5,DSL
8380-PEFPE,Yes,0.6501,High Risk,71.65,71.65,46.58,Month-to-month,1,0-12 months,Low Value,Low-Med Value / High Risk,2,Fiber optic
5687-DKDTV,Yes,0.1683,Low Risk,20.35,77.5,3.42,Month-to-month,4,0-12 months,Low Value,Low-Med Value / Low Risk,1,No
1568-LJSZU,No,0.0155,Low Risk,92.2,6392.85,1.43,Two year,68,49+ months,High Value,High Value / Low Risk,9,DSL
7530-HDYDS,Yes,0.2152,Low Risk,84.25,3264.5,18.13,Month-to-month,38,25-48 months,Medium Value,Low-Med Value / Low Risk,5,Fiber optic
7789-HKSBS,No,0.3015,Medium Risk,105.2,4599.15,31.71,One year,42,25-48 months,High Value,High Value / Low Risk,7,Fiber optic
7416-CKTEP,No,0.0064,Low Risk,19.6,1134.25,0.12,Two year,57,49+ months,Medium Value,Low-Med Value / Low Risk,1,No
2586-CWXVV,No,0.0967,Low Risk,30.4,1621.35,2.94,Month-to-month,54,49+ months,Medium Value,Low-Med Value / Low Risk,2,DSL
3096-IZETN,Yes,0.5,High Risk,78.1,947.3,39.05,Month-to-month,12,0-12 months,Medium Value,Low-Med Value / High Risk,3,Fiber optic
2348-KCJLT,No,0.0404,Low Risk,61.5,2722.2,2.48,One year,44,25-48 months,Medium Value,Low-Med Value / Low Risk,5,DSL
8401-EMUWF,No,0.1207,Low Risk,69.4,3058.3,8.38,Month-to-month,42,25-48 months,Medium Value,Low-Med Value / Low Risk,6,DSL
4193-IBKSW,No,0.0026,Low Risk,24.75,1769.6,0.06,Two year,72,49+ months,Medium Value,Low-Med Value / Low Risk,2,No
5377-NDTOU,No,0.01,Low Risk,91.05,6293.75,0.91,Two year,71,49+ months,High Value,High Value / Low Risk,9,DSL
5922-ABDVO,Yes,0.5335,High Risk,89.65,1761.05,47.82,Month-to-month,19,13-24 months,Medium Value,Low-Med Value / High Risk,5,Fiber optic
2474-LCNUE,No,0.3285,Medium Risk,73.65,1642.75,24.2,Month-to-month,23,13-24 months,Medium Value,Low-Med Value / Low Risk,6,DSL
0839-QNXME,No,0.0144,Low Risk,19.4,578.5,0.28,Two year,30,25-48 months,Medium Value,Low-Med Value / Low Risk,1,No
3506-OVLKD,No,0.0309,Low Risk,26.2,954.9,0.81,One year,35,25-48 months,Medium Value,Low-Med Value / Low Risk,2,No
9172-ANCRX,Yes,0.716,High Risk,98.7,973.25,70.67,Month-to-month,10,0-12 months,Medium Value,Low-Med Value / High Risk,6,Fiber optic
6650-VJONK,No,0.4313,Medium Risk,43.85,43.85,18.91,Month-to-month,1,0-12 months,Low Value,Low-Med Value / Low Risk,2,DSL
2178-PMGCJ,No,0.4562,Medium Risk,69.7,1490.4,31.79,Month-to-month,22,13-24 months,Medium Value,Low-Med Value / Low Risk,2,Fiber optic
7492-TAFJD,No,0.08,Low Risk,38.55,280.0,3.08,Two year,7,0-12 months,Low Value,Low-Med Value / Low Risk,4,DSL
2773-MADBQ,No,0.0414,Low Risk,53.1,1901.25,2.2,Two year,36,25-48 months,Medium Value,Low-Med Value / Low Risk,6,DSL
6016-LVTJQ,No,0.0394,Low Risk,20.65,716.4,0.81,Month-to-month,34,25-48 months,Medium Value,Low-Med Value / Low Risk,1,No
7860-KSUGX,No,0.0059,Low Risk,64.45,4720.0,0.38,Two year,72,49+ months,High Value,High Value / Low Risk,6,DSL
8966-KZXXA,No,0.0126,Low Risk,25.1,930.95,0.32,Two year,36,25-48 months,Medium Value,Low-Med Value / Low Risk,2,No
6910-HADCM,Yes,0.6032,High Risk,76.35,76.35,46.05,Month-to-month,1,0-12 months,Low Value,Low-Med Value / High Risk,3,Fiber optic
4816-LXZYW,Yes,0.5563,High Risk,79.15,1676.95,44.03,Month-to-month,23,13-24 months,Medium Value,Low-Med Value / High Risk,4,Fiber optic
9606-PBKBQ,Yes,0.6361,High Risk,85.0,2642.05,54.07,Month-to-month,32,25-48 months,Medium Value,Low-Med Value / High Risk,4,Fiber optic
5149-QYTTU,No,0.0385,Low Risk,95.15,6770.85,3.66,One year,71,49+ months,High Value,High Value / Low Risk,7,Fiber optic
2070-XYMFH,No,0.5563,High Risk,79.35,1835.3,44.14,Month-to-month,23,13-24 months,Medium Value,Low-Med Value / High Risk,4,Fiber optic
2085-BOJKI,No,0.4325,Medium Risk,96.65,1588.25,41.8,One year,17,13-24 months,Medium Value,Low-Med Value / Low Risk,5,Fiber optic
0817-HSUSE,No,0.5252,High Risk,75.5,75.5,39.65,Month-to-month,1,0-12 months,Low Value,Low-Med Value / High Risk,6,DSL
5442-PPTJY,No,0.0304,Low Risk,19.7,258.35,0.6,Two year,12,0-12 months,Low Value,Low-Med Value / Low Risk,1,No
1927-QEWMY,No,0.0021,Low Risk,20.5,1502.25,0.04,Two year,72,49+ months,Medium Value,Low-Med Value / Low Risk,1,No
1663-MHLHE,No,0.1952,Low Risk,19.2,19.2,3.75,Month-to-month,1,0-12 months,Low Value,Low-Med Value / Low Risk,1,No
5663-QBGIS,No,0.0765,Low Risk,98.35,6929.4,7.53,Two year,72,49+ months,High Value,High Value / Low Risk,6,Fiber optic
4450-MDZFX,No,0.1443,Low Risk,74.35,4453.3,10.73,Month-to-month,60,49+ months,High Value,High Value / Low Risk,3,Fiber optic
6701-DHKWQ,No,0.0119,Low Risk,51.35,3244.4,0.61,Two year,61,49+ months,Medium Value,Low-Med Value / Low Risk,5,DSL
7554-AKDQF,No,0.3097,Medium Risk,45.65,323.45,14.14,Month-to-month,6,0-12 months,Low Value,Low-Med Value / Low Risk,2,DSL
3536-IQCTX,Yes,0.5468,High Risk,85.3,2661.1,46.64,Month-to-month,32,25-48 months,Medium Value,Low-Med Value / High Risk,4,Fiber optic
4911-BANWH,Yes,0.4417,Medium Risk,86.55,2697.4,38.23,Month-to-month,31,25-48 months,Medium Value,Low-Med Value / Low Risk,4,Fiber optic
8496-EJAUI,Yes,0.4247,Medium Risk,73.85,1424.5,31.36,Month-to-month,19,13-24 months,Medium Value,Low-Med Value / Low Risk,3,Fiber optic
0794-YVSGE,No,0.0018,Low Risk,20.3,1401.15,0.04,Two year,72,49+ months,Medium Value,Low-Med Value / Low Risk,1,No
5423-BHIXO,No,0.2676,Medium Risk,54.2,1739.6,14.5,Month-to-month,32,25-48 months,Medium Value,Low-Med Value / Low Risk,4,DSL
6908-VVYHM,No,0.3325,Medium Risk,90.65,5931.0,30.14,Month-to-month,65,49+ months,High Value,High Value / Low Risk,5,Fiber optic
2959-EEXWB,No,0.1566,Low Risk,50.9,2333.85,7.97,Month-to-month,45,25-48 months,Medium Value,Low-Med Value / Low Risk,4,DSL
1839-UMACK,No,0.0321,Low Risk,25.05,949.85,0.8,One year,42,25-48 months,Medium Value,Low-Med Value / Low Risk,2,No
3030-YDNRM,No,0.7153,High Risk,74.85,572.45,53.54,Month-to-month,8,0-12 months,Medium Value,Low-Med Value / High Risk,3,Fiber optic
7321-KKSDU,No,0.0119,Low Risk,20.5,696.8,0.24,Two year,32,25-48 months,Medium Value,Low-Med Value / Low Risk,1,No
3402-XRIUO,No,0.18,Low Risk,63.55,1381.8,11.44,Month-to-month,22,13-24 months,Medium Value,Low-Med Value / Low Risk,6,DSL
3132-TVFDZ,Yes,0.264,Medium Risk,44.85,2572.95,11.84,Month-to-month,57,49+ months,Medium Value,Low-Med Value / Low Risk,3,DSL
8286-AFUYI,No,0.337,Medium Risk,47.95,47.95,16.16,Month-to-month,1,0-12 months,Low Value,Low-Med Value / Low Risk,3,DSL
8080-DDEMJ,Yes,0.4641,Medium Risk,45.1,45.1,20.93,Month-to-month,1,0-12 months,Low Value,Low-Med Value / Low Risk,2,DSL
8356-WUAOJ,No,0.5208,High Risk,45.0,45.0,23.43,Month-to-month,1,0-12 months,Low Value,Low-Med Value / High Risk,2,DSL
6365-MTGZX,Yes,0.5551,High Risk,96.0,2122.45,53.29,Month-to-month,24,13-24 months,Medium Value,Low-Med Value / High Risk,5,Fiber optic
1349-WXNGG,Yes,0.1826,Low Risk,20.05,20.05,3.66,Month-to-month,1,0-12 months,Low Value,Low-Med Value / Low Risk,1,No
8058-DMYRU,No,0.4422,Medium Risk,90.05,4931.8,39.82,Month-to-month,54,49+ months,High Value,High Value / Low Risk,5,Fiber optic
9350-ZXYJC,No,0.0861,Low Risk,25.3,116.95,2.18,Two year,4,0-12 months,Low Value,Low-Med Value / Low Risk,2,No
6990-YNRIO,Yes,0.0401,Low Risk,108.65,6937.95,4.36,Two year,65,49+ months,High Value,High Value / Low Risk,8,Fiber optic
8958-JPTRR,No,0.0174,Low Risk,24.3,1261.7,0.42,One year,56,49+ months,Medium Value,Low-Med Value / Low Risk,2,No
6959-GQEGV,No,0.188,Low Risk,75.95,3273.8,14.28,Month-to-month,45,25-48 months,Medium Value,Low-Med Value / Low Risk,6,DSL
3173-WSSUE,No,0.0018,Low Risk,19.7,1415.85,0.03,Two year,71,49+ months,Medium Value,Low-Med Value / Low Risk,1,No
1265-HVPZB,No,0.0221,Low Risk,66.4,3958.2,1.47,One year,59,49+ months,High Value,High Value / Low Risk,6,DSL
4115-UMJFQ,No,0.0274,Low Risk,35.75,2492.25,0.98,One year,69,49+ months,Medium Value,Low-Med Value / Low Risk,3,DSL
7369-TRPFD,No,0.0493,Low Risk,18.8,279.2,0.93,One year,19,13-24 months,Low Value,Low-Med Value / Low Risk,1,No
1098-KFQEC,No,0.0037,Low Risk,19.4,1083.0,0.07,Two year,55,49+ months,Medium Value,Low-Med Value / Low Risk,1,No
7190-XHTWJ,No,0.0208,Low Risk,19.3,755.5,0.4,One year,38,25-48 months,Medium Value,Low-Med Value / Low Risk,1,No
0621-TWIEM,Yes,0.4245,Medium Risk,45.55,402.6,19.34,Month-to-month,10,0-12 months,Medium Value,Low-Med Value / Low Risk,2,DSL
3537-RYBHH,No,0.0997,Low Risk,67.45,3252.0,6.73,Month-to-month,47,25-48 months,Medium Value,Low-Med Value / Low Risk,6,DSL
2485-ITVKB,Yes,0.6933,High Risk,35.1,68.75,24.33,Month-to-month,2,0-12 months,Low Value,Low-Med Value / High Risk,2,DSL
3669-OYSJI,Yes,0.3263,Medium Risk,46.2,46.2,15.07,Month-to-month,1,0-12 months,Low Value,Low-Med Value / Low Risk,2,DSL
1612-EOHDH,Yes,0.423,Medium Risk,45.15,45.15,19.1,Month-to-month,1,0-12 months,Low Value,Low-Med Value / Low Risk,2,DSL
6702-OHFWR,Yes,0.6937,High Risk,43.3,43.3,30.04,Month-to-month,1,0-12 months,Low Value,Low-Med Value / High Risk,4,DSL
5296-BFCYD,No,0.0092,Low Risk,20.1,936.85,0.18,Two year,46,25-48 months,Medium Value,Low-Med Value / Low Risk,1,No
4510-PYUSH,Yes,0.097,Low Risk,57.15,2250.65,5.55,Month-to-month,38,25-48 months,Medium Value,Low-Med Value / Low Risk,4,DSL
9359-JANWS,No,0.0053,Low Risk,58.9,3857.1,0.31,Two year,65,49+ months,High Value,High Value / Low Risk,5,DSL
7517-SAWMO,Yes,0.4698,Medium Risk,73.2,1441.1,34.39,Month-to-month,19,13-24 months,Medium Value,Low-Med Value / Low Risk,3,Fiber optic
4143-HHPMK,Yes,0.3311,Medium Risk,85.35,4338.6,28.26,Month-to-month,52,49+ months,High Value,High Value / Low Risk,4,Fiber optic
3279-DYZQM,No,0.002,Low Risk,19.45,1378.45,0.04,Two year,71,49+ months,Medium Value,Low-Med Value / Low Risk,1,No
7054-LGEQW,Yes,0.346,Medium Risk,45.95,45.95,15.9,Month-to-month,1,0-12 months,Low Value,Low-Med Value / Low Risk,2,DSL
0523-VNGTF,No,0.1625,Low Risk,50.5,2566.3,8.2,Month-to-month,52,49+ months,Medium Value,Low-Med Value / Low Risk,5,DSL
9575-IWCAZ,No,0.1153,Low Risk,25.1,171.0,2.89,One year,6,0-12 months,Low Value,Low-Med Value / Low Risk,2,No
7105-MXJLL,No,0.1304,Low Risk,60.7,1597.4,7.92,One year,26,25-48 months,Medium Value,Low-Med Value / Low Risk,4,DSL
7064-FRRSW,No,0.3964,Medium Risk,99.0,4744.35,39.25,One year,48,25-48 months,High Value,High Value / Low Risk,6,Fiber optic
7940-UQQUG,No,0.1033,Low Risk,104.4,6721.6,10.78,One year,64,49+ months,High Value,High Value / Low Risk,7,Fiber optic
0923-PNFUB,Yes,0.6198,High Risk,83.75,247.25,51.91,Month-to-month,3,0-12 months,Low Value,Low-Med Value / High Risk,4,Fiber optic
3961-SXAXY,No,0.4304,Medium Risk,44.05,44.05,18.96,Month-to-month,1,0-12 months,Low Value,Low-Med Value / Low Risk,2,DSL
7010-BRBUU,No,0.0025,Low Risk,24.1,1734.65,0.06,Two year,72,49+ months,Medium Value,Low-Med Value / Low Risk,2,No
3566-HJGPK,No,0.4404,Medium Risk,45.55,45.55,20.06,Month-to-month,1,0-12 months,Low Value,Low-Med Value / Low Risk,2,DSL
3062-ICYZQ,No,0.2799,Medium Risk,93.8,4539.35,26.25,Month-to-month,51,49+ months,High Value,High Value / Low Risk,6,Fiber optic
9938-PRCVK,No,0.0073,Low Risk,19.7,804.25,0.14,Two year,41,25-48 months,Medium Value,Low-Med Value / Low Risk,1,No
0973-KYVNF,No,0.0082,Low Risk,70.65,5011.15,0.58,Two year,72,49+ months,High Value,High Value / Low Risk,6,DSL
5129-HHMZC,No,0.0257,Low Risk,86.45,3574.5,2.22,Two year,43,25-48 months,Medium Value,Low-Med Value / Low Risk,8,DSL
9637-CDTKZ,No,0.0525,Low Risk,114.1,8086.4,5.99,Two year,72,49+ months,High Value,High Value / Low Risk,9,Fiber optic
3946-JEWRQ,No,0.3107,Medium Risk,95.2,4563.0,29.58,One year,47,25-48 months,High Value,High Value / Low Risk,5,Fiber optic
7873-CVMAW,No,0.0114,Low Risk,88.55,6362.35,1.01,Two year,72,49+ months,High Value,High Value / Low Risk,9,DSL
0463-WZZKO,No,0.2192,Low Risk,20.75,67.1,4.55,Month-to-month,3,0-12 months,Low Value,Low-Med Value / Low Risk,1,No
3494-JCHRQ,Yes,0.7055,High Risk,70.05,70.05,49.42,Month-to-month,1,0-12 months,Low Value,Low-Med Value / High Risk,2,Fiber optic
6474-FVJLC,Yes,0.7912,Critical Risk,86.0,165.45,68.04,Month-to-month,2,0-12 months,Low Value,Low-Med Value / High Risk,4,Fiber optic
4524-QCSSM,No,0.2433,Low Risk,44.65,1156.55,10.86,Month-to-month,26,25-48 months,Medium Value,Low-Med Value / Low Risk,4,DSL
5832-EXGTT,No,0.1596,Low Risk,60.2,1834.15,9.61,Month-to-month,29,25-48 months,Medium Value,Low-Med Value / Low Risk,4,DSL
8840-DQLGN,Yes,0.3213,Medium Risk,100.5,3653.35,32.29,Month-to-month,35,25-48 months,Medium Value,Low-Med Value / Low Risk,7,Fiber optic
2039-JONDJ,No,0.049,Low Risk,55.45,1477.65,2.72,One year,27,25-48 months,Medium Value,Low-Med Value / Low Risk,4,DSL
7217-JYHOQ,No,0.1096,Low Risk,70.3,1706.45,7.71,Month-to-month,24,13-24 months,Medium Value,Low-Med Value / Low Risk,6,DSL
6695-FRVEC,No,0.0058,Low Risk,60.4,3953.7,0.35,Two year,67,49+ months,High Value,High Value / Low Risk,5,DSL
4547-LYTDD,Yes,0.5758,High Risk,72.65,1194.3,41.83,Month-to-month,16,13-24 months,Medium Value,Low-Med Value / High Risk,3,Fiber optic
9894-QMIMJ,No,0.0803,Low Risk,55.8,1327.85,4.48,One year,23,13-24 months,Medium Value,Low-Med Value / Low Risk,4,DSL
8069-YQQAJ,No,0.3908,Medium Risk,31.1,419.7,12.15,Month-to-month,14,13-24 months,Medium Value,Low-Med Value / Low Risk,2,DSL
6770-XUAGN,Yes,0.2705,Medium Risk,21.0,21.0,5.68,Month-to-month,1,0-12 months,Low Value,Low-Med Value / Low Risk,1,No
4193-ORFCL,Yes,0.383,Medium Risk,45.1,45.1,17.27,Month-to-month,1,0-12 months,Low Value,Low-Med Value / Low Risk,2,DSL
1636-NTNCO,No,0.6227,High Risk,50.95,207.35,31.72,Month-to-month,4,0-12 months,Low Value,Low-Med Value / High Risk,4,DSL
3466-WAESX,No,0.3204,Medium Risk,69.1,1083.7,22.14,Month-to-month,16,13-24 months,Medium Value,Low-Med Value / Low Risk,6,DSL
9281-PKKZE,No,0.3222,Medium Risk,43.95,2007.85,14.16,Month-to-month,46,25-48 months,Medium Value,Low-Med Value / Low Risk,3,DSL
3638-VBZTA,No,0.0148,Low Risk,86.5,5882.75,1.28,Two year,68,49+ months,High Value,High Value / Low Risk,8,DSL
7459-IMVYU,No,0.0904,Low Risk,69.95,2657.55,6.33,Month-to-month,38,25-48 months,Medium Value,Low-Med Value / Low Risk,7,DSL
7776-QWNFX,Yes,0.1895,Low Risk,50.4,1527.5,9.55,Month-to-month,30,25-48 months,Medium Value,Low-Med Value / Low Risk,3,DSL
6689-TCZHQ,Yes,0.6758,High Risk,78.95,378.4,53.36,Month-to-month,5,0-12 months,Low Value,Low-Med Value / High Risk,3,Fiber optic
8563-OYMQY,No,0.4954,Medium Risk,90.95,1612.2,45.06,Month-to-month,17,13-24 months,Medium Value,Low-Med Value / Low Risk,5,Fiber optic
0754-EEBDC,No,0.0431,Low Risk,19.9,76.65,0.86,Two year,4,0-12 months,Low Value,Low-Med Value / Low Risk,1,No
5777-ZPQNC,No,0.088,Low Risk,20.15,260.7,1.77,One year,12,0-12 months,Low Value,Low-Med Value / Low Risk,1,No
1951-IEYXM,No,0.0132,Low Risk,90.6,6441.85,1.2,Two year,72,49+ months,High Value,High Value / Low Risk,9,DSL
3318-NMQXL,No,0.7724,Critical Risk,92.0,266.8,71.06,Month-to-month,3,0-12 months,Low Value,Low-Med Value / High Risk,4,Fiber optic
3143-ILDAL,Yes,0.31,Medium Risk,94.45,5124.6,29.28,Month-to-month,56,49+ months,High Value,High Value / Low Risk,6,Fiber optic
1022-RKXDR,No,0.0352,Low Risk,24.85,962.25,0.87,One year,41,25-48 months,Medium Value,Low-Med Value / Low Risk,2,No
2361-FJWNO,No,0.0436,Low Risk,36.0,1382.9,1.57,One year,40,25-48 months,Medium Value,Low-Med Value / Low Risk,3,DSL
2272-UOINI,No,0.3462,Medium Risk,78.5,571.05,27.17,Month-to-month,7,0-12 months,Medium Value,Low-Med Value / Low Risk,7,DSL
8232-UTFOZ,No,0.0024,Low Risk,19.95,1399.35,0.05,Two year,69,49+ months,Medium Value,Low-Med Value / Low Risk,1,No
3750-YHRYO,No,0.0682,Low Risk,20.65,150.0,1.41,One year,7,0-12 months,Low Value,Low-Med Value / Low Risk,1,No
6637-KYRCV,No,0.5138,High Risk,30.5,167.2,15.67,Month-to-month,5,0-12 months,Low Value,Low-Med Value / High Risk,2,DSL
5668-MEISB,No,0.0206,Low Risk,106.1,7657.4,2.18,Two year,72,49+ months,High Value,High Value / Low Risk,8,Fiber optic
0129-QMPDR,No,0.0174,Low Risk,20.5,865.05,0.36,One year,44,25-48 months,Medium Value,Low-Med Value / Low Risk,1,No
7188-CBBBA,No,0.1952,Low Risk,95.5,6153.85,18.65,One year,65,49+ months,High Value,High Value / Low Risk,6,Fiber optic
5356-CSVSQ,No,0.4392,Medium Risk,64.6,174.2,28.37,Month-to-month,3,0-12 months,Low Value,Low-Med Value / Low Risk,5,DSL
3221-CJMSG,No,0.165,Low Risk,51.1,1269.6,8.43,Month-to-month,24,13-24 months,Medium Value,Low-Med Value / Low Risk,3,DSL
4720-VSTSI,Yes,0.3159,Medium Risk,84.8,3862.55,26.79,Month-to-month,44,25-48 months,High Value,High Value / Low Risk,5,Fiber optic
3219-JQRSL,No,0.013,Low Risk,89.1,6352.4,1.16,Two year,72,49+ months,High Value,High Value / Low Risk,9,DSL
2801-NISEI,No,0.1232,Low Risk,54.95,1348.5,6.77,Month-to-month,24,13-24 months,Medium Value,Low-Med Value / Low Risk,4,DSL
3946-MHCZW,Yes,0.3414,Medium Risk,50.9,50.9,17.38,Month-to-month,1,0-12 months,Low Value,Low-Med Value / Low Risk,3,DSL
4623-ZKHLY,No,0.1106,Low Risk,20.45,471.55,2.26,Month-to-month,22,13-24 months,Medium Value,Low-Med Value / Low Risk,1,No
6732-VAILE,No,0.0196,Low Risk,85.95,5931.75,1.69,Two year,70,49+ months,High Value,High Value / Low Risk,8,DSL
8201-AAXCB,No,0.288,Medium Risk,60.35,1404.65,17.38,Month-to-month,25,25-48 months,Medium Value,Low-Med Value / Low Risk,4,DSL
7696-CFTAT,No,0.009,Low Risk,19.8,726.1,0.18,Two year,37,25-48 months,Medium Value,Low-Med Value / Low Risk,1,No
1845-CSBRZ,No,0.4774,Medium Risk,85.35,1961.6,40.75,Month-to-month,22,13-24 months,Medium Value,Low-Med Value / Low Risk,4,Fiber optic
2123-VSCOT,No,0.0219,Low Risk,72.1,4194.85,1.58,Two year,59,49+ months,High Value,High Value / Low Risk,6,DSL
6651-AZVTJ,Yes,0.5045,High Risk,99.8,4872.45,50.35,Month-to-month,49,49+ months,High Value,High Value / High Risk,6,Fiber optic
4566-GOLUK,Yes,0.349,Medium Risk,107.35,5118.95,37.46,Month-to-month,47,25-48 months,High Value,High Value / Low Risk,7,Fiber optic
2484-DGXPZ,Yes,0.0651,Low Risk,19.55,658.95,1.27,Month-to-month,31,25-48 months,Medium Value,Low-Med Value / Low Risk,1,No
2018-QKYGT,No,0.7054,High Risk,81.05,81.05,57.17,Month-to-month,1,0-12 months,Low Value,Low-Med Value / High Risk,3,Fiber optic
2792-VPPET,No,0.3001,Medium Risk,20.5,76.95,6.15,Month-to-month,3,0-12 months,Low Value,Low-Med Value / Low Risk,1,No
7409-JURKQ,No,0.1945,Low Risk,111.8,5809.75,21.75,One year,53,49+ months,High Value,High Value / Low Risk,8,Fiber optic
3247-MHJKM,No,0.1924,Low Risk,20.2,20.2,3.89,Month-to-month,1,0-12 months,Low Value,Low-Med Value / Low Risk,1,No
1964-SVLEA,No,0.0675,Low Risk,19.7,415.9,1.33,One year,20,13-24 months,Medium Value,Low-Med Value / Low Risk,1,No
4587-NUKOX,Yes,0.5512,High Risk,79.1,246.5,43.6,Month-to-month,3,0-12 months,Low Value,Low-Med Value / High Risk,4,Fiber optic
7297-DVYGA,No,0.0153,Low Risk,19.85,996.95,0.3,One year,51,49+ months,Medium Value,Low-Med Value / Low Risk,1,No
2239-CGBUZ,No,0.0216,Low Risk,60.5,3145.15,1.31,One year,51,49+ months,Medium Value,Low-Med Value / Low Risk,5,DSL
0854-UYHZD,No,0.0285,Low Risk,19.55,265.3,0.56,Two year,13,13-24 months,Low Value,Low-Med Value / Low Risk,1,No
7243-LCGGZ,No,0.1873,Low Risk,20.9,20.9,3.92,Month-to-month,1,0-12 months,Low Value,Low-Med Value / Low Risk,1,No
8267-KFGYD,No,0.2132,Low Risk,21.05,21.05,4.49,Month-to-month,1,0-12 months,Low Value,Low-Med Value / Low Risk,1,No
4890-VMUAV,No,0.0207,Low Risk,71.5,4576.3,1.48,One year,63,49+ months,High Value,High Value / Low Risk,7,DSL
9261-WDCAF,No,0.3912,Medium Risk,54.65,189.1,21.38,Month-to-month,3,0-12 months,Low Value,Low-Med Value / Low Risk,3,DSL
3764-MNMOI,No,0.0071,Low Risk,19.2,908.15,0.14,Two year,46,25-48 months,Medium Value,Low-Med Value / Low Risk,1,No
7442-YGZFK,No,0.4889,Medium Risk,49.8,49.8,24.34,Month-to-month,1,0-12 months,Low Value,Low-Med Value / Low Risk,3,DSL
0420-BWTPW,Yes,0.3559,Medium Risk,25.5,215.2,9.08,Month-to-month,8,0-12 months,Low Value,Low-Med Value / Low Risk,1,DSL
8229-BUJHX,No,0.0018,Low Risk,20.5,1500.95,0.04,Two year,71,49+ months,Medium Value,Low-Med Value / Low Risk,1,No
7449-HVPIV,No,0.2925,Medium Risk,90.4,5099.15,26.44,Month-to-month,55,49+ months,High Value,High Value / Low Risk,5,Fiber optic
5504-WSIUR,No,0.0698,Low Risk,90.25,6385.95,6.3,One year,70,49+ months,High Value,High Value / Low Risk,6,Fiber optic
8183-ONMXC,Yes,0.6593,High Risk,80.75,159.45,53.24,Month-to-month,2,0-12 months,Low Value,Low-Med Value / High Risk,3,Fiber optic
8466-PZBLH,No,0.0368,Low Risk,104.6,6885.75,3.85,Two year,67,49+ months,High Value,High Value / Low Risk,7,Fiber optic
9614-RMGHA,Yes,0.2507,Medium Risk,91.85,5940.85,23.02,Month-to-month,65,49+ months,High Value,High Value / Low Risk,5,Fiber optic
8735-IJJEG,No,0.2229,Low Risk,50.2,668.85,11.19,Month-to-month,14,13-24 months,Medium Value,Low-Med Value / Low Risk,3,DSL
0564-MUUQK,No,0.4511,Medium Risk,95.5,1916.2,43.08,Month-to-month,20,13-24 months,Medium Value,Low-Med Value / Low Risk,6,Fiber optic
5054-IEXZT,Yes,0.6146,High Risk,75.35,75.35,46.31,Month-to-month,1,0-12 months,Low Value,Low-Med Value / High Risk,3,Fiber optic
5834-ASPWA,Yes,0.76,Critical Risk,75.45,75.45,57.34,Month-to-month,1,0-12 months,Low Value,Low-Med Value / High Risk,3,Fiber optic
0701-RFGFI,No,0.3989,Medium Risk,95.4,4613.95,38.05,Month-to-month,49,49+ months,High Value,High Value / Low Risk,5,Fiber optic
0019-EFAEP,No,0.0487,Low Risk,101.3,7261.25,4.94,Two year,72,49+ months,High Value,High Value / Low Risk,7,Fiber optic
5619-PTMIK,No,0.1058,Low Risk,53.1,2459.8,5.62,Month-to-month,46,25-48 months,Medium Value,Low-Med Value / Low Risk,4,DSL
3737-XBQDD,No,0.4619,Medium Risk,84.85,2048.8,39.19,Month-to-month,24,13-24 months,Medium Value,Low-Med Value / Low Risk,5,Fiber optic
5882-CMAZQ,No,0.3386,Medium Risk,34.25,163.55,11.6,Month-to-month,5,0-12 months,Low Value,Low-Med Value / Low Risk,3,DSL
5846-QFDFI,No,0.1972,Low Risk,88.6,2888.7,17.47,Month-to-month,33,25-48 months,Medium Value,Low-Med Value / Low Risk,6,Fiber optic
4445-KWOKW,No,0.0535,Low Risk,60.15,2421.6,3.22,One year,42,25-48 months,Medium Value,Low-Med Value / Low Risk,5,DSL
3511-APPBJ,No,0.2955,Medium Risk,99.95,2292.75,29.53,One year,23,13-24 months,Medium Value,Low-Med Value / Low Risk,6,Fiber optic
7967-HYCDE,No,0.4669,Medium Risk,70.7,553.4,33.01,Month-to-month,8,0-12 months,Medium Value,Low-Med Value / Low Risk,2,Fiber optic
2430-RRYUW,No,0.0172,Low Risk,54.8,3465.7,0.94,One year,66,49+ months,Medium Value,Low-Med Value / Low Risk,4,DSL
3948-XHGNA,Yes,0.1651,Low Risk,49.55,1210.4,8.18,Month-to-month,24,13-24 months,Medium Value,Low-Med Value / Low Risk,3,DSL
3723-BFBGR,No,0.2085,Low Risk,54.8,1291.3,11.43,Month-to-month,24,13-24 months,Medium Value,Low-Med Value / Low Risk,4,DSL
0565-IYCGT,Yes,0.0228,Low Risk,78.6,5356.45,1.79,One year,69,49+ months,High Value,High Value / Low Risk,8,DSL
5447-WZAFP,No,0.1981,Low Risk,100.3,5200.8,19.86,One year,53,49+ months,High Value,High Value / Low Risk,6,Fiber optic
5110-CHOPY,No,0.0338,Low Risk,53.6,3237.05,1.81,Two year,60,49+ months,Medium Value,Low-Med Value / Low Risk,5,DSL
5445-UTODQ,Yes,0.7081,High Risk,81.1,576.65,57.43,Month-to-month,7,0-12 months,Medium Value,Low-Med Value / High Risk,3,Fiber optic
4425-OWHWB,No,0.0606,Low Risk,19.35,433.75,1.17,One year,20,13-24 months,Medium Value,Low-Med Value / Low Risk,1,No
7892-QVYKW,No,0.5166,High Risk,85.6,1868.4,44.22,Month-to-month,23,13-24 months,Medium Value,Low-Med Value / High Risk,4,Fiber optic
9675-ICXCT,No,0.0151,Low Risk,80.8,5728.55,1.22,Two year,72,49+ months,High Value,High Value / Low Risk,7,DSL
1024-VRZHF,Yes,0.6997,High Risk,74.95,825.7,52.44,Month-to-month,11,0-12 months,Medium Value,Low-Med Value / High Risk,3,Fiber optic
4703-MQYKT,No,0.0245,Low Risk,19.6,390.4,0.48,Two year,21,13-24 months,Low Value,Low-Med Value / Low Risk,1,No
9497-QCMMS,Yes,0.8551,Critical Risk,93.55,93.55,79.99,Month-to-month,1,0-12 months,Low Value,Low-Med Value / High Risk,5,Fiber optic
5692-ICXLW,No,0.6099,High Risk,90.7,2845.15,55.32,Month-to-month,31,25-48 months,Medium Value,Low-Med Value / High Risk,5,Fiber optic
0602-DDUML,No,0.0136,Low Risk,69.75,3894.4,0.95,Two year,57,49+ months,High Value,High Value / Low Risk,6,DSL
2208-MPXIO,No,0.0088,Low Risk,20.0,886.4,0.18,Two year,45,25-48 months,Medium Value,Low-Med Value / Low Risk,1,No
1960-UYCNN,No,0.7143,High Risk,95.25,1021.55,68.03,Month-to-month,10,0-12 months,Medium Value,Low-Med Value / High Risk,6,Fiber optic
0348-SDKOL,Yes,0.3218,Medium Risk,102.1,5885.4,32.85,Month-to-month,58,49+ months,High Value,High Value / Low Risk,7,Fiber optic
3190-FZATL,No,0.0942,Low Risk,19.95,268.4,1.88,Month-to-month,14,13-24 months,Low Value,Low-Med Value / Low Risk,1,No
7336-RLLRH,No,0.1007,Low Risk,80.85,2204.35,8.14,One year,27,25-48 months,Medium Value,Low-Med Value / Low Risk,7,DSL
4373-MAVJG,Yes,0.5481,High Risk,90.9,1259.0,49.82,Month-to-month,14,13-24 months,Medium Value,Low-Med Value / High Risk,5,Fiber optic
8901-HJXTF,Yes,0.2832,Medium Risk,29.2,309.1,8.27,Month-to-month,12,0-12 months,Low Value,Low-Med Value / Low Risk,2,DSL
7710-JSYOA,No,0.044,Low Risk,93.3,6398.05,4.11,Two year,69,49+ months,High Value,High Value / Low Risk,6,Fiber optic
5419-KLXBN,Yes,0.3934,Medium Risk,89.15,2257.75,35.07,Month-to-month,25,25-48 months,Medium Value,Low-Med Value / Low Risk,5,Fiber optic
3424-NMNBO,Yes,0.2654,Medium Risk,108.85,6287.25,28.89,One year,58,49+ months,High Value,High Value / Low Risk,8,Fiber optic
9885-MFVSU,No,0.0358,Low Risk,46.35,1662.05,1.66,Two year,35,25-48 months,Medium Value,Low-Med Value / Low Risk,4,DSL
4514-GFCFI,Yes,0.7387,High Risk,84.75,1350.15,62.6,Month-to-month,16,13-24 months,Medium Value,Low-Med Value / High Risk,4,Fiber optic
0607-MVMGC,No,0.0762,Low Risk,78.75,3600.65,6.0,One year,45,25-48 months,Medium Value,Low-Med Value / Low Risk,7,DSL
3365-SAIGS,No,0.5982,High Risk,83.55,1329.15,49.98,Month-to-month,17,13-24 months,Medium Value,Low-Med Value / High Risk,4,Fiber optic
9828-AOQLM,Yes,0.4613,Medium Risk,45.7,45.7,21.08,Month-to-month,1,0-12 months,Low Value,Low-Med Value / Low Risk,2,DSL
8022-BECSI,No,0.0433,Low Risk,19.6,422.5,0.85,One year,22,13-24 months,Medium Value,Low-Med Value / Low Risk,1,No
8000-REIQB,Yes,0.731,High Risk,69.95,69.95,51.14,Month-to-month,1,0-12 months,Low Value,Low-Med Value / High Risk,2,Fiber optic
9993-LHIEB,No,0.0065,Low Risk,67.85,4627.65,0.44,Two year,67,49+ months,High Value,High Value / Low Risk,6,DSL
0266-CLZKZ,No,0.0698,Low Risk,105.65,6717.9,7.38,Two year,67,49+ months,High Value,High Value / Low Risk,7,Fiber optic
7615-ESMYF,Yes,0.664,High Risk,44.6,97.1,29.61,Month-to-month,2,0-12 months,Low Value,Low-Med Value / High Risk,3,DSL
3858-VOBET,Yes,0.6028,High Risk,74.95,1710.45,45.18,Month-to-month,23,13-24 months,Medium Value,Low-Med Value / High Risk,3,Fiber optic
7020-OZKXZ,No,0.4709,Medium Risk,75.5,637.4,35.56,Month-to-month,9,0-12 months,Medium Value,Low-Med Value / Low Risk,3,Fiber optic
3977-QCRSL,No,0.163,Low Risk,20.15,117.95,3.28,Month-to-month,5,0-12 months,Low Value,Low-Med Value / Low Risk,1,No
0017-DINOC,No,0.0147,Low Risk,45.2,2460.55,0.66,Two year,54,49+ months,Medium Value,Low-Med Value / Low Risk,4,DSL
1447-PJGGA,Yes,0.1562,Low Risk,95.25,5464.65,14.88,Two year,57,49+ months,High Value,High Value / Low Risk,5,Fiber optic
8565-CLBZW,Yes,0.5838,High Risk,89.85,2165.05,52.45,Month-to-month,24,13-24 months,Medium Value,Low-Med Value / High Risk,5,Fiber optic
9139-WQQDY,Yes,0.1818,Low Risk,100.45,4941.8,18.26,One year,49,49+ months,High Value,High Value / Low Risk,6,Fiber optic
0224-HJAPT,Yes,0.4714,Medium Risk,47.15,223.15,22.23,Month-to-month,5,0-12 months,Low Value,Low-Med Value / Low Risk,3,DSL
8086-OVPWV,Yes,0.7437,High Risk,80.2,181.1,59.65,Month-to-month,2,0-12 months,Low Value,Low-Med Value / High Risk,3,Fiber optic
9430-FRQOC,Yes,0.5133,High Risk,87.1,341.45,44.71,Month-to-month,4,0-12 months,Low Value,Low-Med Value / High Risk,5,Fiber optic
7639-OPLNG,No,0.0106,Low Risk,79.25,5731.85,0.84,Two year,70,49+ months,High Value,High Value / Low Risk,8,DSL
3074-GQWYX,Yes,0.6516,High Risk,75.9,357.75,49.46,Month-to-month,5,0-12 months,Low Value,Low-Med Value / High Risk,3,Fiber optic
1492-QGCLU,No,0.0978,Low Risk,85.7,4616.1,8.38,Month-to-month,53,49+ months,High Value,High Value / Low Risk,8,DSL
6845-RGTYS,Yes,0.3642,Medium Risk,98.75,4533.7,35.96,Month-to-month,47,25-48 months,High Value,High Value / Low Risk,7,Fiber optic
7328-OWMOM,No,0.0203,Low Risk,20.1,589.25,0.41,One year,31,25-48 months,Medium Value,Low-Med Value / Low Risk,1,No
4418-LZMSV,No,0.1246,Low Risk,61.8,750.1,7.7,Month-to-month,13,13-24 months,Medium Value,Low-Med Value / Low Risk,5,DSL
5155-AZQPB,No,0.1677,Low Risk,49.9,1410.25,8.37,Month-to-month,28,25-48 months,Medium Value,Low-Med Value / Low Risk,3,DSL
8861-HGGKB,Yes,0.6637,High Risk,86.45,830.85,57.37,Month-to-month,10,0-12 months,Medium Value,Low-Med Value / High Risk,4,Fiber optic
1087-GRUYI,No,0.0106,Low Risk,20.4,743.5,0.22,Two year,38,25-48 months,Medium Value,Low-Med Value / Low Risk,1,No
7065-YUNRY,Yes,0.4365,Medium Risk,45.3,45.3,19.77,Month-to-month,1,0-12 months,Low Value,Low-Med Value / Low Risk,2,DSL
7694-VLBWQ,Yes,0.1985,Low Risk,104.1,7040.85,20.67,One year,67,49+ months,High Value,High Value / Low Risk,7,Fiber optic
2546-KZAAT,No,0.0579,Low Risk,75.4,3865.45,4.37,One year,52,49+ months,High Value,High Value / Low Risk,6,DSL
0181-RITDD,No,0.0313,Low Risk,108.15,6825.65,3.38,Two year,62,49+ months,High Value,High Value / Low Risk,8,Fiber optic
5989-PGKJB,No,0.5994,High Risk,86.25,1340.1,51.7,Month-to-month,16,13-24 months,Medium Value,Low-Med Value / High Risk,4,Fiber optic
4795-KTRTH,Yes,0.7263,High Risk,81.0,371.65,58.83,Month-to-month,5,0-12 months,Low Value,Low-Med Value / High Risk,4,Fiber optic
8272-ONJLV,No,0.4739,Medium Risk,95.7,1184.0,45.36,One year,12,0-12 months,Medium Value,Low-Med Value / Low Risk,5,Fiber optic
1488-PBLJN,No,0.0448,Low Risk,116.85,8477.7,5.24,Two year,72,49+ months,High Value,High Value / Low Risk,9,Fiber optic
0308-GIQJT,No,0.1054,Low Risk,105.75,7382.85,11.14,One year,71,49+ months,High Value,High Value / Low Risk,7,Fiber optic
3778-FOAQW,No,0.0392,Low Risk,20.15,456.85,0.79,One year,24,13-24 months,Medium Value,Low-Med Value / Low Risk,1,No
4452-ROHMO,No,0.0319,Low Risk,19.6,331.6,0.63,Two year,15,13-24 months,Low Value,Low-Med Value / Low Risk,1,No
6481-OGDOO,Yes,0.07,Low Risk,90.6,6056.15,6.34,One year,67,49+ months,High Value,High Value / Low Risk,5,Fiber optic
3090-LETTY,No,0.2212,Low Risk,60.95,134.6,13.48,Month-to-month,2,0-12 months,Low Value,Low-Med Value / Low Risk,5,DSL
5349-AZPEW,No,0.3889,Medium Risk,25.05,125.5,9.74,Month-to-month,5,0-12 months,Low Value,Low-Med Value / Low Risk,1,DSL
3753-TSEMP,Yes,0.6386,High Risk,88.15,1390.6,56.29,Month-to-month,15,13-24 months,Medium Value,Low-Med Value / High Risk,4,Fiber optic
8305-VHZBZ,Yes,0.2564,Medium Risk,20.2,20.2,5.18,Month-to-month,1,0-12 months,Low Value,Low-Med Value / Low Risk,1,No
9720-JJJOR,No,0.035,Low Risk,60.3,2511.3,2.11,One year,41,25-48 months,Medium Value,Low-Med Value / Low Risk,5,DSL
8100-HZZLJ,No,0.114,Low Risk,63.95,2737.05,7.29,Month-to-month,43,25-48 months,Medium Value,Low-Med Value / Low Risk,5,DSL
8775-ERLNB,No,0.7249,High Risk,74.3,74.3,53.86,Month-to-month,1,0-12 months,Low Value,Low-Med Value / High Risk,3,Fiber optic
8309-IEYJD,No,0.6629,High Risk,70.6,70.6,46.8,Month-to-month,1,0-12 months,Low Value,Low-Med Value / High Risk,2,Fiber optic
9172-JITSM,Yes,0.5816,High Risk,90.8,2361.8,52.81,Month-to-month,26,25-48 months,Medium Value,Low-Med Value / High Risk,4,Fiber optic
6298-QDFNH,Yes,0.5761,High Risk,79.35,1730.35,45.71,Month-to-month,22,13-24 months,Medium Value,Low-Med Value / High Risk,4,Fiber optic
7398-HPYZQ,No,0.0124,Low Risk,90.55,6404.0,1.12,Two year,71,49+ months,High Value,High Value / Low Risk,9,DSL
3546-GHEAE,No,0.0466,Low Risk,19.45,165.35,0.91,Two year,7,0-12 months,Low Value,Low-Med Value / Low Risk,1,No
7361-YPXFS,No,0.1418,Low Risk,64.45,1867.6,9.14,Month-to-month,28,25-48 months,Medium Value,Low-Med Value / Low Risk,6,DSL
6557-BZXLQ,No,0.5288,High Risk,69.65,1043.3,36.83,Month-to-month,16,13-24 months,Medium Value,Low-Med Value / High Risk,2,Fiber optic
2550-QHZGP,No,0.0836,Low Risk,19.5,128.6,1.63,One year,7,0-12 months,Low Value,Low-Med Value / Low Risk,1,No
7519-JTWQH,No,0.0767,Low Risk,110.5,7455.45,8.47,Two year,69,49+ months,High Value,High Value / Low Risk,8,Fiber optic
2538-OIMXF,No,0.4291,Medium Risk,24.7,24.7,10.6,Month-to-month,1,0-12 months,Low Value,Low-Med Value / Low Risk,1,DSL
8543-MSDMF,No,0.4862,Medium Risk,77.4,206.15,37.63,Month-to-month,3,0-12 months,Low Value,Low-Med Value / Low Risk,6,DSL
9961-JBNMK,Yes,0.6078,High Risk,96.8,2030.3,58.83,Month-to-month,21,13-24 months,Medium Value,Low-Med Value / High Risk,5,Fiber optic
1170-SASML,No,0.1717,Low Risk,85.4,5869.4,14.66,Month-to-month,69,49+ months,High Value,High Value / Low Risk,5,Fiber optic
4872-JCVCA,No,0.0071,Low Risk,47.6,3377.8,0.34,Two year,71,49+ months,Medium Value,Low-Med Value / Low Risk,5,DSL
5346-BZCHP,No,0.0021,Low Risk,19.4,1346.2,0.04,Two year,69,49+ months,Medium Value,Low-Med Value / Low Risk,1,No
2038-LLMLM,No,0.4779,Medium Risk,103.85,4946.05,49.63,Month-to-month,48,25-48 months,High Value,High Value / Low Risk,7,Fiber optic
6173-ITPWD,Yes,0.3076,Medium Risk,83.35,4065.0,25.63,Month-to-month,47,25-48 months,High Value,High Value / Low Risk,5,Fiber optic
9734-UYXQI,Yes,0.5795,High Risk,49.4,106.55,28.63,Month-to-month,2,0-12 months,Low Value,Low-Med Value / High Risk,3,DSL
1216-BGTSP,No,0.3216,Medium Risk,108.45,4964.7,34.88,Month-to-month,45,25-48 months,High Value,High Value / Low Risk,8,Fiber optic
4138-NAXED,No,0.1968,Low Risk,81.0,4085.75,15.94,Month-to-month,51,49+ months,High Value,High Value / Low Risk,4,Fiber optic
2189-UXTKY,Yes,0.3407,Medium Risk,79.2,1742.75,26.98,Month-to-month,22,13-24 months,Medium Value,Low-Med Value / Low Risk,7,DSL
0744-BIKKF,No,0.0119,Low Risk,86.65,6224.8,1.03,Two year,72,49+ months,High Value,High Value / Low Risk,9,DSL
7483-IQWIB,No,0.4822,Medium Risk,92.95,3415.25,44.82,Month-to-month,37,25-48 months,Medium Value,Low-Med Value / Low Risk,6,Fiber optic
5248-KWLAR,No,0.0142,Low Risk,90.35,6325.25,1.28,Two year,71,49+ months,High Value,High Value / Low Risk,9,DSL
4958-GZWIY,Yes,0.3208,Medium Risk,48.7,340.25,15.62,Month-to-month,7,0-12 months,Low Value,Low-Med Value / Low Risk,3,DSL
7996-MHXLW,No,0.0057,Low Risk,25.15,1683.6,0.14,Two year,66,49+ months,Medium Value,Low-Med Value / Low Risk,2,No
7833-PKIHD,No,0.0382,Low Risk,76.4,3966.3,2.92,One year,51,49+ months,High Value,High Value / Low Risk,6,DSL
7061-OVMIM,No,0.0229,Low Risk,19.55,608.5,0.45,One year,30,25-48 months,Medium Value,Low-Med Value / Low Risk,1,No
5153-RTHKF,No,0.4883,Medium Risk,85.35,2896.6,41.67,Month-to-month,34,25-48 months,Medium Value,Low-Med Value / Low Risk,4,Fiber optic
1852-QSWCD,No,0.0056,Low Risk,24.8,1514.85,0.14,Two year,64,49+ months,Medium Value,Low-Med Value / Low Risk,2,No
4832-VRBMR,No,0.2317,Low Risk,103.15,6792.45,23.9,One year,65,49+ months,High Value,High Value / Low Risk,7,Fiber optic
9079-LWTFD,No,0.1711,Low Risk,100.75,4669.2,17.24,Month-to-month,47,25-48 months,High Value,High Value / Low Risk,7,Fiber optic
6356-ELRKD,Yes,0.7031,High Risk,95.6,95.6,67.21,Month-to-month,1,0-12 months,Low Value,Low-Med Value / High Risk,5,Fiber optic
8624-GIOUT,Yes,0.0793,Low Risk,59.75,2934.3,4.74,Month-to-month,49,49+ months,Medium Value,Low-Med Value / Low Risk,5,DSL
3392-EHMNK,No,0.0317,Low Risk,94.1,6302.8,2.98,Two year,67,49+ months,High Value,High Value / Low Risk,6,Fiber optic
5986-WWXDV,No,0.0152,Low Risk,19.35,779.2,0.29,One year,39,25-48 months,Medium Value,Low-Med Value / Low Risk,1,No
3061-BCKYI,No,0.1158,Low Risk,19.9,283.75,2.3,Month-to-month,14,13-24 months,Low Value,Low-Med Value / Low Risk,1,No
6179-GJPSO,Yes,0.2484,Low Risk,108.15,4600.7,26.86,Month-to-month,43,25-48 months,High Value,High Value / Low Risk,7,Fiber optic
7901-TBKJX,No,0.5388,High Risk,101.05,5594.0,54.45,Month-to-month,56,49+ months,High Value,High Value / High Risk,6,Fiber optic
7228-PAQPD,No,0.114,Low Risk,59.1,772.85,6.74,One year,14,13-24 months,Medium Value,Low-Med Value / Low Risk,4,DSL
3177-LASXD,Yes,0.6131,High Risk,71.35,71.35,43.75,Month-to-month,1,0-12 months,Low Value,Low-Med Value / High Risk,2,Fiber optic
7746-QYVCO,No,0.0894,Low Risk,55.85,857.8,4.99,One year,16,13-24 months,Medium Value,Low-Med Value / Low Risk,4,DSL
5804-HYIEZ,No,0.2662,Medium Risk,106.05,7554.05,28.23,Month-to-month,70,49+ months,High Value,High Value / Low Risk,7,Fiber optic
9919-FZDED,No,0.0254,Low Risk,84.1,5981.65,2.13,Two year,72,49+ months,High Value,High Value / Low Risk,8,DSL
5934-TSSAU,No,0.3633,Medium Risk,75.3,1702.9,27.36,Month-to-month,23,13-24 months,Medium Value,Low-Med Value / Low Risk,3,Fiber optic
3486-KHMLI,No,0.0923,Low Risk,24.7,467.15,2.28,Month-to-month,21,13-24 months,Medium Value,Low-Med Value / Low Risk,2,No
4897-QSUYC,Yes,0.2527,Medium Risk,20.15,20.15,5.09,Month-to-month,1,0-12 months,Low Value,Low-Med Value / Low Risk,1,No
1084-UQCHV,Yes,0.4759,Medium Risk,69.75,69.75,33.2,Month-to-month,1,0-12 months,Low Value,Low-Med Value / Low Risk,2,Fiber optic
8290-YWKHZ,Yes,0.7021,High Risk,93.2,2931.0,65.43,Month-to-month,32,25-48 months,Medium Value,Low-Med Value / High Risk,5,Fiber optic
2955-BJZHG,Yes,0.499,Medium Risk,80.85,1400.85,40.34,Month-to-month,17,13-24 months,Medium Value,Low-Med Value / Low Risk,3,Fiber optic
3806-DXQOM,Yes,0.4777,Medium Risk,33.65,137.85,16.08,Month-to-month,4,0-12 months,Low Value,Low-Med Value / Low Risk,3,DSL
6784-XYJAE,No,0.1073,Low Risk,55.8,1941.5,5.99,One year,36,25-48 months,Medium Value,Low-Med Value / Low Risk,4,DSL
3933-DQPWX,No,0.0156,Low Risk,39.7,1932.75,0.62,Two year,50,49+ months,Medium Value,Low-Med Value / Low Risk,4,DSL
6661-EIPZC,No,0.0794,Low Risk,29.5,1423.05,2.34,Month-to-month,48,25-48 months,Medium Value,Low-Med Value / Low Risk,2,DSL
8957-THMOA,No,0.0045,Low Risk,20.15,970.85,0.09,Two year,50,49+ months,Medium Value,Low-Med Value / Low Risk,1,No
2251-PYLPB,No,0.0081,Low Risk,79.55,5810.9,0.64,Two year,72,49+ months,High Value,High Value / Low Risk,8,DSL
5555-RNPGT,No,0.1317,Low Risk,24.8,223.9,3.27,Month-to-month,10,0-12 months,Low Value,Low-Med Value / Low Risk,2,No
1057-FOGLZ,No,0.0972,Low Risk,19.65,391.7,1.91,Month-to-month,18,13-24 months,Low Value,Low-Med Value / Low Risk,1,No
9300-RENDD,Yes,0.7498,High Risk,79.95,79.95,59.95,Month-to-month,1,0-12 months,Low Value,Low-Med Value / High Risk,3,Fiber optic
0761-AETCS,Yes,0.2447,Low Risk,19.3,19.3,4.72,Month-to-month,1,0-12 months,Low Value,Low-Med Value / Low Risk,1,No
8087-LGYHQ,No,0.7411,High Risk,94.05,811.65,69.7,Month-to-month,9,0-12 months,Medium Value,Low-Med Value / High Risk,5,Fiber optic
4137-BTIKL,No,0.5573,High Risk,90.75,174.75,50.57,Month-to-month,2,0-12 months,Low Value,Low-Med Value / High Risk,5,Fiber optic
2190-BCXEC,No,0.29,Medium Risk,78.85,3126.85,22.86,Month-to-month,40,25-48 months,Medium Value,Low-Med Value / Low Risk,4,Fiber optic
6227-FBDXH,No,0.1475,Low Risk,99.5,6841.45,14.68,One year,69,49+ months,High Value,High Value / Low Risk,6,Fiber optic
2153-MREFK,Yes,0.245,Low Risk,99.2,3754.6,24.31,One year,37,25-48 months,Medium Value,Low-Med Value / Low Risk,7,Fiber optic
2911-WDXMV,No,0.4764,Medium Risk,80.55,1406.65,38.38,Month-to-month,18,13-24 months,Medium Value,Low-Med Value / Low Risk,4,Fiber optic
7206-PQBBZ,No,0.669,High Risk,70.2,834.7,46.96,Month-to-month,11,0-12 months,Medium Value,Low-Med Value / High Risk,2,Fiber optic
3106-ULWFW,Yes,0.675,High Risk,85.2,627.4,57.51,Month-to-month,8,0-12 months,Medium Value,Low-Med Value / High Risk,4,Fiber optic
0925-VYDLG,Yes,0.6687,High Risk,75.25,242.0,50.32,Month-to-month,3,0-12 months,Low Value,Low-Med Value / High Risk,3,Fiber optic
4547-FZJWE,No,0.0212,Low Risk,59.45,3157.0,1.26,One year,55,49+ months,Medium Value,Low-Med Value / Low Risk,4,DSL
7422-WNBTY,No,0.5688,High Risk,93.35,3092.0,53.1,Month-to-month,33,25-48 months,Medium Value,Low-Med Value / High Risk,6,Fiber optic
0842-IWYCP,No,0.0763,Low Risk,44.95,2168.9,3.43,Month-to-month,46,25-48 months,Medium Value,Low-Med Value / Low Risk,2,DSL
3521-HTQTV,No,0.0176,Low Risk,26.1,980.35,0.46,Two year,34,25-48 months,Medium Value,Low-Med Value / Low Risk,2,No
3744-ZBHON,No,0.2254,Low Risk,20.2,65.95,4.55,Month-to-month,3,0-12 months,Low Value,Low-Med Value / Low Risk,1,No
3373-DIUUN,No,0.0133,Low Risk,21.25,711.9,0.28,Two year,30,25-48 months,Medium Value,Low-Med Value / Low Risk,1,No
8383-SGHJU,No,0.0631,Low Risk,59.4,1952.8,3.75,One year,33,25-48 months,Medium Value,Low-Med Value / Low Risk,5,DSL
7607-QKKTJ,No,0.1975,Low Risk,95.0,4368.85,18.77,One year,45,25-48 months,High Value,High Value / Low Risk,6,Fiber optic
7707-PYBBH,No,0.0671,Low Risk,61.9,2647.1,4.15,Month-to-month,40,25-48 months,Medium Value,Low-Med Value / Low Risk,5,DSL
8984-HPEMB,No,0.079,Low Risk,118.65,8477.6,9.37,Two year,71,49+ months,High Value,High Value / Low Risk,9,Fiber optic
4349-GFQHK,Yes,0.4921,Medium Risk,54.35,54.35,26.75,Month-to-month,1,0-12 months,Low Value,Low-Med Value / Low Risk,4,DSL
4139-DETXS,No,0.008,Low Risk,64.45,4528.0,0.52,Two year,72,49+ months,High Value,High Value / Low Risk,7,DSL
9779-DPNEJ,No,0.548,High Risk,80.15,1790.65,43.92,Month-to-month,22,13-24 months,Medium Value,Low-Med Value / High Risk,3,Fiber optic
9805-FILKB,No,0.0157,Low Risk,20.2,845.6,0.32,One year,46,25-48 months,Medium Value,Low-Med Value / Low Risk,1,No
5793-YOLJN,No,0.0041,Low Risk,21.0,1210.3,0.09,Two year,55,49+ months,Medium Value,Low-Med Value / Low Risk,1,No
0673-IGUQO,No,0.1917,Low Risk,20.45,20.45,3.92,Month-to-month,1,0-12 months,Low Value,Low-Med Value / Low Risk,1,No
4123-FCVCB,No,0.2725,Medium Risk,75.85,854.45,20.67,One year,12,0-12 months,Medium Value,Low-Med Value / Low Risk,6,DSL
8819-IMISP,No,0.4974,Medium Risk,80.45,2429.1,40.01,Month-to-month,31,25-48 months,Medium Value,Low-Med Value / Low Risk,4,Fiber optic
7802-EFKNY,Yes,0.6161,High Risk,24.95,100.4,15.37,Month-to-month,5,0-12 months,Low Value,Low-Med Value / High Risk,1,DSL
8311-UEUAB,No,0.034,Low Risk,75.5,5229.45,2.56,Two year,67,49+ months,High Value,High Value / Low Risk,6,DSL
5858-EAFCZ,No,0.3567,Medium Risk,44.45,44.45,15.85,Month-to-month,1,0-12 months,Low Value,Low-Med Value / Low Risk,2,DSL
8035-BUYVG,Yes,0.0894,Low Risk,42.35,1716.45,3.79,One year,40,25-48 months,Medium Value,Low-Med Value / Low Risk,4,DSL
1163-ONYEY,No,0.1166,Low Risk,74.55,3023.55,8.69,Month-to-month,41,25-48 months,Medium Value,Low-Med Value / Low Risk,7,DSL
9787-XVQIU,Yes,0.7605,Critical Risk,75.3,75.3,57.26,Month-to-month,1,0-12 months,Low Value,Low-Med Value / High Risk,3,Fiber optic
8945-MUQUF,Yes,0.2046,Low Risk,94.8,4837.6,19.4,One year,51,49+ months,High Value,High Value / Low Risk,6,Fiber optic
5656-MJEFC,No,0.0198,Low Risk,48.15,2032.3,0.95,Two year,42,25-48 months,Medium Value,Low-Med Value / Low Risk,5,DSL
6082-OQFBA,No,0.0339,Low Risk,19.65,436.9,0.67,One year,23,13-24 months,Medium Value,Low-Med Value / Low Risk,1,No
8051-HJRLT,Yes,0.7289,High Risk,70.55,70.55,51.43,Month-to-month,1,0-12 months,Low Value,Low-Med Value / High Risk,2,Fiber optic
8974-OVACP,No,0.1894,Low Risk,20.15,20.15,3.82,Month-to-month,1,0-12 months,Low Value,Low-Med Value / Low Risk,1,No
4010-YLMVT,No,0.2835,Medium Risk,106.6,5893.95,30.23,Month-to-month,56,49+ months,High Value,High Value / Low Risk,7,Fiber optic
1379-FRVEB,No,0.6363,High Risk,91.0,1430.05,57.9,Month-to-month,15,13-24 months,Medium Value,Low-Med Value / High Risk,5,Fiber optic
8612-GXIDD,No,0.0534,Low Risk,25.4,313.0,1.36,Two year,12,0-12 months,Low Value,Low-Med Value / Low Risk,2,No
6288-CHQJB,No,0.0094,Low Risk,69.95,3871.85,0.65,Two year,54,49+ months,High Value,High Value / Low Risk,6,DSL
8160-HOWOX,No,0.5641,High Risk,66.85,458.1,37.71,Month-to-month,7,0-12 months,Medium Value,Low-Med Value / High Risk,4,DSL
3023-GFLBR,Yes,0.3391,Medium Risk,86.15,2745.7,29.22,Month-to-month,33,25-48 months,Medium Value,Low-Med Value / Low Risk,4,Fiber optic
6648-INWPS,No,0.1172,Low Risk,20.15,341.35,2.36,Month-to-month,16,13-24 months,Low Value,Low-Med Value / Low Risk,1,No
4223-BKEOR,No,0.0755,Low Risk,64.85,1336.8,4.89,One year,21,13-24 months,Medium Value,Low-Med Value / Low Risk,5,DSL
4079-VTGLK,No,0.1483,Low Risk,74.85,2181.75,11.1,Two year,30,25-48 months,Medium Value,Low-Med Value / Low Risk,6,DSL
1763-WQFUK,No,0.3333,Medium Risk,50.5,147.75,16.83,Month-to-month,3,0-12 months,Low Value,Low-Med Value / Low Risk,3,DSL
1391-UBDAR,No,0.5405,High Risk,72.9,818.45,39.4,Month-to-month,11,0-12 months,Medium Value,Low-Med Value / High Risk,3,Fiber optic
8894-JVDCV,No,0.1164,Low Risk,115.05,7133.45,13.4,One year,62,49+ months,High Value,High Value / Low Risk,9,Fiber optic
2023-VQFDL,No,0.1308,Low Risk,19.0,348.8,2.48,Month-to-month,18,13-24 months,Low Value,Low-Med Value / Low Risk,1,No
1345-GKDZZ,No,0.1324,Low Risk,19.55,128.6,2.59,Month-to-month,6,0-12 months,Low Value,Low-Med Value / Low Risk,1,No
2014-MKGMH,No,0.4005,Medium Risk,101.1,4674.4,40.49,One year,46,25-48 months,High Value,High Value / Low Risk,6,Fiber optic
5628-FCGYG,No,0.6814,High Risk,84.1,1737.45,57.31,Month-to-month,21,13-24 months,Medium Value,Low-Med Value / High Risk,4,Fiber optic
2560-WBWXF,No,0.0053,Low Risk,24.15,1498.85,0.13,Two year,68,49+ months,Medium Value,Low-Med Value / Low Risk,2,No
0248-IPDFW,No,0.5857,High Risk,50.1,50.1,29.34,Month-to-month,1,0-12 months,Low Value,Low-Med Value / High Risk,3,DSL
7978-DKUQH,No,0.5035,High Risk,74.6,1797.75,37.56,Month-to-month,25,25-48 months,Medium Value,Low-Med Value / High Risk,3,Fiber optic
4335-UPJSI,No,0.0169,Low Risk,19.75,498.1,0.33,Two year,24,13-24 months,Medium Value,Low-Med Value / Low Risk,1,No
0524-IAVZO,Yes,0.6204,High Risk,85.0,2624.25,52.73,Month-to-month,30,25-48 months,Medium Value,Low-Med Value / High Risk,4,Fiber optic
2737-YNGYW,Yes,0.6614,High Risk,80.55,184.1,53.27,Month-to-month,2,0-12 months,Low Value,Low-Med Value / High Risk,3,Fiber optic
1784-EZDKJ,No,0.2701,Medium Risk,106.8,5498.8,28.84,One year,51,49+ months,High Value,High Value / Low Risk,7,Fiber optic
9297-FVVDH,No,0.0347,Low Risk,84.5,4845.4,2.93,Two year,57,49+ months,High Value,High Value / Low Risk,8,DSL
8007-YYPWD,No,0.0394,Low Risk,25.05,369.1,0.99,Two year,15,13-24 months,Low Value,Low-Med Value / Low Risk,2,No
7101-HRBLJ,No,0.0097,Low Risk,83.7,6096.9,0.81,Two year,72,49+ months,High Value,High Value / Low Risk,8,DSL
5159-YFPKQ,Yes,0.6828,High Risk,75.8,160.75,51.76,Month-to-month,2,0-12 months,Low Value,Low-Med Value / High Risk,3,Fiber optic
6635-CPNUN,No,0.3998,Medium Risk,96.6,2684.35,38.62,Month-to-month,28,25-48 months,Medium Value,Low-Med Value / Low Risk,6,Fiber optic
4021-RQSNY,Yes,0.7311,High Risk,98.5,3004.15,72.01,Month-to-month,29,25-48 months,Medium Value,Low-Med Value / High Risk,6,Fiber optic
5453-YBTWV,No,0.0217,Low Risk,101.1,6994.8,2.19,Two year,70,49+ months,High Value,High Value / Low Risk,7,Fiber optic
5039-LZRQT,No,0.063,Low Risk,20.2,273.25,1.27,One year,13,13-24 months,Low Value,Low-Med Value / Low Risk,1,No
2931-VUVJN,No,0.1094,Low Risk,94.05,5483.9,10.29,One year,59,49+ months,High Value,High Value / Low Risk,7,Fiber optic
9061-TIHDA,Yes,0.805,Critical Risk,95.25,1233.65,76.67,Month-to-month,13,13-24 months,Medium Value,Low-Med Value / High Risk,5,Fiber optic
8699-ASUFO,Yes,0.695,High Risk,74.4,527.9,51.71,Month-to-month,7,0-12 months,Medium Value,Low-Med Value / High Risk,3,Fiber optic
6418-PIQSP,No,0.0132,Low Risk,81.0,4985.9,1.07,Two year,62,49+ months,High Value,High Value / Low Risk,7,DSL
8220-OCUFY,No,0.0981,Low Risk,60.25,1258.35,5.91,One year,21,13-24 months,Medium Value,Low-Med Value / Low Risk,5,DSL
3995-WFCSM,No,0.4547,Medium Risk,60.85,111.4,27.67,Month-to-month,2,0-12 months,Low Value,Low-Med Value / Low Risk,4,DSL
1895-QTKDO,No,0.3305,Medium Risk,43.95,43.95,14.53,Month-to-month,1,0-12 months,Low Value,Low-Med Value / Low Risk,2,DSL
2038-OEQZH,No,0.6375,High Risk,86.05,308.1,54.86,Month-to-month,4,0-12 months,Low Value,Low-Med Value / High Risk,4,Fiber optic
1178-PZGAB,No,0.0437,Low Risk,20.25,383.65,0.88,One year,19,13-24 months,Low Value,Low-Med Value / Low Risk,1,No
7927-AUXBZ,Yes,0.3591,Medium Risk,85.15,2555.9,30.58,Month-to-month,30,25-48 months,Medium Value,Low-Med Value / Low Risk,4,Fiber optic
2626-VEEWG,No,0.0031,Low Risk,19.4,1284.2,0.06,Two year,67,49+ months,Medium Value,Low-Med Value / Low Risk,1,No
2878-RMWXY,No,0.0585,Low Risk,102.65,7550.3,6.0,Two year,72,49+ months,High Value,High Value / Low Risk,7,Fiber optic
1657-DYMBM,No,0.0053,Low Risk,19.9,1110.05,0.1,Two year,53,49+ months,Medium Value,Low-Med Value / Low Risk,1,No
7311-MQJCH,No,0.1184,Low Risk,19.55,99.6,2.32,One year,5,0-12 months,Low Value,Low-Med Value / Low Risk,1,No
7375-WMVMT,No,0.0423,Low Risk,95.5,6707.15,4.04,Two year,71,49+ months,High Value,High Value / Low Risk,6,Fiber optic
1136-XGEQU,No,0.0658,Low Risk,84.15,4164.4,5.54,One year,50,49+ months,High Value,High Value / Low Risk,8,DSL
2530-FMFXO,No,0.1444,Low Risk,103.2,5873.75,14.9,Two year,56,49+ months,High Value,High Value / Low Risk,7,Fiber optic
6844-DZKRF,No,0.3208,Medium Risk,50.2,109.25,16.1,Month-to-month,2,0-12 months,Low Value,Low-Med Value / Low Risk,3,DSL
4695-WJZUE,Yes,0.8116,Critical Risk,88.55,179.25,71.87,Month-to-month,2,0-12 months,Low Value,Low-Med Value / High Risk,5,Fiber optic
7619-ODSGN,Yes,0.1817,Low Risk,54.75,1338.15,9.95,Month-to-month,24,13-24 months,Medium Value,Low-Med Value / Low Risk,4,DSL
5970-GHJAW,No,0.0056,Low Risk,19.95,862.4,0.11,Two year,46,25-48 months,Medium Value,Low-Med Value / Low Risk,1,No
8879-XUAHX,No,0.087,Low Risk,116.25,8564.75,10.11,Two year,71,49+ months,High Value,High Value / Low Risk,9,Fiber optic
3689-MOZGR,No,0.2683,Medium Risk,31.2,926.2,8.37,Month-to-month,29,25-48 months,Medium Value,Low-Med Value / Low Risk,2,DSL
4195-PNGZS,No,0.003,Low Risk,24.45,1718.2,0.07,Two year,69,49+ months,Medium Value,Low-Med Value / Low Risk,2,No
5003-XZWWO,No,0.0168,Low Risk,84.2,5956.85,1.42,Two year,71,49+ months,High Value,High Value / Low Risk,8,DSL
3988-RQIXO,Yes,0.8054,Critical Risk,91.3,91.3,73.53,Month-to-month,1,0-12 months,Low Value,Low-Med Value / High Risk,4,Fiber optic
7622-FWGEW,No,0.023,Low Risk,85.65,4824.45,1.97,Two year,56,49+ months,High Value,High Value / Low Risk,8,DSL
6922-NCEDI,No,0.0107,Low Risk,21.2,1238.65,0.23,One year,56,49+ months,Medium Value,Low-Med Value / Low Risk,1,No
2514-GINMM,Yes,0.7513,Critical Risk,79.5,79.5,59.73,Month-to-month,1,0-12 months,Low Value,Low-Med Value / High Risk,3,Fiber optic
9891-NQDBD,No,0.0441,Low Risk,25.55,672.2,1.13,One year,28,25-48 months,Medium Value,Low-Med Value / Low Risk,2,No
6131-IUNXN,No,0.0761,Low Risk,20.2,382.2,1.54,Month-to-month,19,13-24 months,Low Value,Low-Med Value / Low Risk,1,No
8548-AWOFC,No,0.0787,Low Risk,63.85,4264.6,5.03,Month-to-month,66,49+ months,High Value,High Value / Low Risk,5,DSL
9798-DRYDS,No,0.1308,Low Risk,61.95,1070.7,8.1,One year,17,13-24 months,Medium Value,Low-Med Value / Low Risk,5,DSL
8532-UEFWH,No,0.0068,Low Risk,25.75,1345.85,0.17,Two year,52,49+ months,Medium Value,Low-Med Value / Low Risk,2,No
6296-DDOOR,No,0.1665,Low Risk,58.2,1045.25,9.69,One year,19,13-24 months,Medium Value,Low-Med Value / Low Risk,4,DSL
7951-VRDVK,No,0.0441,Low Risk,85.85,3003.55,3.78,One year,36,25-48 months,Medium Value,Low-Med Value / Low Risk,8,DSL
5931-FLJJF,Yes,0.6253,High Risk,70.1,467.55,43.83,Month-to-month,7,0-12 months,Medium Value,Low-Med Value / High Risk,2,Fiber optic
4815-YOSUK,No,0.0549,Low Risk,104.9,7537.5,5.76,One year,72,49+ months,High Value,High Value / Low Risk,8,Fiber optic
2659-VXMWZ,Yes,0.1659,Low Risk,111.3,7482.1,18.47,One year,67,49+ months,High Value,High Value / Low Risk,8,Fiber optic
0380-NEAVX,No,0.4077,Medium Risk,99.85,3343.15,40.71,One year,34,25-48 months,Medium Value,Low-Med Value / Low Risk,6,Fiber optic
3207-OYBWH,Yes,0.3373,Medium Risk,95.25,5427.05,32.13,Month-to-month,57,49+ months,High Value,High Value / Low Risk,6,Fiber optic
4285-GYRQC,Yes,0.6992,High Risk,86.25,587.1,60.3,Month-to-month,7,0-12 months,Medium Value,Low-Med Value / High Risk,4,Fiber optic
7216-EWTRS,Yes,0.8448,Critical Risk,100.8,100.8,85.15,Month-to-month,1,0-12 months,Low Value,Low-Med Value / High Risk,6,Fiber optic
4365-MSDYN,No,0.1939,Low Risk,19.55,161.15,3.79,Month-to-month,8,0-12 months,Low Value,Low-Med Value / Low Risk,1,No
7036-TYDEC,No,0.0851,Low Risk,104.0,7028.5,8.85,Two year,69,49+ months,High Value,High Value / Low Risk,7,Fiber optic
5802-ADBRC,No,0.2377,Low Risk,104.4,5232.9,24.81,One year,50,49+ months,High Value,High Value / Low Risk,7,Fiber optic
8076-FEZKJ,No,0.0741,Low Risk,19.5,225.85,1.45,One year,10,0-12 months,Low Value,Low-Med Value / Low Risk,1,No
5197-YPYBZ,No,0.0353,Low Risk,25.25,274.7,0.89,Two year,12,0-12 months,Low Value,Low-Med Value / Low Risk,2,No
8337-MSSXB,Yes,0.6148,High Risk,86.3,1180.95,53.06,Month-to-month,14,13-24 months,Medium Value,Low-Med Value / High Risk,4,Fiber optic
4312-GVYNH,No,0.0117,Low Risk,49.85,3370.2,0.58,Two year,70,49+ months,Medium Value,Low-Med Value / Low Risk,5,DSL
8495-LJDFO,No,0.2563,Medium Risk,108.95,7111.3,27.92,Month-to-month,64,49+ months,High Value,High Value / Low Risk,8,Fiber optic
0839-JTCUD,No,0.011,Low Risk,89.9,5958.85,0.99,Two year,66,49+ months,High Value,High Value / Low Risk,9,DSL
5494-WOZRZ,No,0.0108,Low Risk,82.0,5999.85,0.88,Two year,71,49+ months,High Value,High Value / Low Risk,7,DSL
1302-UHBDD,No,0.6191,High Risk,89.95,1648.45,55.69,Month-to-month,20,13-24 months,Medium Value,Low-Med Value / High Risk,4,Fiber optic
2234-EOFPT,No,0.0118,Low Risk,79.35,5753.25,0.93,Two year,72,49+ months,High Value,High Value / Low Risk,7,DSL
8619-IJNDK,No,0.003,Low Risk,64.05,4492.9,0.19,Two year,71,49+ months,High Value,High Value / Low Risk,6,DSL
8378-LKJAF,No,0.4816,Medium Risk,101.15,3956.7,48.72,Month-to-month,38,25-48 months,High Value,High Value / Low Risk,6,Fiber optic
8182-BJDSI,Yes,0.5979,High Risk,89.95,2625.55,53.78,Month-to-month,28,25-48 months,Medium Value,Low-Med Value / High Risk,5,Fiber optic
2528-HFYZX,Yes,0.5721,High Risk,76.45,1233.4,43.74,Month-to-month,17,13-24 months,Medium Value,Low-Med Value / High Risk,3,Fiber optic
1153-GNOLC,No,0.209,Low Risk,39.1,1309.0,8.17,One year,33,25-48 months,Medium Value,Low-Med Value / Low Risk,3,DSL
3298-QEICA,No,0.0345,Low Risk,34.6,813.45,1.19,Two year,23,13-24 months,Medium Value,Low-Med Value / Low Risk,3,DSL
0788-DXBFY,No,0.0134,Low Risk,19.55,1108.8,0.26,One year,58,49+ months,Medium Value,Low-Med Value / Low Risk,1,No
3597-YASZG,No,0.0881,Low Risk,104.45,7349.35,9.2,Two year,70,49+ months,High Value,High Value / Low Risk,7,Fiber optic
3496-LFSZU,No,0.6025,High Risk,70.5,294.2,42.47,Month-to-month,4,0-12 months,Low Value,Low-Med Value / High Risk,2,Fiber optic
5242-UOWHD,No,0.0066,Low Risk,20.35,929.2,0.14,Two year,45,25-48 months,Medium Value,Low-Med Value / Low Risk,1,No
2482-CZGBB,Yes,0.6388,High Risk,70.0,740.0,44.72,Month-to-month,10,0-12 months,Medium Value,Low-Med Value / High Risk,2,Fiber optic
6479-SZPLM,No,0.0092,Low Risk,19.45,754.5,0.18,Two year,36,25-48 months,Medium Value,Low-Med Value / Low Risk,1,No
8097-VBQTZ,No,0.057,Low Risk,69.9,3883.3,3.99,Month-to-month,54,49+ months,High Value,High Value / Low Risk,6,DSL
4500-HKANN,No,0.0392,Low Risk,59.7,1414.2,2.34,Two year,23,13-24 months,Medium Value,Low-Med Value / Low Risk,5,DSL
9917-KWRBE,No,0.0595,Low Risk,78.35,3211.2,4.66,One year,41,25-48 months,Medium Value,Low-Med Value / Low Risk,7,DSL
3420-ZDBMA,No,0.6334,High Risk,71.45,371.6,45.26,Month-to-month,5,0-12 months,Low Value,Low-Med Value / High Risk,2,Fiber optic
2212-LYASK,No,0.15,Low Risk,45.85,1246.4,6.88,One year,27,25-48 months,Medium Value,Low-Med Value / Low Risk,4,DSL
1393-IMKZG,No,0.7126,High Risk,95.85,95.85,68.3,Month-to-month,1,0-12 months,Low Value,Low-Med Value / High Risk,5,Fiber optic
8069-RHUXK,No,0.0049,Low Risk,35.7,2545.7,0.18,Two year,67,49+ months,Medium Value,Low-Med Value / Low Risk,3,DSL
3398-GCPMU,No,0.0152,Low Risk,89.55,6448.85,1.36,Two year,72,49+ months,High Value,High Value / Low Risk,9,DSL
2908-WGAXL,No,0.0073,Low Risk,24.95,1468.9,0.18,Two year,56,49+ months,Medium Value,Low-Med Value / Low Risk,2,No
3378-AJRAO,No,0.0242,Low Risk,24.85,1013.6,0.6,One year,44,25-48 months,Medium Value,Low-Med Value / Low Risk,2,No
1013-QCWAM,No,0.443,Medium Risk,100.8,6690.75,44.65,Month-to-month,66,49+ months,High Value,High Value / Low Risk,6,Fiber optic
0866-QLSIR,Yes,0.0554,Low Risk,64.4,2088.75,3.57,One year,34,25-48 months,Medium Value,Low-Med Value / Low Risk,6,DSL
6050-FFXES,No,0.0625,Low Risk,105.35,7240.65,6.59,Two year,69,49+ months,High Value,High Value / Low Risk,7,Fiber optic
7181-BQYBV,Yes,0.7225,High Risk,102.45,102.45,74.02,Month-to-month,1,0-12 months,Low Value,Low-Med Value / High Risk,7,Fiber optic
0362-RAOQO,No,0.0092,Low Risk,19.65,830.25,0.18,Two year,40,25-48 months,Medium Value,Low-Med Value / Low Risk,1,No
9554-DFKIC,No,0.147,Low Risk,54.45,1588.7,8.01,Month-to-month,30,25-48 months,Medium Value,Low-Med Value / Low Risk,4,DSL
5527-ACHSO,No,0.2901,Medium Risk,70.5,829.3,20.45,Month-to-month,11,0-12 months,Medium Value,Low-Med Value / Low Risk,5,DSL
0829-DDVLK,No,0.0522,Low Risk,20.1,302.45,1.05,One year,15,13-24 months,Low Value,Low-Med Value / Low Risk,1,No
1399-UBQIU,No,0.5336,High Risk,69.35,712.25,37.01,Month-to-month,11,0-12 months,Medium Value,Low-Med Value / High Risk,5,DSL
1813-JLKWR,No,0.0048,Low Risk,19.8,1336.65,0.1,One year,64,49+ months,Medium Value,Low-Med Value / Low Risk,1,No
0336-PIKEI,No,0.0066,Low Risk,74.4,5360.75,0.49,Two year,72,49+ months,High Value,High Value / Low Risk,7,DSL
7322-OCWHC,No,0.0309,Low Risk,93.05,6735.05,2.87,Two year,72,49+ months,High Value,High Value / Low Risk,7,Fiber optic
9537-VHDTA,No,0.2154,Low Risk,51.2,51.2,11.03,Month-to-month,1,0-12 months,Low Value,Low-Med Value / Low Risk,3,DSL
4957-TIALW,No,0.0405,Low Risk,65.6,1010.0,2.66,One year,15,13-24 months,Medium Value,Low-Med Value / Low Risk,6,DSL
2054-PJOCK,No,0.0466,Low Risk,80.55,4847.05,3.75,One year,60,49+ months,High Value,High Value / Low Risk,7,DSL
9150-HEPMB,No,0.0211,Low Risk,52.7,3019.7,1.11,One year,56,49+ months,Medium Value,Low-Med Value / Low Risk,4,DSL
9030-QGZNL,No,0.0424,Low Risk,20.85,161.65,0.88,Two year,8,0-12 months,Low Value,Low-Med Value / Low Risk,1,No
6204-IEUXJ,Yes,0.3962,Medium Risk,80.1,217.55,31.73,Month-to-month,3,0-12 months,Low Value,Low-Med Value / Low Risk,4,Fiber optic
3126-WQMGH,No,0.1244,Low Risk,52.15,2583.75,6.49,Month-to-month,49,49+ months,Medium Value,Low-Med Value / Low Risk,3,DSL
4529-CKBCL,Yes,0.7382,High Risk,80.2,146.05,59.21,Month-to-month,2,0-12 months,Low Value,Low-Med Value / High Risk,3,Fiber optic
2506-CLAKW,Yes,0.3928,Medium Risk,98.15,567.45,38.56,Month-to-month,6,0-12 months,Medium Value,Low-Med Value / Low Risk,7,Fiber optic
7176-WRTNX,No,0.0533,Low Risk,114.95,7711.25,6.13,Two year,70,49+ months,High Value,High Value / Low Risk,9,Fiber optic
1583-IHQZE,Yes,0.5942,High Risk,112.95,1384.75,67.12,Month-to-month,12,0-12 months,Medium Value,Low-Med Value / High Risk,8,Fiber optic
5732-IKGQH,No,0.1451,Low Risk,104.45,5481.25,15.15,One year,52,49+ months,High Value,High Value / Low Risk,7,Fiber optic
9239-GZHZE,No,0.0524,Low Risk,113.65,8124.2,5.95,Two year,72,49+ months,High Value,High Value / Low Risk,9,Fiber optic
7205-BAIAD,No,0.0135,Low Risk,20.6,827.3,0.28,Two year,40,25-48 months,Medium Value,Low-Med Value / Low Risk,1,No
0151-ONTOV,Yes,0.5389,High Risk,70.9,70.9,38.21,Month-to-month,1,0-12 months,Low Value,Low-Med Value / High Risk,2,Fiber optic
4140-MUHUG,Yes,0.7457,High Risk,86.85,220.95,64.76,Month-to-month,3,0-12 months,Low Value,Low-Med Value / High Risk,4,Fiber optic
0093-EXYQL,No,0.5635,High Risk,91.55,3673.6,51.59,Month-to-month,40,25-48 months,Medium Value,Low-Med Value / High Risk,4,Fiber optic
8064-RAVOH,No,0.4545,Medium Risk,49.85,49.85,22.66,Month-to-month,1,0-12 months,Low Value,Low-Med Value / Low Risk,3,DSL
0219-QAERP,No,0.0278,Low Risk,19.8,576.65,0.55,One year,30,25-48 months,Medium Value,Low-Med Value / Low Risk,1,No
0320-JDNQG,Yes,0.428,Medium Risk,99.85,2331.3,42.74,Month-to-month,23,13-24 months,Medium Value,Low-Med Value / Low Risk,6,Fiber optic
7180-PISOG,Yes,0.724,High Risk,74.5,74.5,53.94,Month-to-month,1,0-12 months,Low Value,Low-Med Value / High Risk,3,Fiber optic
9168-INPSZ,No,0.4507,Medium Risk,104.15,4495.65,46.94,Month-to-month,44,25-48 months,High Value,High Value / Low Risk,7,Fiber optic
3571-RFHAR,Yes,0.3419,Medium Risk,109.15,6941.2,37.32,Month-to-month,65,49+ months,High Value,High Value / Low Risk,8,Fiber optic
0015-UOCOJ,No,0.3952,Medium Risk,48.2,340.35,19.05,Month-to-month,7,0-12 months,Low Value,Low-Med Value / Low Risk,3,DSL
5334-AFQJB,No,0.0051,Low Risk,25.1,1789.9,0.13,Two year,72,49+ months,Medium Value,Low-Med Value / Low Risk,2,No
2754-SDJRD,No,0.6824,High Risk,100.15,908.55,68.34,Month-to-month,8,0-12 months,Medium Value,Low-Med Value / High Risk,6,Fiber optic
9578-VRMNM,Yes,0.3938,Medium Risk,65.2,1043.35,25.67,Month-to-month,16,13-24 months,Medium Value,Low-Med Value / Low Risk,5,DSL
1587-FKLZB,Yes,0.3399,Medium Risk,99.5,6822.15,33.82,Month-to-month,66,49+ months,High Value,High Value / Low Risk,6,Fiber optic
6140-QNRQQ,Yes,0.6306,High Risk,71.55,71.55,45.12,Month-to-month,1,0-12 months,Low Value,Low-Med Value / High Risk,2,Fiber optic
8963-JLGJT,No,0.1998,Low Risk,55.9,157.55,11.17,Month-to-month,3,0-12 months,Low Value,Low-Med Value / Low Risk,4,DSL
4307-KTUMW,Yes,0.2841,Medium Risk,93.9,5029.2,26.68,Month-to-month,53,49+ months,High Value,High Value / Low Risk,6,Fiber optic
1465-LNTLJ,No,0.3566,Medium Risk,64.4,581.7,22.96,Month-to-month,8,0-12 months,Medium Value,Low-Med Value / Low Risk,5,DSL
5440-FLBQG,Yes,0.0914,Low Risk,108.4,7318.2,9.91,Two year,69,49+ months,High Value,High Value / Low Risk,8,Fiber optic
2135-DQWAQ,No,0.6122,High Risk,85.3,420.45,52.22,Month-to-month,5,0-12 months,Medium Value,Low-Med Value / High Risk,4,Fiber optic
4056-QHXHZ,No,0.035,Low Risk,107.45,7576.7,3.76,Two year,72,49+ months,High Value,High Value / Low Risk,8,Fiber optic
7470-MCQTK,Yes,0.5513,High Risk,48.75,633.4,26.87,Month-to-month,13,13-24 months,Medium Value,Low-Med Value / High Risk,4,DSL
7488-MXJIV,Yes,0.7777,Critical Risk,85.65,321.65,66.61,Month-to-month,4,0-12 months,Low Value,Low-Med Value / High Risk,4,Fiber optic
7401-JIXNM,No,0.0157,Low Risk,91.3,4965.0,1.43,Two year,54,49+ months,High Value,High Value / Low Risk,9,DSL
9339-FIIJL,No,0.0168,Low Risk,85.95,6151.9,1.45,Two year,72,49+ months,High Value,High Value / Low Risk,8,DSL
2027-FECZV,Yes,0.7431,High Risk,106.7,1253.9,79.28,Month-to-month,12,0-12 months,Medium Value,Low-Med Value / High Risk,7,Fiber optic
2672-DZUOY,Yes,0.6537,High Risk,25.15,25.15,16.44,Month-to-month,1,0-12 months,Low Value,Low-Med Value / High Risk,1,DSL
4706-DGAHW,No,0.4636,Medium Risk,45.2,45.2,20.96,Month-to-month,1,0-12 months,Low Value,Low-Med Value / Low Risk,2,DSL
3870-MQAMG,Yes,0.1951,Low Risk,110.35,5893.15,21.53,One year,54,49+ months,High Value,High Value / Low Risk,8,Fiber optic
6670-MFRPK,No,0.0453,Low Risk,79.2,5420.65,3.59,Two year,69,49+ months,High Value,High Value / Low Risk,4,Fiber optic
6177-PEVRA,No,0.0114,Low Risk,55.5,2627.35,0.63,Two year,48,25-48 months,Medium Value,Low-Med Value / Low Risk,4,DSL
4800-CZMPC,Yes,0.1747,Low Risk,103.25,5037.55,18.04,One year,48,25-48 months,High Value,High Value / Low Risk,7,Fiber optic
4813-HQMGZ,No,0.6895,High Risk,90.25,743.75,62.22,Month-to-month,8,0-12 months,Medium Value,Low-Med Value / High Risk,5,Fiber optic
7579-KKLOE,No,0.0157,Low Risk,91.25,6589.6,1.44,Two year,71,49+ months,High Value,High Value / Low Risk,9,DSL
7377-DMMRI,Yes,0.4146,Medium Risk,47.8,92.45,19.82,Month-to-month,2,0-12 months,Low Value,Low-Med Value / Low Risk,3,DSL
8402-EIVQS,No,0.0984,Low Risk,100.9,6733.15,9.93,One year,67,49+ months,High Value,High Value / Low Risk,6,Fiber optic
4947-DSMXK,No,0.4922,Medium Risk,97.7,3410.0,48.09,Month-to-month,34,25-48 months,Medium Value,Low-Med Value / Low Risk,6,Fiber optic
7245-NIIWQ,No,0.6867,High Risk,69.85,199.85,47.97,Month-to-month,3,0-12 months,Low Value,Low-Med Value / High Risk,2,Fiber optic
0002-ORFBO,No,0.1454,Low Risk,65.6,593.3,9.54,One year,9,0-12 months,Medium Value,Low-Med Value / Low Risk,5,DSL
3324-OIRTO,No,0.0759,Low Risk,104.65,7288.4,7.94,One year,71,49+ months,High Value,High Value / Low Risk,7,Fiber optic
5414-OFQCB,No,0.0825,Low Risk,90.45,5229.8,7.46,Two year,57,49+ months,High Value,High Value / Low Risk,5,Fiber optic
4967-WPNCF,No,0.0144,Low Risk,63.7,4464.8,0.92,Two year,72,49+ months,High Value,High Value / Low Risk,7,DSL
8552-OBVRU,No,0.3008,Medium Risk,104.5,5068.05,31.44,Month-to-month,48,25-48 months,High Value,High Value / Low Risk,7,Fiber optic
8499-BRXTD,No,0.052,Low Risk,20.1,401.85,1.04,One year,18,13-24 months,Medium Value,Low-Med Value / Low Risk,1,No
9154-QDGTH,No,0.2232,Low Risk,104.3,4451.85,23.28,One year,43,25-48 months,High Value,High Value / Low Risk,7,Fiber optic
8197-BFWVU,No,0.0135,Low Risk,93.25,6688.95,1.26,Two year,72,49+ months,High Value,High Value / Low Risk,9,DSL
2577-GVSIL,No,0.125,Low Risk,73.45,2661.1,9.18,One year,35,25-48 months,Medium Value,Low-Med Value / Low Risk,6,DSL
9367-OIUXP,No,0.1701,Low Risk,20.7,73.05,3.52,Month-to-month,4,0-12 months,Low Value,Low-Med Value / Low Risk,1,No
6770-UAYGJ,No,0.0075,Low Risk,25.25,1211.65,0.19,Two year,49,49+ months,Medium Value,Low-Med Value / Low Risk,2,No
6463-HHXJR,No,0.0283,Low Risk,100.5,7030.65,2.85,Two year,71,49+ months,High Value,High Value / Low Risk,7,Fiber optic
7928-VJYAB,No,0.6079,High Risk,90.6,1020.2,55.07,Month-to-month,11,0-12 months,Medium Value,Low-Med Value / High Risk,4,Fiber optic
1187-WILMM,No,0.0175,Low Risk,89.4,5597.65,1.56,Two year,63,49+ months,High Value,High Value / Low Risk,9,DSL
9776-OJUZI,No,0.2801,Medium Risk,95.45,6223.3,26.74,Month-to-month,65,49+ months,High Value,High Value / Low Risk,6,Fiber optic
1306-RPWXZ,No,0.0048,Low Risk,20.45,1024.65,0.1,Two year,49,49+ months,Medium Value,Low-Med Value / Low Risk,1,No
8949-JTMAY,Yes,0.5935,High Risk,98.6,2933.2,58.52,Month-to-month,29,25-48 months,Medium Value,Low-Med Value / High Risk,6,Fiber optic
2774-LVQUS,Yes,0.618,High Risk,83.05,1258.3,51.33,Month-to-month,15,13-24 months,Medium Value,Low-Med Value / High Risk,5,Fiber optic
3097-PYWXL,No,0.2474,Low Risk,19.95,82.9,4.94,Month-to-month,4,0-12 months,Low Value,Low-Med Value / Low Risk,1,No
2266-SJNAT,No,0.0919,Low Risk,109.15,7789.6,10.03,One year,72,49+ months,High Value,High Value / Low Risk,8,Fiber optic
0869-PAPRP,No,0.4885,Medium Risk,85.7,2067.0,41.87,Month-to-month,26,25-48 months,Medium Value,Low-Med Value / Low Risk,4,Fiber optic
4238-JSSWH,No,0.4911,Medium Risk,102.05,3452.55,50.12,Month-to-month,35,25-48 months,Medium Value,Low-Med Value / Low Risk,6,Fiber optic
2972-YDYUW,No,0.1352,Low Risk,94.7,5468.95,12.8,One year,57,49+ months,High Value,High Value / Low Risk,6,Fiber optic
1104-FEJAM,No,0.2449,Low Risk,64.4,1802.15,15.77,Month-to-month,28,25-48 months,Medium Value,Low-Med Value / Low Risk,5,DSL
2809-ILCYT,No,0.0718,Low Risk,26.8,733.55,1.92,One year,25,25-48 months,Medium Value,Low-Med Value / Low Risk,2,No
5499-ECUTN,No,0.0496,Low Risk,66.05,3021.45,3.28,One year,47,25-48 months,Medium Value,Low-Med Value / Low Risk,5,DSL
4981-FLTMF,No,0.0264,Low Risk,65.2,3687.85,1.72,Month-to-month,57,49+ months,Medium Value,Low-Med Value / Low Risk,6,DSL
9121-PHQSR,No,0.6611,High Risk,85.05,1391.15,56.22,Month-to-month,16,13-24 months,Medium Value,Low-Med Value / High Risk,4,Fiber optic
3113-IWHLC,No,0.2963,Medium Risk,55.8,274.35,16.54,Month-to-month,5,0-12 months,Low Value,Low-Med Value / Low Risk,4,DSL
3211-ILJTT,Yes,0.4893,Medium Risk,70.4,1214.05,34.44,Month-to-month,17,13-24 months,Medium Value,Low-Med Value / Low Risk,2,Fiber optic
4612-THJBS,Yes,0.2484,Low Risk,104.75,5510.65,26.02,One year,56,49+ months,High Value,High Value / Low Risk,7,Fiber optic
4277-BWBML,No,0.0017,Low Risk,19.95,1322.85,0.03,Two year,72,49+ months,Medium Value,Low-Med Value / Low Risk,1,No
4094-NSEDU,Yes,0.7608,Critical Risk,94.25,1973.75,71.71,Month-to-month,21,13-24 months,Medium Value,Low-Med Value / High Risk,5,Fiber optic
0234-TEVTT,No,0.0387,Low Risk,45.0,2196.3,1.74,One year,48,25-48 months,Medium Value,Low-Med Value / Low Risk,4,DSL
4304-TSPVK,No,0.0426,Low Risk,114.9,7843.55,4.9,Two year,68,49+ months,High Value,High Value / Low Risk,9,Fiber optic
1552-AAGRX,No,0.3207,Medium Risk,106.4,3211.9,34.13,Month-to-month,30,25-48 months,Medium Value,Low-Med Value / Low Risk,7,Fiber optic
2637-FKFSY,No,0.4179,Medium Risk,46.1,130.15,19.27,Month-to-month,3,0-12 months,Low Value,Low-Med Value / Low Risk,2,DSL
9796-MVYXX,No,0.0695,Low Risk,39.7,692.35,2.76,Two year,14,13-24 months,Medium Value,Low-Med Value / Low Risk,4,DSL
7874-ECPQJ,No,0.1803,Low Risk,20.05,85.5,3.62,Month-to-month,4,0-12 months,Low Value,Low-Med Value / Low Risk,1,No
0020-INWCK,No,0.0561,Low Risk,95.75,6849.4,5.37,Two year,71,49+ months,High Value,High Value / Low Risk,6,Fiber optic
7089-RKVSZ,No,0.0874,Low Risk,24.4,203.95,2.13,One year,8,0-12 months,Low Value,Low-Med Value / Low Risk,2,No
2683-JXWQQ,No,0.0341,Low Risk,33.6,2117.2,1.15,Month-to-month,61,49+ months,Medium Value,Low-Med Value / Low Risk,3,DSL
9548-ZMVTX,No,0.021,Low Risk,90.45,6565.85,1.9,Two year,72,49+ months,High Value,High Value / Low Risk,6,Fiber optic
8739-XNIKG,No,0.7781,Critical Risk,84.0,424.75,65.36,Month-to-month,5,0-12 months,Medium Value,Low-Med Value / High Risk,4,Fiber optic
9755-JHNMN,No,0.0084,Low Risk,67.4,3306.85,0.56,Two year,49,49+ months,Medium Value,Low-Med Value / Low Risk,6,DSL
3981-QSVQI,No,0.1905,Low Risk,19.7,168.9,3.75,Month-to-month,8,0-12 months,Low Value,Low-Med Value / Low Risk,1,No
2789-HQBOU,No,0.7366,High Risk,80.35,253.8,59.19,Month-to-month,3,0-12 months,Low Value,Low-Med Value / High Risk,3,Fiber optic
9424-CMPOG,No,0.0348,Low Risk,19.6,197.4,0.68,Two year,9,0-12 months,Low Value,Low-Med Value / Low Risk,1,No
5067-WJEUN,No,0.0073,Low Risk,54.2,3838.2,0.4,Two year,67,49+ months,High Value,High Value / Low Risk,4,DSL
3450-WXOAT,No,0.1025,Low Risk,45.2,2065.15,4.63,Month-to-month,46,25-48 months,Medium Value,Low-Med Value / Low Risk,2,DSL
9251-WNSOD,No,0.0256,Low Risk,75.1,5064.45,1.92,One year,67,49+ months,High Value,High Value / Low Risk,7,DSL
6974-DAFLI,No,0.0133,Low Risk,19.7,1140.05,0.26,One year,55,49+ months,Medium Value,Low-Med Value / Low Risk,1,No
2616-UUTFK,No,0.1893,Low Risk,72.75,2447.45,13.77,Month-to-month,33,25-48 months,Medium Value,Low-Med Value / Low Risk,7,DSL
7064-JHXCE,No,0.0027,Low Risk,20.05,1263.9,0.05,Two year,62,49+ months,Medium Value,Low-Med Value / Low Risk,1,No
5103-MHMHY,Yes,0.2967,Medium Risk,45.95,45.95,13.64,Month-to-month,1,0-12 months,Low Value,Low-Med Value / Low Risk,2,DSL
7989-AWGEH,No,0.1427,Low Risk,39.2,1838.15,5.59,Month-to-month,49,49+ months,Medium Value,Low-Med Value / Low Risk,3,DSL
4373-VVHQL,No,0.5217,High Risk,44.75,44.75,23.35,Month-to-month,1,0-12 months,Low Value,Low-Med Value / High Risk,2,DSL
4559-UWIHT,No,0.6451,High Risk,82.65,1185.0,53.32,Month-to-month,14,13-24 months,Medium Value,Low-Med Value / High Risk,5,Fiber optic
7268-IGMFD,No,0.4739,Medium Risk,93.9,1743.9,44.5,Month-to-month,18,13-24 months,Medium Value,Low-Med Value / Low Risk,6,Fiber optic
1846-XWOQN,Yes,0.7303,High Risk,70.15,70.15,51.23,Month-to-month,1,0-12 months,Low Value,Low-Med Value / High Risk,2,Fiber optic
0235-KGSLC,Yes,0.6475,High Risk,85.55,85.55,55.39,Month-to-month,1,0-12 months,Low Value,Low-Med Value / High Risk,4,Fiber optic
6650-BWFRT,No,0.054,Low Risk,117.15,8529.5,6.32,Two year,72,49+ months,High Value,High Value / Low Risk,9,Fiber optic
9570-KYEUA,No,0.0363,Low Risk,99.25,6549.45,3.61,Two year,64,49+ months,High Value,High Value / Low Risk,7,Fiber optic
6993-YGFJV,No,0.0607,Low Risk,112.55,7806.5,6.83,Two year,69,49+ months,High Value,High Value / Low Risk,9,Fiber optic
2712-SYWAY,No,0.3785,Medium Risk,25.7,25.7,9.73,Month-to-month,1,0-12 months,Low Value,Low-Med Value / Low Risk,2,No
0730-BGQGF,No,0.0093,Low Risk,90.3,6287.3,0.84,Two year,71,49+ months,High Value,High Value / Low Risk,9,DSL
5498-IBWPI,No,0.0149,Low Risk,49.4,3251.85,0.73,One year,66,49+ months,Medium Value,Low-Med Value / Low Risk,3,DSL
9101-NTIXF,No,0.1878,Low Risk,19.4,50.6,3.64,Month-to-month,2,0-12 months,Low Value,Low-Med Value / Low Risk,1,No
0013-SMEOE,No,0.0466,Low Risk,109.7,7904.25,5.12,Two year,71,49+ months,High Value,High Value / Low Risk,8,Fiber optic
9314-QDMDW,No,0.2812,Medium Risk,61.25,729.95,17.22,One year,11,0-12 months,Medium Value,Low-Med Value / Low Risk,4,DSL
9308-ANMVE,No,0.076,Low Risk,55.3,2654.05,4.2,Month-to-month,47,25-48 months,Medium Value,Low-Med Value / Low Risk,4,DSL
2884-GBPFB,Yes,0.42,Medium Risk,70.3,2416.55,29.52,Month-to-month,35,25-48 months,Medium Value,Low-Med Value / Low Risk,2,Fiber optic
3757-NJYBX,Yes,0.4975,Medium Risk,106.35,3520.75,52.91,Month-to-month,32,25-48 months,Medium Value,Low-Med Value / Low Risk,7,Fiber optic
3413-DHLPB,No,0.2387,Low Risk,103.75,5969.95,24.76,Month-to-month,60,49+ months,High Value,High Value / Low Risk,7,Fiber optic
7649-PHJVR,No,0.0707,Low Risk,19.5,226.8,1.38,One year,11,0-12 months,Low Value,Low-Med Value / Low Risk,1,No
6114-TCFID,No,0.0467,Low Risk,39.5,1082.75,1.84,One year,29,25-48 months,Medium Value,Low-Med Value / Low Risk,4,DSL
3787-TRIAL,No,0.3815,Medium Risk,26.05,565.75,9.94,Month-to-month,21,13-24 months,Medium Value,Low-Med Value / Low Risk,1,DSL
2573-GYRUU,No,0.4169,Medium Risk,91.05,4370.75,37.96,Month-to-month,48,25-48 months,High Value,High Value / Low Risk,5,Fiber optic
5156-UMKOW,No,0.3662,Medium Risk,29.65,90.05,10.86,Month-to-month,3,0-12 months,Low Value,Low-Med Value / Low Risk,2,DSL
1247-QBVSH,No,0.0654,Low Risk,50.2,2169.4,3.28,Month-to-month,43,25-48 months,Medium Value,Low-Med Value / Low Risk,3,DSL
6734-GMPVK,No,0.7133,High Risk,105.3,550.6,75.11,Month-to-month,5,0-12 months,Medium Value,Low-Med Value / High Risk,7,Fiber optic
9822-OAOVB,No,0.5686,High Risk,55.45,55.45,31.53,Month-to-month,1,0-12 months,Low Value,Low-Med Value / High Risk,3,DSL
6161-ERDGD,No,0.0312,Low Risk,85.45,6300.85,2.67,One year,71,49+ months,High Value,High Value / Low Risk,8,DSL
1226-JZNKR,No,0.0866,Low Risk,19.8,160.05,1.71,One year,8,0-12 months,Low Value,Low-Med Value / Low Risk,1,No
7318-EIVKO,No,0.5827,High Risk,59.25,436.6,34.52,Month-to-month,8,0-12 months,Medium Value,Low-Med Value / High Risk,4,DSL
3771-PZOBW,No,0.5827,High Risk,90.7,1781.35,52.85,Month-to-month,20,13-24 months,Medium Value,Low-Med Value / High Risk,5,Fiber optic
5136-KCKGI,Yes,0.2848,Medium Risk,103.7,3467.0,29.53,One year,33,25-48 months,Medium Value,Low-Med Value / Low Risk,7,Fiber optic
8231-BSWXX,No,0.0823,Low Risk,79.05,5552.5,6.51,One year,71,49+ months,High Value,High Value / Low Risk,4,Fiber optic
6486-LHTMA,No,0.4723,Medium Risk,90.7,2835.5,42.83,One year,31,25-48 months,Medium Value,Low-Med Value / Low Risk,5,Fiber optic
4083-BFNYK,No,0.1641,Low Risk,95.0,3591.25,15.59,One year,38,25-48 months,Medium Value,Low-Med Value / Low Risk,6,Fiber optic
3722-WPXTK,Yes,0.7938,Critical Risk,88.35,88.35,70.13,Month-to-month,1,0-12 months,Low Value,Low-Med Value / High Risk,4,Fiber optic
7389-KBFIT,No,0.4692,Medium Risk,30.25,63.75,14.19,Month-to-month,2,0-12 months,Low Value,Low-Med Value / Low Risk,2,DSL
7176-WIONM,No,0.5581,High Risk,49.85,617.15,27.82,Month-to-month,12,0-12 months,Medium Value,Low-Med Value / High Risk,4,DSL
5141-ZUVBH,No,0.282,Medium Risk,93.0,870.25,26.22,Month-to-month,9,0-12 months,Medium Value,Low-Med Value / Low Risk,6,Fiber optic
1089-HDMKP,No,0.2838,Medium Risk,54.55,601.25,15.48,Month-to-month,11,0-12 months,Medium Value,Low-Med Value / Low Risk,4,DSL
7623-HKYRK,No,0.1317,Low Risk,19.7,111.65,2.59,Month-to-month,6,0-12 months,Low Value,Low-Med Value / Low Risk,1,No
0310-SUCIN,No,0.023,Low Risk,84.8,6046.1,1.95,One year,71,49+ months,High Value,High Value / Low Risk,8,DSL
5197-PYEPU,No,0.1485,Low Risk,94.45,3923.8,14.03,One year,42,25-48 months,High Value,High Value / Low Risk,6,Fiber optic
2929-ERCFZ,Yes,0.704,High Risk,94.2,777.3,66.32,Month-to-month,8,0-12 months,Medium Value,Low-Med Value / High Risk,5,Fiber optic
7548-SEPYI,Yes,0.7296,High Risk,96.25,512.45,70.23,Month-to-month,5,0-12 months,Medium Value,Low-Med Value / High Risk,5,Fiber optic
8835-VSDSE,Yes,0.696,High Risk,70.7,141.45,49.2,Month-to-month,2,0-12 months,Low Value,Low-Med Value / High Risk,2,Fiber optic
6619-RPLQZ,No,0.0064,Low Risk,20.85,892.15,0.13,Two year,45,25-48 months,Medium Value,Low-Med Value / Low Risk,1,No
3275-RHRNE,No,0.1387,Low Risk,60.0,1682.05,8.32,One year,28,25-48 months,Medium Value,Low-Med Value / Low Risk,6,DSL
3503-TYDAY,No,0.317,Medium Risk,80.45,3398.9,25.5,Month-to-month,43,25-48 months,Medium Value,Low-Med Value / Low Risk,4,Fiber optic
6901-GOGZG,No,0.0306,Low Risk,84.95,4984.85,2.6,Two year,60,49+ months,High Value,High Value / Low Risk,8,DSL
1623-NLDOT,Yes,0.0462,Low Risk,33.55,1445.3,1.55,One year,42,25-48 months,Medium Value,Low-Med Value / Low Risk,3,DSL
7021-XSNYE,No,0.0731,Low Risk,49.65,305.55,3.63,Two year,7,0-12 months,Low Value,Low-Med Value / Low Risk,5,DSL
9621-OUPYD,No,0.0504,Low Risk,20.2,507.9,1.02,One year,25,25-48 months,Medium Value,Low-Med Value / Low Risk,1,No
9898-KZQDZ,Yes,0.4866,Medium Risk,94.55,3640.45,46.01,Month-to-month,40,25-48 months,Medium Value,Low-Med Value / Low Risk,5,Fiber optic
8982-NHAVY,No,0.4388,Medium Risk,100.5,2673.45,44.1,One year,27,25-48 months,Medium Value,Low-Med Value / Low Risk,6,Fiber optic
4307-KWMXE,No,0.3376,Medium Risk,35.75,389.8,12.07,Month-to-month,10,0-12 months,Low Value,Low-Med Value / Low Risk,3,DSL
0141-YEAYS,No,0.468,Medium Risk,86.45,2401.05,40.46,Month-to-month,27,25-48 months,Medium Value,Low-Med Value / Low Risk,5,Fiber optic
2450-ZKEED,No,0.1048,Low Risk,53.8,651.55,5.64,One year,11,0-12 months,Medium Value,Low-Med Value / Low Risk,4,DSL
3694-DELSO,No,0.3413,Medium Risk,38.55,156.1,13.16,Month-to-month,4,0-12 months,Low Value,Low-Med Value / Low Risk,3,DSL
3893-JRNFS,No,0.0874,Low Risk,39.9,2796.35,3.49,Month-to-month,68,49+ months,Medium Value,Low-Med Value / Low Risk,3,DSL
9603-OAIHC,No,0.7347,High Risk,70.05,70.05,51.47,Month-to-month,1,0-12 months,Low Value,Low-Med Value / High Risk,2,Fiber optic
1133-KXCGE,No,0.051,Low Risk,20.1,407.05,1.03,One year,18,13-24 months,Medium Value,Low-Med Value / Low Risk,1,No
5236-PERKL,Yes,0.0998,Low Risk,112.95,6465.0,11.27,Two year,57,49+ months,High Value,High Value / Low Risk,8,Fiber optic
0142-GVYSN,No,0.128,Low Risk,20.3,511.25,2.6,Month-to-month,26,25-48 months,Medium Value,Low-Med Value / Low Risk,1,No
1049-FYSYG,No,0.3355,Medium Risk,35.65,646.05,11.96,Month-to-month,17,13-24 months,Medium Value,Low-Med Value / Low Risk,3,DSL
7854-FOKSF,Yes,0.6164,High Risk,35.9,35.9,22.13,Month-to-month,1,0-12 months,Low Value,Low-Med Value / High Risk,2,DSL
2519-FAKOD,Yes,0.4837,Medium Risk,99.25,3777.15,48.01,Month-to-month,38,25-48 months,Medium Value,Low-Med Value / Low Risk,6,Fiber optic
8406-LNMHF,No,0.0747,Low Risk,82.95,4903.15,6.19,One year,59,49+ months,High Value,High Value / Low Risk,5,Fiber optic
1821-BUCWY,No,0.0413,Low Risk,55.65,1653.85,2.3,Two year,30,25-48 months,Medium Value,Low-Med Value / Low Risk,4,DSL
8263-JQAIK,Yes,0.6069,High Risk,24.45,47.5,14.84,Month-to-month,2,0-12 months,Low Value,Low-Med Value / High Risk,1,DSL
0023-UYUPN,No,0.0269,Low Risk,25.2,1306.3,0.68,One year,50,49+ months,Medium Value,Low-Med Value / Low Risk,2,No
8314-DPQHL,No,0.1568,Low Risk,50.8,463.6,7.97,One year,9,0-12 months,Medium Value,Low-Med Value / Low Risk,5,DSL
1465-WCZVT,No,0.1489,Low Risk,19.65,60.65,2.93,Month-to-month,3,0-12 months,Low Value,Low-Med Value / Low Risk,1,No
9481-SFCQY,No,0.2924,Medium Risk,59.8,824.85,17.49,Month-to-month,14,13-24 months,Medium Value,Low-Med Value / Low Risk,4,DSL
6360-SVNWV,No,0.2928,Medium Risk,73.55,2094.65,21.54,Month-to-month,31,25-48 months,Medium Value,Low-Med Value / Low Risk,3,Fiber optic
0567-GGCAC,No,0.2325,Low Risk,61.4,438.9,14.28,Month-to-month,7,0-12 months,Medium Value,Low-Med Value / Low Risk,5,DSL
7089-IVVAZ,Yes,0.5617,High Risk,103.35,847.3,58.06,Month-to-month,8,0-12 months,Medium Value,Low-Med Value / High Risk,7,Fiber optic
8884-MRNSU,No,0.0416,Low Risk,19.9,329.75,0.83,One year,17,13-24 months,Low Value,Low-Med Value / Low Risk,1,No
2171-UDMFD,No,0.0576,Low Risk,19.45,674.55,1.12,Month-to-month,32,25-48 months,Medium Value,Low-Med Value / Low Risk,1,No
9050-IKDZA,No,0.6178,High Risk,81.5,162.55,50.35,Month-to-month,2,0-12 months,Low Value,Low-Med Value / High Risk,3,Fiber optic
2205-YMZZJ,Yes,0.7912,Critical Risk,84.8,546.95,67.09,Month-to-month,7,0-12 months,Medium Value,Low-Med Value / High Risk,4,Fiber optic
9802-CAQUT,No,0.0397,Low Risk,109.55,7887.25,4.35,Two year,72,49+ months,High Value,High Value / Low Risk,8,Fiber optic
1254-IZEYF,Yes,0.6768,High Risk,99.95,3186.65,67.64,Month-to-month,31,25-48 months,Medium Value,Low-Med Value / High Risk,6,Fiber optic
0187-WZNAB,No,0.2082,Low Risk,74.4,1972.35,15.49,Month-to-month,27,25-48 months,Medium Value,Low-Med Value / Low Risk,3,Fiber optic
9492-TOKRI,Yes,0.5585,High Risk,90.0,1527.35,50.27,Month-to-month,18,13-24 months,Medium Value,Low-Med Value / High Risk,5,Fiber optic
1475-VWVDO,No,0.6512,High Risk,74.9,490.55,48.78,Month-to-month,7,0-12 months,Medium Value,Low-Med Value / High Risk,3,Fiber optic
9221-OTIVJ,Yes,0.7653,Critical Risk,104.85,1531.4,80.24,Month-to-month,14,13-24 months,Medium Value,Low-Med Value / High Risk,7,Fiber optic
1357-MVDOZ,No,0.3359,Medium Risk,59.65,683.25,20.04,Month-to-month,11,0-12 months,Medium Value,Low-Med Value / Low Risk,4,DSL
7602-MVRMB,No,0.0495,Low Risk,110.45,8058.85,5.46,Two year,72,49+ months,High Value,High Value / Low Risk,8,Fiber optic
3325-FUYCG,Yes,0.2644,Medium Risk,106.1,2847.4,28.05,One year,28,25-48 months,Medium Value,Low-Med Value / Low Risk,7,Fiber optic
5908-QMGOE,Yes,0.6067,High Risk,74.2,1133.9,45.02,Month-to-month,15,13-24 months,Medium Value,Low-Med Value / High Risk,3,Fiber optic
1197-BVMVG,No,0.7672,Critical Risk,74.45,294.45,57.12,Month-to-month,4,0-12 months,Low Value,Low-Med Value / High Risk,3,Fiber optic
5406-KGRMX,No,0.0047,Low Risk,24.55,1719.15,0.12,Two year,71,49+ months,Medium Value,Low-Med Value / Low Risk,2,No
8481-YYXWG,Yes,0.6032,High Risk,89.35,461.7,53.89,Month-to-month,5,0-12 months,Medium Value,Low-Med Value / High Risk,5,Fiber optic
5968-HYJRZ,No,0.0085,Low Risk,24.55,1160.45,0.21,Two year,47,25-48 months,Medium Value,Low-Med Value / Low Risk,2,No
5198-EFNBM,No,0.2091,Low Risk,90.65,5199.8,18.95,One year,57,49+ months,High Value,High Value / Low Risk,5,Fiber optic
7516-GMHUV,No,0.1459,Low Risk,105.05,5163.3,15.33,Two year,50,49+ months,High Value,High Value / Low Risk,7,Fiber optic
7140-ADSMJ,No,0.1826,Low Risk,20.45,162.3,3.73,Month-to-month,8,0-12 months,Low Value,Low-Med Value / Low Risk,1,No
2230-XTUWL,No,0.0056,Low Risk,19.55,883.35,0.11,Two year,48,25-48 months,Medium Value,Low-Med Value / Low Risk,1,No
7706-YLMQA,No,0.0044,Low Risk,19.7,1341.5,0.09,One year,70,49+ months,Medium Value,Low-Med Value / Low Risk,1,No
2585-KTFRE,No,0.2166,Low Risk,70.45,70.45,15.26,Month-to-month,1,0-12 months,Low Value,Low-Med Value / Low Risk,6,DSL
7994-UYIVZ,No,0.6874,High Risk,85.65,659.45,58.88,Month-to-month,8,0-12 months,Medium Value,Low-Med Value / High Risk,4,Fiber optic
2609-IAICY,Yes,0.7507,Critical Risk,77.15,77.15,57.91,Month-to-month,1,0-12 months,Low Value,Low-Med Value / High Risk,3,Fiber optic
1740-CSDJP,Yes,0.6168,High Risk,35.25,35.25,21.74,Month-to-month,1,0-12 months,Low Value,Low-Med Value / High Risk,2,DSL
7717-BICXI,No,0.0033,Low Risk,20.55,1205.05,0.07,Two year,60,49+ months,Medium Value,Low-Med Value / Low Risk,1,No
6559-RAKOZ,No,0.2765,Medium Risk,97.95,4917.9,27.08,One year,49,49+ months,High Value,High Value / Low Risk,6,Fiber optic
2636-OHFMN,Yes,0.6974,High Risk,48.55,201.0,33.86,Month-to-month,4,0-12 months,Low Value,Low-Med Value / High Risk,4,DSL
4716-MRVEN,No,0.0311,Low Risk,20.0,599.3,0.62,One year,29,25-48 months,Medium Value,Low-Med Value / Low Risk,1,No
2143-LJULT,No,0.0056,Low Risk,25.25,1733.15,0.14,Two year,67,49+ months,Medium Value,Low-Med Value / Low Risk,2,No
1323-OOEPC,Yes,0.3912,Medium Risk,98.4,5149.5,38.5,Month-to-month,53,49+ months,High Value,High Value / Low Risk,6,Fiber optic
3200-MNQTF,No,0.0063,Low Risk,70.9,4677.1,0.45,Two year,67,49+ months,High Value,High Value / Low Risk,7,DSL
6164-HXUGH,No,0.1316,Low Risk,19.85,119.3,2.61,Month-to-month,6,0-12 months,Low Value,Low-Med Value / Low Risk,1,No
5630-IXDXV,No,0.5237,High Risk,106.35,4849.1,55.7,Month-to-month,47,25-48 months,High Value,High Value / High Risk,7,Fiber optic
0320-DWVTU,No,0.0336,Low Risk,99.5,5424.25,3.34,Two year,53,49+ months,High Value,High Value / Low Risk,7,Fiber optic
9135-MGVPY,No,0.0143,Low Risk,84.7,5878.9,1.21,Two year,69,49+ months,High Value,High Value / Low Risk,8,DSL
1212-GLHMD,No,0.5683,High Risk,86.05,244.85,48.9,Month-to-month,3,0-12 months,Low Value,Low-Med Value / High Risk,4,Fiber optic
7878-JGDKK,No,0.3309,Medium Risk,44.55,220.75,14.74,Month-to-month,4,0-12 months,Low Value,Low-Med Value / Low Risk,2,DSL
1088-AUUZZ,No,0.015,Low Risk,75.85,4261.2,1.14,Two year,56,49+ months,High Value,High Value / Low Risk,7,DSL
0397-GZBBC,Yes,0.4308,Medium Risk,93.85,5574.75,40.43,Month-to-month,59,49+ months,High Value,High Value / Low Risk,5,Fiber optic
6614-YWYSC,No,0.0061,Low Risk,25.0,1501.75,0.15,Two year,61,49+ months,Medium Value,Low-Med Value / Low Risk,2,No
9588-OZDMQ,No,0.5106,High Risk,45.0,89.75,22.98,Month-to-month,2,0-12 months,Low Value,Low-Med Value / High Risk,2,DSL
7641-EUYET,Yes,0.3544,Medium Risk,100.7,4541.2,35.68,Month-to-month,46,25-48 months,High Value,High Value / Low Risk,7,Fiber optic
6476-EPYZR,No,0.1041,Low Risk,20.5,255.5,2.13,Month-to-month,12,0-12 months,Low Value,Low-Med Value / Low Risk,1,No
9921-ZVRHG,Yes,0.6584,High Risk,80.45,1072.0,52.97,Month-to-month,14,13-24 months,Medium Value,Low-Med Value / High Risk,4,Fiber optic
1174-FGIFN,No,0.3243,Medium Risk,90.45,2509.25,29.34,One year,28,25-48 months,Medium Value,Low-Med Value / Low Risk,5,Fiber optic
6620-HVDUJ,No,0.0754,Low Risk,60.45,1440.75,4.56,Month-to-month,24,13-24 months,Medium Value,Low-Med Value / Low Risk,5,DSL
4701-MLJPN,Yes,0.1844,Low Risk,55.25,1715.65,10.19,Month-to-month,31,25-48 months,Medium Value,Low-Med Value / Low Risk,4,DSL
1032-MAELW,No,0.0288,Low Risk,78.45,5333.35,2.26,One year,68,49+ months,High Value,High Value / Low Risk,8,DSL
7641-TQFHN,No,0.1117,Low Risk,100.55,3895.35,11.24,Two year,39,25-48 months,High Value,High Value / Low Risk,6,Fiber optic
1552-TKMXS,No,0.031,Low Risk,20.35,869.9,0.63,Month-to-month,42,25-48 months,Medium Value,Low-Med Value / Low Risk,1,No
9206-GVPEQ,Yes,0.4626,Medium Risk,54.45,706.85,25.19,Month-to-month,13,13-24 months,Medium Value,Low-Med Value / Low Risk,5,DSL
8622-ZLFKO,No,0.7382,High Risk,90.75,512.25,66.99,Month-to-month,6,0-12 months,Medium Value,Low-Med Value / High Risk,5,Fiber optic
1596-BBVTG,Yes,0.3154,Medium Risk,75.35,2636.05,23.77,Month-to-month,35,25-48 months,Medium Value,Low-Med Value / Low Risk,3,Fiber optic
6188-UXBBR,No,0.0274,Low Risk,20.25,814.75,0.56,One year,38,25-48 months,Medium Value,Low-Med Value / Low Risk,1,No
2333-KWEWW,No,0.0255,Low Risk,20.05,388.6,0.51,Two year,18,13-24 months,Low Value,Low-Med Value / Low Risk,1,No
5702-SKUOB,No,0.1737,Low Risk,19.6,93.45,3.4,Month-to-month,4,0-12 months,Low Value,Low-Med Value / Low Risk,1,No
1134-YWTYF,No,0.1908,Low Risk,53.8,1389.85,10.26,Month-to-month,27,25-48 months,Medium Value,Low-Med Value / Low Risk,4,DSL
6061-GWWAV,No,0.0346,Low Risk,70.2,2894.55,2.43,One year,41,25-48 months,Medium Value,Low-Med Value / Low Risk,6,DSL
0679-TDGAK,No,0.0417,Low Risk,75.5,4025.6,3.15,One year,50,49+ months,High Value,High Value / Low Risk,6,DSL
6585-WCEWR,No,0.0025,Low Risk,20.35,1354.4,0.05,Two year,72,49+ months,Medium Value,Low-Med Value / Low Risk,1,No
9067-YGSCA,No,0.0062,Low Risk,26.05,1856.4,0.16,One year,70,49+ months,Medium Value,Low-Med Value / Low Risk,2,No
9067-SQTNS,No,0.0122,Low Risk,20.6,926.0,0.25,One year,44,25-48 months,Medium Value,Low-Med Value / Low Risk,1,No
8433-WXGNA,Yes,0.6016,High Risk,75.7,189.2,45.54,Month-to-month,2,0-12 months,Low Value,Low-Med Value / High Risk,3,Fiber optic
1776-SPBWV,No,0.0271,Low Risk,20.1,682.1,0.55,One year,34,25-48 months,Medium Value,Low-Med Value / Low Risk,1,No
8735-SDUFN,No,0.0037,Low Risk,24.3,1778.7,0.09,Two year,72,49+ months,Medium Value,Low-Med Value / Low Risk,2,No
9668-PUGNU,No,0.0072,Low Risk,24.5,1816.2,0.18,Two year,71,49+ months,Medium Value,Low-Med Value / Low Risk,2,No
9405-GPBBG,No,0.0863,Low Risk,110.5,7069.25,9.53,Two year,64,49+ months,High Value,High Value / Low Risk,8,Fiber optic
1926-QUZNN,No,0.0046,Low Risk,25.25,1841.2,0.12,Two year,72,49+ months,Medium Value,Low-Med Value / Low Risk,2,No
3707-GNWHM,Yes,0.703,High Risk,74.25,74.25,52.2,Month-to-month,1,0-12 months,Low Value,Low-Med Value / High Risk,3,Fiber optic
7016-NVRIC,No,0.1854,Low Risk,90.1,2656.7,16.7,One year,29,25-48 months,Medium Value,Low-Med Value / Low Risk,5,Fiber optic
5829-NVSQN,No,0.0884,Low Risk,68.75,1689.45,6.08,One year,23,13-24 months,Medium Value,Low-Med Value / Low Risk,6,DSL
9565-AXSMR,No,0.0049,Low Risk,19.2,1054.75,0.09,Two year,52,49+ months,Medium Value,Low-Med Value / Low Risk,1,No
8922-LIEGH,Yes,0.6451,High Risk,89.7,2187.55,57.87,Month-to-month,25,25-48 months,Medium Value,Low-Med Value / High Risk,5,Fiber optic
8869-LIHMK,No,0.0641,Low Risk,115.1,7334.05,7.38,Two year,64,49+ months,High Value,High Value / Low Risk,9,Fiber optic
8245-UMPYT,Yes,0.783,Critical Risk,96.4,1581.2,75.48,Month-to-month,16,13-24 months,Medium Value,Low-Med Value / High Risk,5,Fiber optic
5186-SAMNZ,Yes,0.6567,High Risk,69.5,69.5,45.64,Month-to-month,1,0-12 months,Low Value,Low-Med Value / High Risk,2,Fiber optic
0447-RXSGD,No,0.6026,High Risk,99.65,2404.85,60.05,Month-to-month,24,13-24 months,Medium Value,Low-Med Value / High Risk,6,Fiber optic
4927-WWOOZ,No,0.7865,Critical Risk,91.45,171.45,71.93,Month-to-month,2,0-12 months,Low Value,Low-Med Value / High Risk,5,Fiber optic
5788-YPOEG,No,0.0226,Low Risk,84.75,2839.45,1.92,Two year,34,25-48 months,Medium Value,Low-Med Value / Low Risk,8,DSL
5373-SFODM,Yes,0.5117,High Risk,85.25,3132.75,43.62,Month-to-month,36,25-48 months,Medium Value,Low-Med Value / High Risk,4,Fiber optic
0661-KBKPA,No,0.0724,Low Risk,78.75,3942.45,5.71,One year,53,49+ months,High Value,High Value / Low Risk,7,DSL
9081-WWXKP,No,0.0052,Low Risk,20.25,873.4,0.11,Two year,47,25-48 months,Medium Value,Low-Med Value / Low Risk,1,No
0784-ZQJZX,No,0.0017,Low Risk,19.9,1529.65,0.03,Two year,72,49+ months,Medium Value,Low-Med Value / Low Risk,1,No
3133-PZNSR,No,0.0286,Low Risk,97.75,6991.6,2.79,Two year,72,49+ months,High Value,High Value / Low Risk,7,Fiber optic
5766-ZJYBB,Yes,0.1946,Low Risk,19.4,19.4,3.78,Month-to-month,1,0-12 months,Low Value,Low-Med Value / Low Risk,1,No
8931-GJJIQ,Yes,0.7596,Critical Risk,83.3,803.3,63.27,Month-to-month,9,0-12 months,Medium Value,Low-Med Value / High Risk,4,Fiber optic
4277-PVRAN,Yes,0.6169,High Risk,80.1,679.3,49.42,Month-to-month,8,0-12 months,Medium Value,Low-Med Value / High Risk,3,Fiber optic
0022-TCJCI,Yes,0.0444,Low Risk,62.7,2791.5,2.78,One year,45,25-48 months,Medium Value,Low-Med Value / Low Risk,5,DSL
0722-SVSFK,No,0.6705,High Risk,100.4,715.0,67.32,Month-to-month,7,0-12 months,Medium Value,Low-Med Value / High Risk,6,Fiber optic
3612-YVGSJ,No,0.0045,Low Risk,24.45,1681.6,0.11,Two year,71,49+ months,Medium Value,Low-Med Value / Low Risk,2,No
9825-YCXWZ,No,0.232,Low Risk,101.1,4016.2,23.46,One year,41,25-48 months,High Value,High Value / Low Risk,6,Fiber optic
5397-NSKQG,No,0.0134,Low Risk,50.9,3281.65,0.68,Two year,67,49+ months,Medium Value,Low-Med Value / Low Risk,4,DSL
8565-HBFNN,No,0.0718,Low Risk,107.2,7317.1,7.7,One year,69,49+ months,High Value,High Value / Low Risk,8,Fiber optic
2000-DHJUY,No,0.0209,Low Risk,92.2,6474.45,1.93,Two year,70,49+ months,High Value,High Value / Low Risk,9,DSL
0203-HHYIJ,Yes,0.0482,Low Risk,25.3,676.35,1.22,One year,25,25-48 months,Medium Value,Low-Med Value / Low Risk,2,No
8670-ERCJH,No,0.0386,Low Risk,113.4,8164.1,4.38,Two year,72,49+ months,High Value,High Value / Low Risk,9,Fiber optic
7758-UJWYS,No,0.0799,Low Risk,40.55,1325.85,3.24,Two year,34,25-48 months,Medium Value,Low-Med Value / Low Risk,3,DSL
2050-ONYDQ,No,0.0033,Low Risk,26.0,1654.85,0.09,Two year,65,49+ months,Medium Value,Low-Med Value / Low Risk,2,No
7055-JCGNI,No,0.0541,Low Risk,111.95,7795.95,6.06,Two year,70,49+ months,High Value,High Value / Low Risk,9,Fiber optic
0739-UUAJR,No,0.017,Low Risk,53.8,3952.45,0.92,Two year,72,49+ months,High Value,High Value / Low Risk,5,DSL
4826-DXMUP,No,0.092,Low Risk,72.1,2495.15,6.64,One year,35,25-48 months,Medium Value,Low-Med Value / Low Risk,5,DSL
0952-KMEEH,Yes,0.5448,High Risk,98.15,1230.25,53.47,Month-to-month,13,13-24 months,Medium Value,Low-Med Value / High Risk,6,Fiber optic
7285-KLOTR,No,0.2553,Medium Risk,78.85,876.75,20.13,One year,12,0-12 months,Medium Value,Low-Med Value / Low Risk,7,DSL
0654-PQKDW,No,0.0182,Low Risk,70.75,4263.45,1.29,One year,62,49+ months,High Value,High Value / Low Risk,6,DSL
7175-NTIXE,No,0.1805,Low Risk,76.15,1992.95,13.75,Month-to-month,25,25-48 months,Medium Value,Low-Med Value / Low Risk,6,DSL
7963-SHNDT,No,0.0109,Low Risk,39.1,1982.1,0.43,Two year,52,49+ months,Medium Value,Low-Med Value / Low Risk,4,DSL
9796-BPKIW,No,0.5891,High Risk,69.95,562.7,41.21,Month-to-month,8,0-12 months,Medium Value,Low-Med Value / High Risk,2,Fiber optic
0188-GWFLE,No,0.1854,Low Risk,20.05,33.7,3.72,Month-to-month,2,0-12 months,Low Value,Low-Med Value / Low Risk,1,No
8129-GMVGI,No,0.0039,Low Risk,20.05,1090.1,0.08,Two year,56,49+ months,Medium Value,Low-Med Value / Low Risk,1,No
2882-DDZPG,No,0.1168,Low Risk,19.45,227.45,2.27,Month-to-month,12,0-12 months,Low Value,Low-Med Value / Low Risk,1,No
3547-LQRIK,No,0.026,Low Risk,26.9,1250.85,0.7,One year,47,25-48 months,Medium Value,Low-Med Value / Low Risk,2,No
9137-NOQKA,No,0.2676,Medium Risk,19.2,37.2,5.14,Month-to-month,2,0-12 months,Low Value,Low-Med Value / Low Risk,1,No
5843-TTHGI,No,0.2758,Medium Risk,50.0,892.7,13.79,Month-to-month,18,13-24 months,Medium Value,Low-Med Value / Low Risk,3,DSL
1849-RJYIG,No,0.4014,Medium Risk,60.0,487.75,24.08,Month-to-month,8,0-12 months,Medium Value,Low-Med Value / Low Risk,4,DSL
8868-GAGIO,No,0.2699,Medium Risk,84.55,3713.95,22.82,Month-to-month,45,25-48 months,Medium Value,Low-Med Value / Low Risk,5,Fiber optic
4061-UKJWL,No,0.3346,Medium Risk,45.45,141.7,15.21,Month-to-month,3,0-12 months,Low Value,Low-Med Value / Low Risk,2,DSL
5380-XPJNZ,No,0.0202,Low Risk,20.05,678.2,0.4,One year,38,25-48 months,Medium Value,Low-Med Value / Low Risk,1,No
8263-QMNTJ,No,0.0815,Low Risk,115.55,8425.3,9.41,Two year,72,49+ months,High Value,High Value / Low Risk,9,Fiber optic
8178-EYZUO,Yes,0.3655,Medium Risk,93.7,4154.8,34.25,Month-to-month,46,25-48 months,High Value,High Value / Low Risk,6,Fiber optic
3230-JCNZS,No,0.0404,Low Risk,99.0,7061.65,4.0,Two year,71,49+ months,High Value,High Value / Low Risk,7,Fiber optic
0277-ORXQS,No,0.0157,Low Risk,50.55,3364.55,0.8,Two year,66,49+ months,Medium Value,Low-Med Value / Low Risk,4,DSL
5130-IEKQT,Yes,0.5498,High Risk,105.95,2655.25,58.25,Month-to-month,25,25-48 months,Medium Value,Low-Med Value / High Risk,7,Fiber optic
3230-WYKIR,Yes,0.2137,Low Risk,82.0,1425.45,17.52,One year,18,13-24 months,Medium Value,Low-Med Value / Low Risk,7,DSL
7996-BPXHY,No,0.0504,Low Risk,25.0,332.5,1.26,Two year,13,13-24 months,Low Value,Low-Med Value / Low Risk,2,No
3227-WLKLI,No,0.0117,Low Risk,91.55,5963.95,1.07,Two year,65,49+ months,High Value,High Value / Low Risk,9,DSL
0407-BDJKB,Yes,0.3707,Medium Risk,95.75,5742.9,35.5,Month-to-month,60,49+ months,High Value,High Value / Low Risk,6,Fiber optic
2266-FUBDZ,No,0.0265,Low Risk,19.35,278.85,0.51,Two year,15,13-24 months,Low Value,Low-Med Value / Low Risk,1,No
8237-ULIXL,No,0.0031,Low Risk,24.85,1871.85,0.08,Two year,72,49+ months,Medium Value,Low-Med Value / Low Risk,2,No
9600-UDOPK,Yes,0.5959,High Risk,94.05,2866.45,56.04,Month-to-month,30,25-48 months,Medium Value,Low-Med Value / High Risk,5,Fiber optic
8216-AZUUZ,No,0.1451,Low Risk,100.4,4303.65,14.57,Two year,42,25-48 months,High Value,High Value / Low Risk,6,Fiber optic
9153-BTBVV,No,0.0033,Low Risk,25.0,1753.0,0.08,Two year,71,49+ months,Medium Value,Low-Med Value / Low Risk,2,No
4074-SJFFA,Yes,0.494,Medium Risk,54.75,54.75,27.05,Month-to-month,1,0-12 months,Low Value,Low-Med Value / Low Risk,3,DSL
3269-ATYWD,Yes,0.5667,High Risk,95.65,3759.05,54.2,Month-to-month,39,25-48 months,Medium Value,Low-Med Value / High Risk,5,Fiber optic
5186-PEIZU,No,0.0429,Low Risk,19.25,617.65,0.83,Month-to-month,35,25-48 months,Medium Value,Low-Med Value / Low Risk,1,No
1074-AMIOH,No,0.2247,Low Risk,108.25,5935.1,24.32,Month-to-month,53,49+ months,High Value,High Value / Low Risk,7,Fiber optic
4910-GMJOT,Yes,0.8308,Critical Risk,94.6,94.6,78.59,Month-to-month,1,0-12 months,Low Value,Low-Med Value / High Risk,5,Fiber optic
0354-WYROK,Yes,0.4903,Medium Risk,98.9,2911.3,48.49,Month-to-month,31,25-48 months,Medium Value,Low-Med Value / Low Risk,6,Fiber optic
4361-FEBGN,No,0.0064,Low Risk,20.15,982.95,0.13,Two year,48,25-48 months,Medium Value,Low-Med Value / Low Risk,1,No
7748-UMTRK,No,0.5722,High Risk,101.3,2974.5,57.96,Month-to-month,30,25-48 months,Medium Value,Low-Med Value / High Risk,6,Fiber optic
0380-ZCSBI,No,0.1241,Low Risk,20.0,198.7,2.48,Month-to-month,10,0-12 months,Low Value,Low-Med Value / Low Risk,1,No
7145-FEJWU,No,0.6996,High Risk,105.3,1275.65,73.67,Month-to-month,12,0-12 months,Medium Value,Low-Med Value / High Risk,7,Fiber optic
6463-MVYRY,No,0.0117,Low Risk,69.85,4003.0,0.82,Two year,57,49+ months,High Value,High Value / Low Risk,6,DSL
3969-JQABI,No,0.0593,Low Risk,65.25,3791.6,3.87,Month-to-month,58,49+ months,High Value,High Value / Low Risk,5,DSL
9624-EGDEQ,No,0.0118,Low Risk,19.8,813.3,0.23,Two year,37,25-48 months,Medium Value,Low-Med Value / Low Risk,1,No
1051-EQPZR,No,0.0248,Low Risk,19.6,780.25,0.49,Month-to-month,44,25-48 months,Medium Value,Low-Med Value / Low Risk,1,No
5849-ASHZJ,No,0.0251,Low Risk,20.05,552.9,0.5,One year,27,25-48 months,Medium Value,Low-Med Value / Low Risk,1,No
5780-INQIK,No,0.2795,Medium Risk,49.4,408.25,13.81,Month-to-month,8,0-12 months,Medium Value,Low-Med Value / Low Risk,3,DSL
7576-OYWBN,Yes,0.7722,Critical Risk,76.05,231.8,58.73,Month-to-month,3,0-12 months,Low Value,Low-Med Value / High Risk,3,Fiber optic
4526-ZJJTM,No,0.3931,Medium Risk,88.4,2191.15,34.75,Month-to-month,25,25-48 months,Medium Value,Low-Med Value / Low Risk,5,Fiber optic
8384-FZBJK,No,0.4043,Medium Risk,100.6,5611.7,40.67,Month-to-month,57,49+ months,High Value,High Value / Low Risk,6,Fiber optic
3750-RNQKR,No,0.1244,Low Risk,19.45,246.25,2.42,Month-to-month,12,0-12 months,Low Value,Low-Med Value / Low Risk,1,No
0962-CQPWQ,No,0.0028,Low Risk,20.3,1296.15,0.06,Two year,62,49+ months,Medium Value,Low-Med Value / Low Risk,1,No
3096-YXENJ,No,0.0912,Low Risk,107.65,7082.85,9.82,Two year,65,49+ months,High Value,High Value / Low Risk,8,Fiber optic
1265-BCFEO,No,0.0267,Low Risk,80.45,5662.25,2.15,Two year,71,49+ months,High Value,High Value / Low Risk,7,DSL
5837-LXSDN,No,0.126,Low Risk,58.85,1215.45,7.42,One year,21,13-24 months,Medium Value,Low-Med Value / Low Risk,4,DSL
5945-AZYHT,No,0.186,Low Risk,109.6,7854.15,20.38,One year,71,49+ months,High Value,High Value / Low Risk,8,Fiber optic
8325-QRPZR,No,0.6474,High Risk,75.15,525.0,48.65,Month-to-month,7,0-12 months,Medium Value,Low-Med Value / High Risk,3,Fiber optic
6384-VMJHP,No,0.0077,Low Risk,73.0,5265.2,0.56,Two year,72,49+ months,High Value,High Value / Low Risk,7,DSL
2262-SLNVK,No,0.6183,High Risk,70.1,70.1,43.35,Month-to-month,1,0-12 months,Low Value,Low-Med Value / High Risk,2,Fiber optic
7730-CLDSV,No,0.0427,Low Risk,98.65,7129.45,4.21,Two year,72,49+ months,High Value,High Value / Low Risk,7,Fiber optic
1135-HIORI,No,0.1848,Low Risk,111.45,7266.95,20.59,One year,64,49+ months,High Value,High Value / Low Risk,8,Fiber optic
0164-APGRB,No,0.0805,Low Risk,114.9,8496.7,9.25,Two year,72,49+ months,High Value,High Value / Low Risk,9,Fiber optic
6481-ESCNL,No,0.4996,Medium Risk,100.55,2878.75,50.24,Month-to-month,29,25-48 months,Medium Value,Low-Med Value / Low Risk,6,Fiber optic
1790-NESIO,No,0.0487,Low Risk,20.4,261.3,0.99,Two year,13,13-24 months,Low Value,Low-Med Value / Low Risk,1,No
1550-EENBN,No,0.4533,Medium Risk,104.35,3205.6,47.3,Month-to-month,31,25-48 months,Medium Value,Low-Med Value / Low Risk,7,Fiber optic
5539-TMZLF,Yes,0.7357,High Risk,69.75,69.75,51.32,Month-to-month,1,0-12 months,Low Value,Low-Med Value / High Risk,2,Fiber optic
4323-SADQS,Yes,0.3523,Medium Risk,34.5,279.25,12.15,Month-to-month,7,0-12 months,Low Value,Low-Med Value / Low Risk,3,DSL
4446-BZKHU,Yes,0.4424,Medium Risk,105.55,6281.45,46.69,Month-to-month,61,49+ months,High Value,High Value / Low Risk,7,Fiber optic
5202-IVJNU,Yes,0.1066,Low Risk,30.1,1131.3,3.21,Month-to-month,39,25-48 months,Medium Value,Low-Med Value / Low Risk,2,DSL
5976-JCJRH,Yes,0.6423,High Risk,70.3,738.2,45.16,Month-to-month,10,0-12 months,Medium Value,Low-Med Value / High Risk,2,Fiber optic
8198-RKSZG,No,0.2356,Low Risk,80.45,1137.05,18.95,Month-to-month,14,13-24 months,Medium Value,Low-Med Value / Low Risk,7,DSL
0137-OCGAB,Yes,0.6567,High Risk,80.2,80.2,52.67,Month-to-month,1,0-12 months,Low Value,Low-Med Value / High Risk,4,Fiber optic
3351-NQLDI,Yes,0.0654,Low Risk,94.35,6341.45,6.17,One year,67,49+ months,High Value,High Value / Low Risk,6,Fiber optic
9297-EONCV,No,0.0172,Low Risk,91.35,6697.2,1.57,Two year,72,49+ months,High Value,High Value / Low Risk,9,DSL
7593-JNWRU,Yes,0.3317,Medium Risk,44.6,260.8,14.8,Month-to-month,6,0-12 months,Low Value,Low-Med Value / Low Risk,2,DSL
4588-YBNIB,Yes,0.2545,Medium Risk,19.6,19.6,4.99,Month-to-month,1,0-12 months,Low Value,Low-Med Value / Low Risk,1,No
1069-QJOEE,No,0.042,Low Risk,19.9,505.45,0.84,One year,25,25-48 months,Medium Value,Low-Med Value / Low Risk,1,No
3336-JORSO,Yes,0.5788,High Risk,110.45,3655.45,63.92,Month-to-month,33,25-48 months,Medium Value,Low-Med Value / High Risk,8,Fiber optic
7799-DSEWS,No,0.2514,Medium Risk,68.35,1299.8,17.18,Month-to-month,18,13-24 months,Medium Value,Low-Med Value / Low Risk,6,DSL
8766-PAFNE,No,0.0167,Low Risk,79.1,5564.85,1.32,Two year,71,49+ months,High Value,High Value / Low Risk,7,DSL
5315-CKEQK,No,0.1869,Low Risk,51.0,1381.8,9.53,One year,28,25-48 months,Medium Value,Low-Med Value / Low Risk,3,DSL
3130-ICDUP,No,0.4173,Medium Risk,80.55,188.1,33.61,Month-to-month,2,0-12 months,Low Value,Low-Med Value / Low Risk,4,Fiber optic
0820-FNRNX,No,0.2051,Low Risk,66.7,1077.05,13.68,Month-to-month,17,13-24 months,Medium Value,Low-Med Value / Low Risk,6,DSL
0880-FVFWF,No,0.2401,Low Risk,86.4,4922.4,20.75,Month-to-month,56,49+ months,High Value,High Value / Low Risk,5,Fiber optic
4611-ANLQC,No,0.0394,Low Risk,50.05,2911.5,1.97,One year,60,49+ months,Medium Value,Low-Med Value / Low Risk,5,DSL
4213-HKBJO,No,0.017,Low Risk,25.7,826.1,0.44,Two year,33,25-48 months,Medium Value,Low-Med Value / Low Risk,2,No
2792-LSHWX,No,0.3998,Medium Risk,83.4,83.4,33.34,Month-to-month,1,0-12 months,Low Value,Low-Med Value / Low Risk,5,Fiber optic
5028-GZLDO,Yes,0.5102,High Risk,70.7,140.7,36.07,Month-to-month,2,0-12 months,Low Value,Low-Med Value / High Risk,2,Fiber optic
0014-BMAQU,No,0.0358,Low Risk,84.65,5377.8,3.03,Two year,63,49+ months,High Value,High Value / Low Risk,5,Fiber optic
6861-XWTWQ,Yes,0.8274,Critical Risk,99.25,665.45,82.12,Month-to-month,7,0-12 months,Medium Value,Low-Med Value / High Risk,6,Fiber optic
9018-PCIOK,No,0.0293,Low Risk,64.75,3617.1,1.9,Two year,55,49+ months,Medium Value,Low-Med Value / Low Risk,5,DSL
4837-QUSFT,No,0.0821,Low Risk,100.15,6643.5,8.22,One year,65,49+ months,High Value,High Value / Low Risk,7,Fiber optic
6877-TJMBR,Yes,0.6783,High Risk,84.8,84.8,57.52,Month-to-month,1,0-12 months,Low Value,Low-Med Value / High Risk,4,Fiber optic
9953-ZMKSM,No,0.005,Low Risk,25.25,1559.3,0.13,Two year,63,49+ months,Medium Value,Low-Med Value / Low Risk,2,No
0907-HQNTS,No,0.0648,Low Risk,113.0,7987.6,7.33,Two year,70,49+ months,High Value,High Value / Low Risk,9,Fiber optic
7665-NKLAV,No,0.0181,Low Risk,40.65,1547.35,0.74,Two year,36,25-48 months,Medium Value,Low-Med Value / Low Risk,4,DSL
6769-DCQLI,Yes,0.1529,Low Risk,105.0,5426.85,16.05,One year,52,49+ months,High Value,High Value / Low Risk,7,Fiber optic
2433-KMEAS,Yes,0.2949,Medium Risk,54.45,1127.35,16.06,Month-to-month,22,13-24 months,Medium Value,Low-Med Value / Low Risk,4,DSL
4391-LNRXK,No,0.3842,Medium Risk,94.95,2142.8,36.48,Month-to-month,22,13-24 months,Medium Value,Low-Med Value / Low Risk,6,Fiber optic
8250-ZNGGW,No,0.1537,Low Risk,59.9,287.85,9.21,Month-to-month,5,0-12 months,Low Value,Low-Med Value / Low Risk,5,DSL
2195-ZRVAX,Yes,0.406,Medium Risk,85.3,4045.65,34.63,Month-to-month,47,25-48 months,High Value,High Value / Low Risk,4,Fiber optic
3550-SAHFP,Yes,0.5932,High Risk,83.35,2757.85,49.44,Month-to-month,33,25-48 months,Medium Value,Low-Med Value / High Risk,4,Fiber optic
2011-TRQYE,Yes,0.3302,Medium Risk,33.5,600.0,11.06,Month-to-month,18,13-24 months,Medium Value,Low-Med Value / Low Risk,3,DSL
8562-GHPPI,No,0.1747,Low Risk,19.8,19.8,3.46,Month-to-month,1,0-12 months,Low Value,Low-Med Value / Low Risk,1,No
5893-PYOLZ,No,0.0262,Low Risk,81.8,4534.45,2.14,Two year,56,49+ months,High Value,High Value / Low Risk,7,DSL
4986-MXSFP,No,0.2445,Low Risk,20.0,40.9,4.89,Month-to-month,2,0-12 months,Low Value,Low-Med Value / Low Risk,1,No
6131-FOYAS,No,0.2047,Low Risk,59.6,2094.9,12.2,Month-to-month,35,25-48 months,Medium Value,Low-Med Value / Low Risk,5,DSL
3027-YNWZU,No,0.0043,Low Risk,25.0,1584.8,0.11,Two year,64,49+ months,Medium Value,Low-Med Value / Low Risk,2,No
5609-IMCGG,No,0.4589,Medium Risk,84.35,1302.65,38.71,Month-to-month,15,13-24 months,Medium Value,Low-Med Value / Low Risk,5,Fiber optic
4873-ILOLJ,Yes,0.6539,High Risk,90.35,2238.5,59.08,Month-to-month,24,13-24 months,Medium Value,Low-Med Value / High Risk,4,Fiber optic
4727-MCYZG,No,0.4044,Medium Risk,55.55,55.55,22.46,Month-to-month,1,0-12 months,Low Value,Low-Med Value / Low Risk,3,DSL
9481-WHGWY,No,0.0074,Low Risk,75.35,5437.75,0.56,Two year,70,49+ months,High Value,High Value / Low Risk,6,DSL
2725-KXXWT,Yes,0.7903,Critical Risk,90.75,90.75,71.72,Month-to-month,1,0-12 months,Low Value,Low-Med Value / High Risk,4,Fiber optic
9565-DJPIB,Yes,0.5489,High Risk,89.6,365.65,49.18,Month-to-month,4,0-12 months,Low Value,Low-Med Value / High Risk,5,Fiber optic
4328-VUFWD,No,0.0703,Low Risk,59.3,2209.15,4.17,One year,39,25-48 months,Medium Value,Low-Med Value / Low Risk,4,DSL
3301-LSLWQ,No,0.2937,Medium Risk,66.1,1912.15,19.42,Month-to-month,29,25-48 months,Medium Value,Low-Med Value / Low Risk,5,DSL
7473-ZBDSN,No,0.0274,Low Risk,18.8,255.55,0.51,Two year,14,13-24 months,Low Value,Low-Med Value / Low Risk,1,No
3166-PNEOF,No,0.0168,Low Risk,86.45,5175.3,1.45,Two year,61,49+ months,High Value,High Value / Low Risk,8,DSL
5639-NTUPK,No,0.1835,Low Risk,52.1,670.65,9.56,Month-to-month,13,13-24 months,Medium Value,Low-Med Value / Low Risk,3,DSL
8780-YRMTT,No,0.0092,Low Risk,47.4,3177.25,0.44,Two year,66,49+ months,Medium Value,Low-Med Value / Low Risk,5,DSL
8348-HFYIV,Yes,0.7334,High Risk,49.25,90.35,36.12,Month-to-month,2,0-12 months,Low Value,Low-Med Value / High Risk,4,DSL
5140-FOMCQ,No,0.1689,Low Risk,109.15,6557.75,18.43,One year,59,49+ months,High Value,High Value / Low Risk,8,Fiber optic
6242-SGYTS,No,0.0893,Low Risk,94.95,5791.85,8.48,One year,62,49+ months,High Value,High Value / Low Risk,6,Fiber optic
8166-ORCHU,No,0.2099,Low Risk,93.55,3055.5,19.64,One year,33,25-48 months,Medium Value,Low-Med Value / Low Risk,6,Fiber optic
8414-OOEEL,No,0.0154,Low Risk,79.5,5196.1,1.22,Two year,66,49+ months,High Value,High Value / Low Risk,7,DSL
8454-AATJP,No,0.0375,Low Risk,115.05,8405.0,4.31,Two year,72,49+ months,High Value,High Value / Low Risk,9,Fiber optic
6849-WLEYG,Yes,0.1607,Low Risk,19.75,19.75,3.17,Month-to-month,1,0-12 months,Low Value,Low-Med Value / Low Risk,1,No
4659-NZRUF,Yes,0.5578,High Risk,95.15,1789.25,53.07,Month-to-month,19,13-24 months,Medium Value,Low-Med Value / High Risk,6,Fiber optic
4531-AUZNK,No,0.1127,Low Risk,95.15,5000.05,10.72,One year,51,49+ months,High Value,High Value / Low Risk,6,Fiber optic
4191-XOVOM,No,0.2779,Medium Risk,105.4,6713.2,29.29,Month-to-month,63,49+ months,High Value,High Value / Low Risk,7,Fiber optic
2150-OEGBV,No,0.0325,Low Risk,20.1,562.6,0.65,One year,27,25-48 months,Medium Value,Low-Med Value / Low Risk,1,No
8429-XIBUM,Yes,0.5543,High Risk,101.35,2317.1,56.17,Month-to-month,22,13-24 months,Medium Value,Low-Med Value / High Risk,6,Fiber optic
1855-CFULU,No,0.1909,Low Risk,20.05,91.45,3.83,Month-to-month,4,0-12 months,Low Value,Low-Med Value / Low Risk,1,No
4878-BUNFV,No,0.0075,Low Risk,20.7,828.85,0.16,Two year,42,25-48 months,Medium Value,Low-Med Value / Low Risk,1,No
1872-EBWSC,No,0.031,Low Risk,20.35,617.35,0.63,One year,29,25-48 months,Medium Value,Low-Med Value / Low Risk,1,No
2608-BHKFN,Yes,0.5815,High Risk,70.05,266.9,40.73,Month-to-month,4,0-12 months,Low Value,Low-Med Value / High Risk,2,Fiber optic
7026-YMSBE,No,0.0305,Low Risk,19.7,625.05,0.6,One year,30,25-48 months,Medium Value,Low-Med Value / Low Risk,1,No
7341-LXCAF,Yes,0.7478,High Risk,74.65,301.4,55.83,Month-to-month,4,0-12 months,Low Value,Low-Med Value / High Risk,3,Fiber optic
6997-UVGOX,No,0.0069,Low Risk,85.45,6029.9,0.59,Two year,71,49+ months,High Value,High Value / Low Risk,8,DSL
9674-EHPPG,No,0.015,Low Risk,40.4,1842.7,0.61,Two year,46,25-48 months,Medium Value,Low-Med Value / Low Risk,4,DSL
9462-MJUAW,Yes,0.3923,Medium Risk,50.4,206.6,19.77,Month-to-month,4,0-12 months,Low Value,Low-Med Value / Low Risk,3,DSL
8128-YVJRG,Yes,0.5557,High Risk,79.65,604.7,44.26,Month-to-month,7,0-12 months,Medium Value,Low-Med Value / High Risk,4,Fiber optic
5440-VHLUL,No,0.1417,Low Risk,105.2,7386.05,14.91,One year,69,49+ months,High Value,High Value / Low Risk,7,Fiber optic
5781-BKHOP,No,0.0359,Low Risk,100.65,7334.05,3.61,Two year,72,49+ months,High Value,High Value / Low Risk,7,Fiber optic
4283-FUTGF,Yes,0.6615,High Risk,79.85,1471.75,52.82,Month-to-month,19,13-24 months,Medium Value,Low-Med Value / High Risk,4,Fiber optic
5213-TWWJU,No,0.3779,Medium Risk,91.0,2626.15,34.39,Month-to-month,28,25-48 months,Medium Value,Low-Med Value / Low Risk,5,Fiber optic
1569-TTNYJ,Yes,0.7112,High Risk,78.75,412.1,56.0,Month-to-month,5,0-12 months,Medium Value,Low-Med Value / High Risk,4,Fiber optic
8628-MFKAX,No,0.0589,Low Risk,116.75,8277.05,6.88,Two year,72,49+ months,High Value,High Value / Low Risk,9,Fiber optic
2397-BRLOM,Yes,0.5917,High Risk,80.45,583.45,47.6,Month-to-month,8,0-12 months,Medium Value,Low-Med Value / High Risk,3,Fiber optic
7629-WIXZF,No,0.2591,Medium Risk,59.1,369.25,15.32,One year,7,0-12 months,Low Value,Low-Med Value / Low Risk,4,DSL
5445-GLVOT,No,0.2312,Low Risk,49.8,1049.05,11.51,Month-to-month,22,13-24 months,Medium Value,Low-Med Value / Low Risk,3,DSL
3976-HXHCE,No,0.0022,Low Risk,19.3,1414.8,0.04,Two year,72,49+ months,Medium Value,Low-Med Value / Low Risk,1,No
2466-NEJOJ,No,0.1133,Low Risk,19.65,169.75,2.23,Month-to-month,8,0-12 months,Low Value,Low-Med Value / Low Risk,1,No
0254-KCJGT,No,0.041,Low Risk,81.4,4354.45,3.34,One year,52,49+ months,High Value,High Value / Low Risk,8,DSL
5472-CVMDX,No,0.0066,Low Risk,38.9,2719.2,0.26,Two year,68,49+ months,Medium Value,Low-Med Value / Low Risk,4,DSL
6461-SZMCV,No,0.0126,Low Risk,87.95,6365.35,1.11,Two year,71,49+ months,High Value,High Value / Low Risk,9,DSL
8150-QUDFX,No,0.1866,Low Risk,19.85,51.6,3.7,Month-to-month,2,0-12 months,Low Value,Low-Med Value / Low Risk,1,No
9508-ILZDG,No,0.4913,Medium Risk,96.35,3190.25,47.34,Month-to-month,34,25-48 months,Medium Value,Low-Med Value / Low Risk,6,Fiber optic
2346-DJQTB,No,0.2153,Low Risk,24.15,812.5,5.2,Month-to-month,35,25-48 months,Medium Value,Low-Med Value / Low Risk,1,DSL
1697-LYYYX,No,0.0053,Low Risk,19.1,1143.8,0.1,One year,61,49+ months,Medium Value,Low-Med Value / Low Risk,1,No
1942-OQFRW,No,0.433,Medium Risk,44.0,44.0,19.05,Month-to-month,1,0-12 months,Low Value,Low-Med Value / Low Risk,2,DSL
4749-VFKVB,Yes,0.5085,High Risk,50.1,50.1,25.48,Month-to-month,1,0-12 months,Low Value,Low-Med Value / High Risk,3,DSL
9640-ZSLDC,No,0.0337,Low Risk,60.6,3297.0,2.04,One year,53,49+ months,Medium Value,Low-Med Value / Low Risk,4,DSL
4231-LZUYM,No,0.0032,Low Risk,25.65,1887.0,0.08,Two year,72,49+ months,Medium Value,Low-Med Value / Low Risk,2,No
7598-UAASY,Yes,0.6049,High Risk,76.4,151.8,46.21,Month-to-month,2,0-12 months,Low Value,Low-Med Value / High Risk,3,Fiber optic
7938-OUHIO,Yes,0.7043,High Risk,98.7,293.65,69.51,Month-to-month,3,0-12 months,Low Value,Low-Med Value / High Risk,6,Fiber optic
8510-AWCXC,Yes,0.7225,High Risk,100.8,1308.1,72.83,Month-to-month,13,13-24 months,Medium Value,Low-Med Value / High Risk,6,Fiber optic
6128-AQBMT,No,0.379,Medium Risk,53.95,2215.4,20.45,Month-to-month,41,25-48 months,Medium Value,Low-Med Value / Low Risk,5,DSL
3594-BDSOA,No,0.0355,Low Risk,20.4,482.8,0.72,One year,24,13-24 months,Medium Value,Low-Med Value / Low Risk,1,No
0431-APWVY,Yes,0.3154,Medium Risk,90.1,2598.95,28.42,One year,28,25-48 months,Medium Value,Low-Med Value / Low Risk,4,Fiber optic
5133-VRSAB,No,0.3159,Medium Risk,29.35,216.45,9.27,Month-to-month,8,0-12 months,Low Value,Low-Med Value / Low Risk,2,DSL
5996-DAOQL,No,0.2556,Medium Risk,20.45,20.45,5.23,Month-to-month,1,0-12 months,Low Value,Low-Med Value / Low Risk,1,No
6838-YAUVY,No,0.0899,Low Risk,95.1,5064.85,8.55,Two year,54,49+ months,High Value,High Value / Low Risk,6,Fiber optic
0484-JPBRU,No,0.0649,Low Risk,25.25,996.45,1.64,Month-to-month,41,25-48 months,Medium Value,Low-Med Value / Low Risk,2,No
7883-ROJOC,No,0.2087,Low Risk,44.9,839.65,9.37,Month-to-month,19,13-24 months,Medium Value,Low-Med Value / Low Risk,2,DSL
0244-LGNFY,No,0.0096,Low Risk,92.65,6733.0,0.89,Two year,72,49+ months,High Value,High Value / Low Risk,9,DSL
7274-CGTOD,No,0.0101,Low Risk,43.7,2618.3,0.44,Two year,62,49+ months,Medium Value,Low-Med Value / Low Risk,5,DSL
4295-YURET,No,0.0192,Low Risk,72.6,4084.35,1.39,Two year,56,49+ months,High Value,High Value / Low Risk,6,DSL
3426-NIYYL,Yes,0.3593,Medium Risk,51.55,765.5,18.52,Month-to-month,15,13-24 months,Medium Value,Low-Med Value / Low Risk,3,DSL
8225-BTJAU,Yes,0.7232,High Risk,79.25,793.55,57.32,Month-to-month,10,0-12 months,Medium Value,Low-Med Value / High Risk,3,Fiber optic
4635-EJYPD,No,0.0122,Low Risk,18.95,613.95,0.23,Two year,32,25-48 months,Medium Value,Low-Med Value / Low Risk,1,No
1866-ZSLJM,No,0.0774,Low Risk,20.5,402.85,1.59,Month-to-month,21,13-24 months,Medium Value,Low-Med Value / Low Risk,1,No
4636-TVXVG,No,0.0053,Low Risk,19.95,1244.8,0.11,One year,62,49+ months,Medium Value,Low-Med Value / Low Risk,1,No
4236-UJPWO,No,0.5524,High Risk,24.5,46.4,13.53,Month-to-month,2,0-12 months,Low Value,Low-Med Value / High Risk,1,DSL
9392-XBGTD,No,0.0149,Low Risk,20.6,581.85,0.31,Two year,27,25-48 months,Medium Value,Low-Med Value / Low Risk,1,No
3387-VATUS,Yes,0.7519,Critical Risk,94.85,462.8,71.32,Month-to-month,5,0-12 months,Medium Value,Low-Med Value / High Risk,5,Fiber optic
6402-SSEJG,No,0.1761,Low Risk,61.05,1540.2,10.75,One year,25,25-48 months,Medium Value,Low-Med Value / Low Risk,6,DSL
1143-NMNQJ,Yes,0.7889,Critical Risk,85.7,169.8,67.61,Month-to-month,2,0-12 months,Low Value,Low-Med Value / High Risk,4,Fiber optic
1169-SAOCL,No,0.2107,Low Risk,106.65,5168.1,22.47,One year,49,49+ months,High Value,High Value / Low Risk,7,Fiber optic
1110-KYLGQ,No,0.1929,Low Risk,108.25,6780.1,20.88,Month-to-month,63,49+ months,High Value,High Value / Low Risk,8,Fiber optic
9929-PLVPA,No,0.1273,Low Risk,20.4,94.5,2.6,Month-to-month,4,0-12 months,Low Value,Low-Med Value / Low Risk,1,No
3518-PZXZQ,No,0.4969,Medium Risk,55.3,55.3,27.48,Month-to-month,1,0-12 months,Low Value,Low-Med Value / Low Risk,3,DSL
2371-JUNGC,No,0.1297,Low Risk,20.25,208.0,2.63,Month-to-month,11,0-12 months,Low Value,Low-Med Value / Low Risk,1,No
7693-QPEFS,No,0.3161,Medium Risk,72.95,3829.75,23.06,Month-to-month,52,49+ months,High Value,High Value / Low Risk,3,Fiber optic
0924-BJCRC,No,0.3072,Medium Risk,89.45,5294.6,27.48,Month-to-month,60,49+ months,High Value,High Value / Low Risk,5,Fiber optic
5074-FBGHB,No,0.1744,Low Risk,104.65,6889.8,18.25,One year,64,49+ months,High Value,High Value / Low Risk,7,Fiber optic
2351-BKRZW,No,0.0253,Low Risk,75.2,3254.35,1.9,Two year,43,25-48 months,Medium Value,Low-Med Value / Low Risk,6,DSL
4455-BFSPD,No,0.1377,Low Risk,101.15,6383.9,13.92,One year,61,49+ months,High Value,High Value / Low Risk,6,Fiber optic
0415-MOSGF,Yes,0.3522,Medium Risk,44.4,44.4,15.64,Month-to-month,1,0-12 months,Low Value,Low-Med Value / Low Risk,2,DSL
1724-BQUHA,Yes,0.7955,Critical Risk,89.5,477.7,71.19,Month-to-month,5,0-12 months,Medium Value,Low-Med Value / High Risk,4,Fiber optic
3948-KXDUF,No,0.0066,Low Risk,68.75,4447.55,0.46,Two year,66,49+ months,High Value,High Value / Low Risk,7,DSL
2323-ARSVR,No,0.0619,Low Risk,111.05,7321.05,6.88,Two year,67,49+ months,High Value,High Value / Low Risk,8,Fiber optic
0815-MFZGM,No,0.1215,Low Risk,99.0,4135.0,12.02,Two year,42,25-48 months,High Value,High Value / Low Risk,6,Fiber optic
4826-XTSOH,Yes,0.822,Critical Risk,86.05,86.05,70.74,Month-to-month,1,0-12 months,Low Value,Low-Med Value / High Risk,4,Fiber optic
5480-XTFFL,No,0.0124,Low Risk,21.0,697.7,0.26,Two year,31,25-48 months,Medium Value,Low-Med Value / Low Risk,1,No
8295-FHIVV,No,0.2103,Low Risk,19.4,168.65,4.08,Month-to-month,7,0-12 months,Low Value,Low-Med Value / Low Risk,1,No
2495-INZWQ,Yes,0.7245,High Risk,44.55,174.3,32.28,Month-to-month,4,0-12 months,Low Value,Low-Med Value / High Risk,3,DSL
9086-YJYXS,No,0.1217,Low Risk,77.2,2753.8,9.39,One year,34,25-48 months,Medium Value,Low-Med Value / Low Risk,6,DSL
1179-INLAT,No,0.138,Low Risk,19.45,69.25,2.68,One year,3,0-12 months,Low Value,Low-Med Value / Low Risk,1,No
7909-FIOIY,No,0.3268,Medium Risk,24.85,434.8,8.12,Month-to-month,19,13-24 months,Medium Value,Low-Med Value / Low Risk,1,DSL
4139-SUGLD,Yes,0.0819,Low Risk,35.4,1077.5,2.9,Month-to-month,31,25-48 months,Medium Value,Low-Med Value / Low Risk,3,DSL
6857-VWJDT,Yes,0.709,High Risk,95.65,95.65,67.82,Month-to-month,1,0-12 months,Low Value,Low-Med Value / High Risk,5,Fiber optic
6351-SCJKT,No,0.2695,Medium Risk,41.35,107.25,11.14,Month-to-month,3,0-12 months,Low Value,Low-Med Value / Low Risk,4,DSL
5468-BPMMO,No,0.0392,Low Risk,19.6,851.2,0.77,Month-to-month,46,25-48 months,Medium Value,Low-Med Value / Low Risk,1,No
5624-BQSSA,Yes,0.1872,Low Risk,20.95,20.95,3.92,Month-to-month,1,0-12 months,Low Value,Low-Med Value / Low Risk,1,No
0197-PNKNK,No,0.0432,Low Risk,84.45,5848.6,3.65,One year,69,49+ months,High Value,High Value / Low Risk,5,Fiber optic
2439-QKJUL,No,0.1653,Low Risk,20.25,109.8,3.35,Month-to-month,5,0-12 months,Low Value,Low-Med Value / Low Risk,1,No
1194-SPVSP,No,0.1836,Low Risk,19.65,19.65,3.61,Month-to-month,1,0-12 months,Low Value,Low-Med Value / Low Risk,1,No
9534-NSXEM,No,0.0469,Low Risk,20.65,595.5,0.97,One year,26,25-48 months,Medium Value,Low-Med Value / Low Risk,1,No
2408-WITXK,Yes,0.6452,High Risk,34.7,329.8,22.39,Month-to-month,10,0-12 months,Low Value,Low-Med Value / High Risk,2,DSL
8929-KSWIH,No,0.1388,Low Risk,99.3,2513.5,13.78,Two year,25,25-48 months,Medium Value,Low-Med Value / Low Risk,6,Fiber optic
2250-IVBWA,No,0.0859,Low Risk,81.05,5135.35,6.96,Month-to-month,64,49+ months,High Value,High Value / Low Risk,4,Fiber optic
1810-MVMAI,No,0.0984,Low Risk,67.6,2000.2,6.65,Month-to-month,30,25-48 months,Medium Value,Low-Med Value / Low Risk,7,DSL
9506-UXUSK,No,0.6127,High Risk,70.15,931.75,42.98,Month-to-month,13,13-24 months,Medium Value,Low-Med Value / High Risk,2,Fiber optic
1229-RCALF,No,0.164,Low Risk,115.0,7396.15,18.86,One year,64,49+ months,High Value,High Value / Low Risk,9,Fiber optic
3572-UOLYZ,No,0.2178,Low Risk,84.8,3958.85,18.47,Month-to-month,46,25-48 months,High Value,High Value / Low Risk,5,Fiber optic
1429-UYJSV,No,0.0664,Low Risk,19.7,260.9,1.31,One year,12,0-12 months,Low Value,Low-Med Value / Low Risk,1,No
5577-OTWWW,Yes,0.1029,Low Risk,19.75,297.3,2.03,Month-to-month,15,13-24 months,Low Value,Low-Med Value / Low Risk,1,No
6100-QQHEB,Yes,0.7223,High Risk,92.55,1515.1,66.85,Month-to-month,17,13-24 months,Medium Value,Low-Med Value / High Risk,5,Fiber optic
6366-XIVKZ,No,0.2485,Low Risk,63.15,816.8,15.7,Month-to-month,13,13-24 months,Medium Value,Low-Med Value / Low Risk,5,DSL
3470-OBUET,No,0.0069,Low Risk,74.0,4868.4,0.51,Two year,67,49+ months,High Value,High Value / Low Risk,7,DSL
2770-NSVDG,No,0.3187,Medium Risk,29.1,688.0,9.27,Month-to-month,24,13-24 months,Medium Value,Low-Med Value / Low Risk,2,DSL
9375-MHRRS,No,0.2358,Low Risk,50.05,288.35,11.8,Month-to-month,6,0-12 months,Low Value,Low-Med Value / Low Risk,3,DSL
2634-HCZGT,Yes,0.0532,Low Risk,60.05,3229.65,3.19,One year,53,49+ months,Medium Value,Low-Med Value / Low Risk,5,DSL
7503-QQRVF,Yes,0.4876,Medium Risk,74.3,1178.25,36.23,Month-to-month,16,13-24 months,Medium Value,Low-Med Value / Low Risk,3,Fiber optic
4860-YZGZM,No,0.1764,Low Risk,20.0,185.4,3.53,Month-to-month,10,0-12 months,Low Value,Low-Med Value / Low Risk,1,No
6599-GZWCM,No,0.3265,Medium Risk,74.65,966.25,24.37,One year,13,13-24 months,Medium Value,Low-Med Value / Low Risk,3,Fiber optic
2691-NZETQ,Yes,0.7548,Critical Risk,85.35,758.6,64.42,Month-to-month,9,0-12 months,Medium Value,Low-Med Value / High Risk,4,Fiber optic
4404-HIBDJ,Yes,0.0519,Low Risk,74.3,1863.8,3.86,One year,25,25-48 months,Medium Value,Low-Med Value / Low Risk,7,DSL
5533-NHFRF,No,0.5521,High Risk,44.4,265.8,24.51,Month-to-month,7,0-12 months,Low Value,Low-Med Value / High Risk,4,DSL
7037-MTYVW,No,0.0435,Low Risk,85.4,3297.0,3.71,Two year,38,25-48 months,Medium Value,Low-Med Value / Low Risk,8,DSL
4760-THGOT,No,0.3975,Medium Risk,94.1,4107.3,37.41,Month-to-month,43,25-48 months,High Value,High Value / Low Risk,6,Fiber optic
7295-JOMMD,Yes,0.556,High Risk,98.1,396.3,54.55,Month-to-month,4,0-12 months,Low Value,Low-Med Value / High Risk,6,Fiber optic
4016-BJKTZ,No,0.2172,Low Risk,108.9,2809.05,23.65,Two year,25,25-48 months,Medium Value,Low-Med Value / Low Risk,8,Fiber optic
6584-VQMYT,No,0.0424,Low Risk,56.2,1567.55,2.39,One year,27,25-48 months,Medium Value,Low-Med Value / Low Risk,4,DSL
9838-BFCQT,No,0.0027,Low Risk,26.1,1851.45,0.07,Two year,72,49+ months,Medium Value,Low-Med Value / Low Risk,2,No
2790-XUYMV,No,0.0484,Low Risk,85.45,6028.95,4.14,One year,71,49+ months,High Value,High Value / Low Risk,5,Fiber optic
0581-MDMPW,No,0.5518,High Risk,88.95,2072.75,49.08,Month-to-month,24,13-24 months,Medium Value,Low-Med Value / High Risk,5,Fiber optic
5013-SBUIH,Yes,0.1246,Low Risk,109.65,5551.15,13.66,Two year,50,49+ months,High Value,High Value / Low Risk,8,Fiber optic
1023-BQXZE,No,0.029,Low Risk,74.35,4317.35,2.16,Two year,57,49+ months,High Value,High Value / Low Risk,6,DSL
9163-GHAYE,No,0.2652,Medium Risk,48.85,736.8,12.96,Month-to-month,15,13-24 months,Medium Value,Low-Med Value / Low Risk,3,DSL
3904-UKFRE,No,0.6546,High Risk,80.1,336.15,52.44,Month-to-month,4,0-12 months,Low Value,Low-Med Value / High Risk,4,Fiber optic
5353-WILCI,No,0.1227,Low Risk,56.05,1522.65,6.88,Month-to-month,28,25-48 months,Medium Value,Low-Med Value / Low Risk,4,DSL
0709-TVGUR,Yes,0.7333,High Risk,74.55,622.9,54.67,Month-to-month,9,0-12 months,Medium Value,Low-Med Value / High Risk,3,Fiber optic
0058-EVZWM,No,0.26,Medium Risk,89.8,4959.6,23.35,Month-to-month,55,49+ months,High Value,High Value / Low Risk,5,Fiber optic
6023-YEBUP,Yes,0.8172,Critical Risk,100.95,329.95,82.49,Month-to-month,3,0-12 months,Low Value,Low-Med Value / High Risk,6,Fiber optic
7209-JCUDS,Yes,0.739,High Risk,94.9,1048.85,70.13,Month-to-month,10,0-12 months,Medium Value,Low-Med Value / High Risk,5,Fiber optic
7009-PCARS,No,0.0072,Low Risk,19.1,1001.5,0.14,One year,55,49+ months,Medium Value,Low-Med Value / Low Risk,1,No
0519-DRGTI,No,0.0733,Low Risk,20.35,442.6,1.49,Month-to-month,20,13-24 months,Medium Value,Low-Med Value / Low Risk,1,No
1017-FBQMM,No,0.1324,Low Risk,106.05,6703.5,14.04,One year,62,49+ months,High Value,High Value / Low Risk,7,Fiber optic
3001-CBHLQ,Yes,0.6286,High Risk,104.9,3351.55,65.94,Month-to-month,32,25-48 months,Medium Value,Low-Med Value / High Risk,7,Fiber optic
1985-MBRYP,No,0.0117,Low Risk,19.65,779.25,0.23,Two year,43,25-48 months,Medium Value,Low-Med Value / Low Risk,1,No
6158-DWPZT,Yes,0.2462,Low Risk,24.1,259.8,5.93,One year,9,0-12 months,Low Value,Low-Med Value / Low Risk,1,DSL
9372-TXXPS,No,0.0056,Low Risk,59.85,3483.45,0.33,Two year,60,49+ months,Medium Value,Low-Med Value / Low Risk,5,DSL
3259-QMXUN,No,0.0497,Low Risk,86.1,4890.5,4.28,Two year,58,49+ months,High Value,High Value / Low Risk,8,DSL
1015-JPFYW,No,0.068,Low Risk,19.45,136.75,1.32,One year,7,0-12 months,Low Value,Low-Med Value / Low Risk,1,No
6645-MXQJT,No,0.5623,High Risk,97.1,184.15,54.6,Month-to-month,2,0-12 months,Low Value,Low-Med Value / High Risk,5,Fiber optic
4360-QRAVE,No,0.2014,Low Risk,36.65,1315.0,7.38,Month-to-month,37,25-48 months,Medium Value,Low-Med Value / Low Risk,3,DSL
8433-WPJTV,No,0.1592,Low Risk,103.9,6767.1,16.54,One year,65,49+ months,High Value,High Value / Low Risk,7,Fiber optic
5804-JMYIO,No,0.0086,Low Risk,19.75,757.95,0.17,Two year,39,25-48 months,Medium Value,Low-Med Value / Low Risk,1,No
3763-GCZHZ,Yes,0.2071,Low Risk,104.05,6890.0,21.55,One year,66,49+ months,High Value,High Value / Low Risk,7,Fiber optic
6484-LATFU,No,0.004,Low Risk,24.55,1657.4,0.1,Two year,68,49+ months,Medium Value,Low-Med Value / Low Risk,2,No
7599-NTMDP,No,0.008,Low Risk,48.7,3008.55,0.39,Two year,62,49+ months,Medium Value,Low-Med Value / Low Risk,5,DSL
0772-GYEQQ,Yes,0.5829,High Risk,88.35,262.05,51.5,Month-to-month,3,0-12 months,Low Value,Low-Med Value / High Risk,5,Fiber optic
0536-ACXIP,No,0.1082,Low Risk,109.55,8165.1,11.85,Two year,72,49+ months,High Value,High Value / Low Risk,8,Fiber optic
0936-NQLJU,No,0.0088,Low Risk,20.65,875.55,0.18,Two year,41,25-48 months,Medium Value,Low-Med Value / Low Risk,1,No
4831-EOBFE,Yes,0.283,Medium Risk,94.65,2649.15,26.79,Month-to-month,29,25-48 months,Medium Value,Low-Med Value / Low Risk,5,Fiber optic
1575-KRZZE,No,0.2636,Medium Risk,55.2,220.65,14.55,Month-to-month,4,0-12 months,Low Value,Low-Med Value / Low Risk,4,DSL
3251-YMVWZ,No,0.0141,Low Risk,24.05,1301.9,0.34,One year,53,49+ months,Medium Value,Low-Med Value / Low Risk,2,No
4102-OQUPX,Yes,0.792,Critical Risk,74.4,74.4,58.93,Month-to-month,1,0-12 months,Low Value,Low-Med Value / High Risk,3,Fiber optic
9170-GYZJC,Yes,0.0614,Low Risk,79.9,3326.2,4.9,Month-to-month,41,25-48 months,Medium Value,Low-Med Value / Low Risk,8,DSL
4884-LEVMQ,No,0.0147,Low Risk,20.45,790.0,0.3,Two year,39,25-48 months,Medium Value,Low-Med Value / Low Risk,1,No
8857-CUPFQ,No,0.0036,Low Risk,19.25,1237.65,0.07,Two year,63,49+ months,Medium Value,Low-Med Value / Low Risk,1,No
7610-TVOPG,No,0.2458,Low Risk,26.35,378.6,6.48,Month-to-month,15,13-24 months,Low Value,Low-Med Value / Low Risk,2,No
3638-DIMPH,No,0.1913,Low Risk,43.8,592.65,8.38,One year,13,13-24 months,Medium Value,Low-Med Value / Low Risk,2,DSL
1845-ZLLIG,No,0.3994,Medium Risk,50.15,50.15,20.03,Month-to-month,1,0-12 months,Low Value,Low-Med Value / Low Risk,3,DSL
8559-WNQZS,No,0.0593,Low Risk,20.45,20.45,1.21,Two year,1,0-12 months,Low Value,Low-Med Value / Low Risk,1,No
3999-QGRJH,Yes,0.6859,High Risk,69.7,560.85,47.81,Month-to-month,8,0-12 months,Medium Value,Low-Med Value / High Risk,2,Fiber optic
1699-UOTXU,No,0.0114,Low Risk,61.4,3638.25,0.7,Two year,60,49+ months,Medium Value,Low-Med Value / Low Risk,5,DSL
2454-RPBRZ,Yes,0.7146,High Risk,98.1,1060.2,70.1,Month-to-month,12,0-12 months,Medium Value,Low-Med Value / High Risk,6,Fiber optic
0635-WKOLD,No,0.0595,Low Risk,70.75,2921.75,4.21,One year,40,25-48 months,Medium Value,Low-Med Value / Low Risk,6,DSL
5993-JSUWV,No,0.0089,Low Risk,61.15,4017.45,0.55,Two year,66,49+ months,High Value,High Value / Low Risk,5,DSL
4518-FZBSX,No,0.0143,Low Risk,20.25,854.9,0.29,One year,42,25-48 months,Medium Value,Low-Med Value / Low Risk,1,No
5387-ASZNZ,No,0.0191,Low Risk,63.85,4174.35,1.22,One year,66,49+ months,High Value,High Value / Low Risk,6,DSL
6988-CJEYV,No,0.4379,Medium Risk,98.7,4920.55,43.22,Month-to-month,49,49+ months,High Value,High Value / Low Risk,6,Fiber optic
2002-MZHWP,Yes,0.1884,Low Risk,20.5,20.5,3.86,Month-to-month,1,0-12 months,Low Value,Low-Med Value / Low Risk,1,No
3097-FQTVJ,No,0.0096,Low Risk,20.0,810.3,0.19,Two year,41,25-48 months,Medium Value,Low-Med Value / Low Risk,1,No
5465-BUBFA,No,0.0073,Low Risk,19.3,772.4,0.14,Two year,41,25-48 months,Medium Value,Low-Med Value / Low Risk,1,No
7299-GNVPL,No,0.1554,Low Risk,84.4,1936.85,13.12,Month-to-month,23,13-24 months,Medium Value,Low-Med Value / Low Risk,5,Fiber optic
9743-DQKQW,No,0.5441,High Risk,25.1,79.8,13.66,Month-to-month,3,0-12 months,Low Value,Low-Med Value / High Risk,1,DSL
1215-VFYVK,No,0.3161,Medium Risk,48.25,202.25,15.25,Month-to-month,4,0-12 months,Low Value,Low-Med Value / Low Risk,5,DSL
9371-BITHB,No,0.0048,Low Risk,19.85,1070.5,0.09,Two year,52,49+ months,Medium Value,Low-Med Value / Low Risk,1,No
2265-CYWIV,Yes,0.7749,Critical Risk,99.6,347.65,77.18,Month-to-month,4,0-12 months,Low Value,Low-Med Value / High Risk,6,Fiber optic
9093-FPDLG,No,0.5491,High Risk,94.2,999.9,51.72,Month-to-month,11,0-12 months,Medium Value,Low-Med Value / High Risk,6,Fiber optic
0541-FITGH,No,0.3752,Medium Risk,62.15,113.1,23.32,Month-to-month,2,0-12 months,Low Value,Low-Med Value / Low Risk,4,DSL
6985-HAYWX,No,0.3591,Medium Risk,79.3,2015.8,28.48,Month-to-month,26,25-48 months,Medium Value,Low-Med Value / Low Risk,4,Fiber optic
7508-KBIMB,No,0.0711,Low Risk,56.25,1454.25,4.0,One year,24,13-24 months,Medium Value,Low-Med Value / Low Risk,4,DSL
6838-HVLXG,No,0.1227,Low Risk,20.3,246.7,2.49,Month-to-month,12,0-12 months,Low Value,Low-Med Value / Low Risk,1,No
2277-DJJDL,No,0.4437,Medium Risk,99.0,6017.9,43.93,Month-to-month,60,49+ months,High Value,High Value / Low Risk,6,Fiber optic
1897-OKVMW,No,0.0186,Low Risk,90.6,5817.45,1.68,Two year,64,49+ months,High Value,High Value / Low Risk,9,DSL
5485-ITNPC,No,0.0143,Low Risk,85.9,5595.3,1.23,Two year,66,49+ months,High Value,High Value / Low Risk,8,DSL
0233-FTHAV,No,0.132,Low Risk,79.2,4765.0,10.45,One year,60,49+ months,High Value,High Value / Low Risk,4,Fiber optic
4644-PIZRT,No,0.1529,Low Risk,70.35,1201.65,10.75,One year,17,13-24 months,Medium Value,Low-Med Value / Low Risk,6,DSL
8922-NPKBJ,No,0.0078,Low Risk,19.35,867.3,0.15,Two year,42,25-48 months,Medium Value,Low-Med Value / Low Risk,1,No
2740-TVLFN,No,0.5905,High Risk,50.15,50.15,29.61,Month-to-month,1,0-12 months,Low Value,Low-Med Value / High Risk,3,DSL
7771-CFQRQ,No,0.0149,Low Risk,63.8,3007.25,0.95,Two year,47,25-48 months,Medium Value,Low-Med Value / Low Risk,5,DSL
9512-PHSMG,No,0.1859,Low Risk,20.55,252.75,3.82,Month-to-month,10,0-12 months,Low Value,Low-Med Value / Low Risk,1,No
6963-EZQEE,No,0.0211,Low Risk,88.55,6306.5,1.87,Two year,70,49+ months,High Value,High Value / Low Risk,9,DSL
2452-KDRRH,No,0.3683,Medium Risk,101.4,6841.05,37.35,Month-to-month,67,49+ months,High Value,High Value / Low Risk,6,Fiber optic
2004-OCQXK,Yes,0.7392,High Risk,81.95,81.95,60.57,Month-to-month,1,0-12 months,Low Value,Low-Med Value / High Risk,3,Fiber optic
5027-QPKTE,Yes,0.6658,High Risk,69.35,451.1,46.17,Month-to-month,7,0-12 months,Medium Value,Low-Med Value / High Risk,2,Fiber optic
4146-SVFUD,No,0.3561,Medium Risk,44.6,44.6,15.88,Month-to-month,1,0-12 months,Low Value,Low-Med Value / Low Risk,2,DSL
1564-HJUVY,No,0.3276,Medium Risk,63.75,226.2,20.88,Month-to-month,4,0-12 months,Low Value,Low-Med Value / Low Risk,5,DSL
3617-XLSGQ,No,0.0463,Low Risk,109.25,7082.5,5.06,Two year,66,49+ months,High Value,High Value / Low Risk,8,Fiber optic
7517-LDMPS,No,0.6369,High Risk,84.6,1017.35,53.88,Month-to-month,12,0-12 months,Medium Value,Low-Med Value / High Risk,4,Fiber optic
7244-KXYZN,No,0.0351,Low Risk,20.45,527.35,0.72,One year,24,13-24 months,Medium Value,Low-Med Value / Low Risk,1,No
5226-NOZFC,No,0.5273,High Risk,85.75,2146.5,45.21,Month-to-month,26,25-48 months,Medium Value,Low-Med Value / High Risk,4,Fiber optic
2672-HUYVI,Yes,0.7517,Critical Risk,91.1,455.3,68.48,Month-to-month,6,0-12 months,Medium Value,Low-Med Value / High Risk,4,Fiber optic
1400-WIVLL,No,0.1154,Low Risk,107.95,5969.85,12.46,Two year,57,49+ months,High Value,High Value / Low Risk,7,Fiber optic
7508-MYBOG,Yes,0.7285,High Risk,86.1,1235.55,62.73,Month-to-month,14,13-24 months,Medium Value,Low-Med Value / High Risk,4,Fiber optic
8148-NLEGT,No,0.0146,Low Risk,22.95,1014.25,0.33,Two year,42,25-48 months,Medium Value,Low-Med Value / Low Risk,2,No
0148-DCDOS,Yes,0.6297,High Risk,94.7,2362.1,59.64,Month-to-month,25,25-48 months,Medium Value,Low-Med Value / High Risk,5,Fiber optic
8347-GDTMP,No,0.003,Low Risk,19.45,1225.65,0.06,Two year,64,49+ months,Medium Value,Low-Med Value / Low Risk,1,No
9992-RRAMN,Yes,0.6779,High Risk,85.1,1873.7,57.69,Month-to-month,22,13-24 months,Medium Value,Low-Med Value / High Risk,4,Fiber optic
6746-WAUWT,No,0.0638,Low Risk,19.7,386.5,1.26,One year,19,13-24 months,Low Value,Low-Med Value / Low Risk,1,No
0310-MVLET,Yes,0.3838,Medium Risk,99.15,6010.05,38.05,Month-to-month,61,49+ months,High Value,High Value / Low Risk,6,Fiber optic
0428-IKYCP,No,0.4995,Medium Risk,87.0,1850.65,43.46,Month-to-month,22,13-24 months,Medium Value,Low-Med Value / Low Risk,4,Fiber optic
4550-VBOFE,Yes,0.4232,Medium Risk,102.95,7101.5,43.57,Month-to-month,70,49+ months,High Value,High Value / Low Risk,7,Fiber optic
2187-PKZAY,No,0.5938,High Risk,79.95,1043.4,47.47,Month-to-month,12,0-12 months,Medium Value,Low-Med Value / High Risk,3,Fiber optic
4003-OCTMP,No,0.0934,Low Risk,64.0,1910.75,5.98,One year,31,25-48 months,Medium Value,Low-Med Value / Low Risk,5,DSL
6652-YFFJO,No,0.5369,High Risk,64.9,716.1,34.85,Month-to-month,11,0-12 months,Medium Value,Low-Med Value / High Risk,4,DSL
7225-IILWY,No,0.0032,Low Risk,25.75,1686.15,0.08,Two year,68,49+ months,Medium Value,Low-Med Value / Low Risk,2,No
5248-RPYWW,No,0.0166,Low Risk,90.15,6716.45,1.5,Two year,72,49+ months,High Value,High Value / Low Risk,9,DSL
7923-IYJWY,No,0.0688,Low Risk,116.1,7839.85,7.98,Two year,67,49+ months,High Value,High Value / Low Risk,9,Fiber optic
3170-GWYKC,No,0.1806,Low Risk,104.95,6236.75,18.95,Month-to-month,60,49+ months,High Value,High Value / Low Risk,7,Fiber optic
5696-QURRL,Yes,0.4426,Medium Risk,45.05,45.05,19.94,Month-to-month,1,0-12 months,Low Value,Low-Med Value / Low Risk,2,DSL
7409-KIUTL,Yes,0.6803,High Risk,71.0,71.0,48.3,Month-to-month,1,0-12 months,Low Value,Low-Med Value / High Risk,2,Fiber optic
9830-ECLEN,No,0.0264,Low Risk,50.0,2919.85,1.32,One year,58,49+ months,Medium Value,Low-Med Value / Low Risk,5,DSL
1732-VHUBQ,Yes,0.1731,Low Risk,70.55,3309.25,12.21,Month-to-month,47,25-48 months,Medium Value,Low-Med Value / Low Risk,2,Fiber optic
0495-RVCBF,Yes,0.7467,High Risk,79.7,79.7,59.51,Month-to-month,1,0-12 months,Low Value,Low-Med Value / High Risk,3,Fiber optic
2668-TZSPS,No,0.1917,Low Risk,20.45,20.45,3.92,Month-to-month,1,0-12 months,Low Value,Low-Med Value / Low Risk,1,No
7854-EDSSA,Yes,0.2009,Low Risk,59.0,1254.7,11.85,Month-to-month,22,13-24 months,Medium Value,Low-Med Value / Low Risk,5,DSL
8869-TORSS,Yes,0.0257,Low Risk,60.35,2896.4,1.55,One year,48,25-48 months,Medium Value,Low-Med Value / Low Risk,5,DSL
7446-SFAOA,No,0.0295,Low Risk,19.85,717.5,0.58,One year,37,25-48 months,Medium Value,Low-Med Value / Low Risk,1,No
9522-ZSINC,No,0.1195,Low Risk,19.95,253.8,2.38,One year,13,13-24 months,Low Value,Low-Med Value / Low Risk,1,No
8234-GSZYK,No,0.0114,Low Risk,26.45,1110.05,0.3,Two year,43,25-48 months,Medium Value,Low-Med Value / Low Risk,2,No
6505-OZNPG,No,0.1474,Low Risk,63.4,348.8,9.35,Two year,6,0-12 months,Low Value,Low-Med Value / Low Risk,7,DSL
6164-HAQTX,No,0.0074,Low Risk,53.95,3888.65,0.4,Two year,71,49+ months,High Value,High Value / Low Risk,6,DSL
0679-IDSTG,Yes,0.6915,High Risk,69.25,69.25,47.89,Month-to-month,1,0-12 months,Low Value,Low-Med Value / High Risk,2,Fiber optic
7765-LWVVH,No,0.0557,Low Risk,95.1,6843.15,5.3,Two year,72,49+ months,High Value,High Value / Low Risk,6,Fiber optic
1658-TJVOA,No,0.6038,High Risk,74.1,450.9,44.74,Month-to-month,6,0-12 months,Medium Value,Low-Med Value / High Risk,3,Fiber optic
0953-LGOVU,No,0.2177,Low Risk,35.5,432.25,7.73,Month-to-month,12,0-12 months,Medium Value,Low-Med Value / Low Risk,3,DSL
2115-BFTIW,Yes,0.3414,Medium Risk,70.95,1767.35,24.23,Month-to-month,25,25-48 months,Medium Value,Low-Med Value / Low Risk,2,Fiber optic
4692-NNQRU,No,0.2274,Low Risk,79.2,1742.45,18.01,One year,21,13-24 months,Medium Value,Low-Med Value / Low Risk,4,Fiber optic
7742-MYPGI,No,0.2675,Medium Risk,48.8,297.35,13.05,Month-to-month,6,0-12 months,Low Value,Low-Med Value / Low Risk,3,DSL
0611-DFXKO,Yes,0.6169,High Risk,89.0,1820.45,54.91,Month-to-month,20,13-24 months,Medium Value,Low-Med Value / High Risk,4,Fiber optic
7780-OTDSO,Yes,0.6735,High Risk,99.4,1742.95,66.95,Month-to-month,18,13-24 months,Medium Value,Low-Med Value / High Risk,6,Fiber optic
9619-GSATL,No,0.0411,Low Risk,55.45,2444.25,2.28,One year,43,25-48 months,Medium Value,Low-Med Value / Low Risk,4,DSL
5622-UEJFI,No,0.0187,Low Risk,25.4,949.8,0.47,Two year,35,25-48 months,Medium Value,Low-Med Value / Low Risk,2,No
9747-DDZOS,Yes,0.5224,High Risk,73.5,73.5,38.39,Month-to-month,1,0-12 months,Low Value,Low-Med Value / High Risk,3,Fiber optic
0674-DGMAQ,No,0.6088,High Risk,93.5,2970.8,56.92,Month-to-month,32,25-48 months,Medium Value,Low-Med Value / High Risk,6,Fiber optic
6203-HBZPA,No,0.0203,Low Risk,63.9,3334.95,1.3,Two year,52,49+ months,Medium Value,Low-Med Value / Low Risk,7,DSL
0484-FFVBJ,No,0.1581,Low Risk,64.85,2010.95,10.25,One year,32,25-48 months,Medium Value,Low-Med Value / Low Risk,4,DSL
0301-FIDRB,No,0.0121,Low Risk,63.8,4684.3,0.77,Two year,72,49+ months,High Value,High Value / Low Risk,7,DSL
4139-JPIAM,No,0.0826,Low Risk,44.45,2181.55,3.67,Month-to-month,51,49+ months,Medium Value,Low-Med Value / Low Risk,4,DSL
2181-TIDSV,No,0.0031,Low Risk,19.95,1303.25,0.06,Two year,68,49+ months,Medium Value,Low-Med Value / Low Risk,1,No
2761-XECQW,No,0.5606,High Risk,43.35,371.4,24.3,Month-to-month,8,0-12 months,Low Value,Low-Med Value / High Risk,4,DSL
1936-CZAKF,No,0.0438,Low Risk,49.65,2409.9,2.17,Two year,49,49+ months,Medium Value,Low-Med Value / Low Risk,4,DSL
9453-PATOS,No,0.0089,Low Risk,85.1,6155.4,0.75,Two year,72,49+ months,High Value,High Value / Low Risk,8,DSL
0564-JJHGS,Yes,0.7954,Critical Risk,95.5,829.1,75.96,Month-to-month,9,0-12 months,Medium Value,Low-Med Value / High Risk,5,Fiber optic
3348-CFRNX,Yes,0.4581,Medium Risk,92.35,2602.9,42.3,Month-to-month,28,25-48 months,Medium Value,Low-Med Value / Low Risk,5,Fiber optic
4402-FTBXC,No,0.1553,Low Risk,89.8,4667.0,13.94,Month-to-month,54,49+ months,High Value,High Value / Low Risk,5,Fiber optic
1428-GTBJJ,Yes,0.5915,High Risk,74.55,824.75,44.09,Month-to-month,11,0-12 months,Medium Value,Low-Med Value / High Risk,3,Fiber optic
2931-XIQBR,No,0.1111,Low Risk,103.05,5153.5,11.45,One year,50,49+ months,High Value,High Value / Low Risk,6,Fiber optic
0106-UGRDO,No,0.0867,Low Risk,116.0,8182.85,10.06,Two year,69,49+ months,High Value,High Value / Low Risk,9,Fiber optic
5542-TBBWB,No,0.7061,High Risk,69.9,69.9,49.35,Month-to-month,1,0-12 months,Low Value,Low-Med Value / High Risk,2,Fiber optic
1930-QPBVZ,No,0.0171,Low Risk,95.1,6683.4,1.62,Two year,68,49+ months,High Value,High Value / Low Risk,6,Fiber optic
2606-PKWJB,No,0.0271,Low Risk,40.25,1564.05,1.09,One year,40,25-48 months,Medium Value,Low-Med Value / Low Risk,4,DSL
5322-ZSMZY,No,0.0171,Low Risk,25.75,755.6,0.44,Two year,31,25-48 months,Medium Value,Low-Med Value / Low Risk,2,No
8059-UDZFY,No,0.5115,High Risk,105.35,3465.05,53.88,Month-to-month,33,25-48 months,Medium Value,Low-Med Value / High Risk,7,Fiber optic
7740-BTPUX,No,0.1776,Low Risk,113.6,6292.7,20.17,Two year,55,49+ months,High Value,High Value / Low Risk,8,Fiber optic
5220-AGAAX,No,0.0045,Low Risk,24.0,1664.3,0.11,Two year,68,49+ months,Medium Value,Low-Med Value / Low Risk,2,No
0208-BPQEJ,No,0.0967,Low Risk,19.4,198.1,1.88,Month-to-month,12,0-12 months,Low Value,Low-Med Value / Low Risk,1,No
9435-JMLSX,No,0.0123,Low Risk,86.1,6045.9,1.06,Two year,71,49+ months,High Value,High Value / Low Risk,8,DSL
3352-ALMCK,No,0.5137,High Risk,102.65,4108.15,52.73,Month-to-month,40,25-48 months,High Value,High Value / High Risk,7,Fiber optic
5312-IRCFR,No,0.1731,Low Risk,92.85,5980.75,16.08,One year,64,49+ months,High Value,High Value / Low Risk,6,Fiber optic
5294-IMHHT,No,0.105,Low Risk,97.75,5043.2,10.26,One year,53,49+ months,High Value,High Value / Low Risk,6,Fiber optic
8802-UNOJF,Yes,0.4485,Medium Risk,83.8,1029.75,37.59,Month-to-month,12,0-12 months,Medium Value,Low-Med Value / Low Risk,5,Fiber optic
6313-GIDIT,Yes,0.2712,Medium Risk,54.45,2854.55,14.77,Month-to-month,53,49+ months,Medium Value,Low-Med Value / Low Risk,5,DSL
6176-YJWAS,No,0.0501,Low Risk,97.95,7114.25,4.91,Two year,72,49+ months,High Value,High Value / Low Risk,7,Fiber optic
5310-NOOVA,No,0.0106,Low Risk,19.95,907.05,0.21,Two year,46,25-48 months,Medium Value,Low-Med Value / Low Risk,1,No
4526-EXKKN,No,0.0205,Low Risk,24.6,973.95,0.5,Two year,40,25-48 months,Medium Value,Low-Med Value / Low Risk,2,No
5311-IHLEI,No,0.2797,Medium Risk,50.95,605.75,14.25,Month-to-month,12,0-12 months,Medium Value,Low-Med Value / Low Risk,5,DSL
3987-KQDDU,No,0.4492,Medium Risk,75.6,661.55,33.96,Month-to-month,9,0-12 months,Medium Value,Low-Med Value / Low Risk,3,Fiber optic
3404-JNXAX,No,0.2552,Medium Risk,80.75,4116.9,20.61,Month-to-month,51,49+ months,High Value,High Value / Low Risk,4,Fiber optic
5131-PONJI,No,0.2353,Low Risk,90.4,4494.65,21.27,Month-to-month,49,49+ months,High Value,High Value / Low Risk,5,Fiber optic
2845-AFFTX,Yes,0.6582,High Risk,99.8,4259.3,65.69,Month-to-month,41,25-48 months,High Value,High Value / High Risk,6,Fiber optic
3489-VSFRD,No,0.0188,Low Risk,60.25,3282.75,1.13,One year,56,49+ months,Medium Value,Low-Med Value / Low Risk,5,DSL
3345-JHUEO,No,0.2895,Medium Risk,20.2,55.7,5.85,Month-to-month,4,0-12 months,Low Value,Low-Med Value / Low Risk,1,No
5815-HGGHV,No,0.1041,Low Risk,64.15,1274.45,6.68,One year,20,13-24 months,Medium Value,Low-Med Value / Low Risk,5,DSL
5260-UMPWX,No,0.0715,Low Risk,20.25,493.95,1.45,Month-to-month,26,25-48 months,Medium Value,Low-Med Value / Low Risk,1,No
2249-YPRNG,Yes,0.5726,High Risk,105.85,2239.65,60.61,Month-to-month,20,13-24 months,Medium Value,Low-Med Value / High Risk,7,Fiber optic
7410-YTJIK,Yes,0.5591,High Risk,75.45,480.75,42.18,Month-to-month,7,0-12 months,Medium Value,Low-Med Value / High Risk,3,Fiber optic
4626-GYCZP,Yes,0.8091,Critical Risk,93.85,635.6,75.93,Month-to-month,7,0-12 months,Medium Value,Low-Med Value / High Risk,5,Fiber optic
5649-RXQTV,No,0.4285,Medium Risk,99.0,5038.15,42.42,Month-to-month,51,49+ months,High Value,High Value / Low Risk,6,Fiber optic
2674-MIAHT,No,0.6342,High Risk,80.3,324.2,50.92,Month-to-month,4,0-12 months,Low Value,Low-Med Value / High Risk,4,Fiber optic
2576-HXMPA,No,0.1754,Low Risk,19.55,19.55,3.43,Month-to-month,1,0-12 months,Low Value,Low-Med Value / Low Risk,1,No
7587-AOVVU,No,0.2923,Medium Risk,100.75,2793.55,29.45,Month-to-month,27,25-48 months,Medium Value,Low-Med Value / Low Risk,7,Fiber optic
5590-BYNII,Yes,0.6356,High Risk,100.75,2095.0,64.04,Month-to-month,22,13-24 months,Medium Value,Low-Med Value / High Risk,6,Fiber optic
6898-MDLZW,No,0.2346,Low Risk,53.75,648.65,12.61,Month-to-month,12,0-12 months,Medium Value,Low-Med Value / Low Risk,4,DSL
3237-AJGEH,Yes,0.4061,Medium Risk,31.0,95.05,12.59,Month-to-month,3,0-12 months,Low Value,Low-Med Value / Low Risk,2,DSL
4707-YNOQA,No,0.036,Low Risk,25.6,917.15,0.92,One year,34,25-48 months,Medium Value,Low-Med Value / Low Risk,2,No
9357-UJRUN,No,0.1247,Low Risk,58.35,1346.9,7.28,One year,24,13-24 months,Medium Value,Low-Med Value / Low Risk,5,DSL
1591-NFNLQ,Yes,0.2217,Low Risk,80.0,4242.35,17.74,Month-to-month,51,49+ months,High Value,High Value / Low Risk,4,Fiber optic
8648-PFRMP,No,0.66,High Risk,46.35,672.7,30.59,Month-to-month,14,13-24 months,Medium Value,Low-Med Value / High Risk,3,DSL
7663-CUXZB,No,0.0738,Low Risk,113.75,6561.25,8.4,Two year,59,49+ months,High Value,High Value / Low Risk,9,Fiber optic
0258-NOKBL,No,0.6086,High Risk,90.4,268.45,55.02,Month-to-month,3,0-12 months,Low Value,Low-Med Value / High Risk,5,Fiber optic
1163-VIPRI,No,0.0609,Low Risk,109.3,7337.55,6.66,Two year,65,49+ months,High Value,High Value / Low Risk,8,Fiber optic
2815-CPTUL,Yes,0.6362,High Risk,70.25,331.9,44.7,Month-to-month,5,0-12 months,Low Value,Low-Med Value / High Risk,2,Fiber optic
9348-ROUAI,No,0.0131,Low Risk,90.3,5194.05,1.18,Two year,59,49+ months,High Value,High Value / Low Risk,9,DSL
9443-JUBUO,No,0.0111,Low Risk,65.25,4478.85,0.72,Two year,72,49+ months,High Value,High Value / Low Risk,7,DSL
0596-BQCEQ,Yes,0.3086,Medium Risk,100.15,6283.3,30.91,Month-to-month,62,49+ months,High Value,High Value / Low Risk,6,Fiber optic
1481-ZUWZA,Yes,0.3989,Medium Risk,94.5,2659.4,37.69,Month-to-month,28,25-48 months,Medium Value,Low-Med Value / Low Risk,6,Fiber optic
3043-TYBNO,No,0.3026,Medium Risk,60.65,196.9,18.35,Month-to-month,3,0-12 months,Low Value,Low-Med Value / Low Risk,4,DSL
4830-FAXFM,No,0.1285,Low Risk,24.1,439.2,3.1,Month-to-month,19,13-24 months,Medium Value,Low-Med Value / Low Risk,2,No
5906-BFOZT,No,0.2588,Medium Risk,19.5,19.5,5.05,Month-to-month,1,0-12 months,Low Value,Low-Med Value / Low Risk,1,No
2960-NKRSO,No,0.3916,Medium Risk,85.95,2107.15,33.66,Month-to-month,24,13-24 months,Medium Value,Low-Med Value / Low Risk,5,Fiber optic
8996-ZROXE,No,0.0464,Low Risk,53.5,3035.8,2.48,One year,57,49+ months,Medium Value,Low-Med Value / Low Risk,4,DSL
5598-IKHQQ,No,0.003,Low Risk,25.45,1866.45,0.08,Two year,72,49+ months,Medium Value,Low-Med Value / Low Risk,2,No
0397-ZXWQF,No,0.0028,Low Risk,20.5,1430.95,0.06,Two year,67,49+ months,Medium Value,Low-Med Value / Low Risk,1,No
5266-PFRQK,No,0.0117,Low Risk,20.85,1071.6,0.24,One year,52,49+ months,Medium Value,Low-Med Value / Low Risk,1,No
4674-HGNUA,No,0.0098,Low Risk,89.9,6457.15,0.88,Two year,71,49+ months,High Value,High Value / Low Risk,9,DSL
6765-MBQNU,No,0.0484,Low Risk,26.0,684.05,1.26,One year,26,25-48 months,Medium Value,Low-Med Value / Low Risk,2,No
9786-IJYDL,No,0.1309,Low Risk,113.2,3914.05,14.82,Two year,35,25-48 months,High Value,High Value / Low Risk,9,Fiber optic
1303-SRDOK,No,0.0493,Low Risk,69.05,3842.6,3.4,Two year,55,49+ months,High Value,High Value / Low Risk,2,Fiber optic
3769-MHZNV,No,0.0113,Low Risk,20.1,670.35,0.23,Two year,33,25-48 months,Medium Value,Low-Med Value / Low Risk,1,No
6295-OSINB,No,0.1037,Low Risk,109.65,7880.25,11.37,Two year,72,49+ months,High Value,High Value / Low Risk,8,Fiber optic
3308-MHOOC,No,0.2187,Low Risk,19.2,19.2,4.2,Month-to-month,1,0-12 months,Low Value,Low-Med Value / Low Risk,1,No
2309-OSFEU,Yes,0.5419,High Risk,33.9,298.45,18.37,Month-to-month,10,0-12 months,Low Value,Low-Med Value / High Risk,2,DSL
2207-QPJED,No,0.3494,Medium Risk,90.0,3371.75,31.45,Month-to-month,37,25-48 months,Medium Value,Low-Med Value / Low Risk,5,Fiber optic
4177-JPDFU,No,0.2602,Medium Risk,34.0,442.45,8.85,Month-to-month,12,0-12 months,Medium Value,Low-Med Value / Low Risk,3,DSL
2239-CFOUJ,No,0.0884,Low Risk,20.4,20.4,1.8,One year,1,0-12 months,Low Value,Low-Med Value / Low Risk,1,No
8046-DNVTL,No,0.0098,Low Risk,38.6,2345.55,0.38,Two year,62,49+ months,Medium Value,Low-Med Value / Low Risk,4,DSL
2209-XADXF,No,0.466,Medium Risk,25.25,25.25,11.77,Month-to-month,1,0-12 months,Low Value,Low-Med Value / Low Risk,1,DSL
6620-JDYNW,No,0.258,Medium Risk,60.6,1156.35,15.63,Month-to-month,18,13-24 months,Medium Value,Low-Med Value / Low Risk,5,DSL
1891-FZYSA,Yes,0.3331,Medium Risk,89.95,6143.15,29.96,Month-to-month,69,49+ months,High Value,High Value / Low Risk,5,Fiber optic
4770-UEZOX,No,0.6612,High Risk,74.75,144.8,49.42,Month-to-month,2,0-12 months,Low Value,Low-Med Value / High Risk,3,Fiber optic
1038-RQOST,No,0.0776,Low Risk,20.6,414.95,1.6,Month-to-month,19,13-24 months,Medium Value,Low-Med Value / Low Risk,1,No
7613-LLQFO,Yes,0.7421,High Risk,84.45,1059.55,62.67,Month-to-month,12,0-12 months,Medium Value,Low-Med Value / High Risk,4,Fiber optic
4568-TTZRT,No,0.1407,Low Risk,20.4,181.8,2.87,Month-to-month,9,0-12 months,Low Value,Low-Med Value / Low Risk,1,No
9513-DXHDA,No,0.0963,Low Risk,81.7,2212.55,7.87,One year,27,25-48 months,Medium Value,Low-Med Value / Low Risk,7,DSL
2640-PMGFL,Yes,0.4323,Medium Risk,79.5,2180.55,34.37,Month-to-month,27,25-48 months,Medium Value,Low-Med Value / Low Risk,4,Fiber optic
3801-HMYNL,Yes,0.6098,High Risk,89.15,89.15,54.36,Month-to-month,1,0-12 months,Low Value,Low-Med Value / High Risk,4,Fiber optic
0516-QREYC,No,0.1175,Low Risk,20.3,459.95,2.38,Month-to-month,24,13-24 months,Medium Value,Low-Med Value / Low Risk,1,No
9685-WKZGT,Yes,0.7038,High Risk,74.95,1036.75,52.75,Month-to-month,14,13-24 months,Medium Value,Low-Med Value / High Risk,3,Fiber optic
6022-UGGSO,Yes,0.4406,Medium Risk,74.4,2276.95,32.78,Month-to-month,32,25-48 months,Medium Value,Low-Med Value / Low Risk,3,Fiber optic
8084-OIVBS,No,0.0686,Low Risk,20.0,211.95,1.37,One year,11,0-12 months,Low Value,Low-Med Value / Low Risk,1,No
8896-BQTTI,No,0.3153,Medium Risk,25.0,25.0,7.88,Month-to-month,1,0-12 months,Low Value,Low-Med Value / Low Risk,2,No
3865-QBWSJ,No,0.3013,Medium Risk,80.45,3162.65,24.24,Month-to-month,38,25-48 months,Medium Value,Low-Med Value / Low Risk,4,Fiber optic
3352-RICWQ,No,0.0342,Low Risk,19.75,210.65,0.67,Two year,9,0-12 months,Low Value,Low-Med Value / Low Risk,1,No
2160-GPFXD,No,0.0114,Low Risk,65.65,3566.7,0.75,Two year,54,49+ months,Medium Value,Low-Med Value / Low Risk,6,DSL
2065-MMKGR,No,0.2147,Low Risk,71.0,2080.1,15.25,One year,29,25-48 months,Medium Value,Low-Med Value / Low Risk,5,DSL
5857-TYBCJ,No,0.5602,High Risk,89.2,4040.2,49.97,Month-to-month,44,25-48 months,High Value,High Value / High Risk,5,Fiber optic
1498-NHTLT,No,0.0212,Low Risk,86.75,5186.0,1.84,Two year,59,49+ months,High Value,High Value / Low Risk,8,DSL
4484-CGXFK,Yes,0.5521,High Risk,55.3,196.15,30.53,Month-to-month,3,0-12 months,Low Value,Low-Med Value / High Risk,3,DSL
1402-PTHGN,No,0.0585,Low Risk,61.5,1087.45,3.6,One year,18,13-24 months,Medium Value,Low-Med Value / Low Risk,5,DSL
4176-RELJR,No,0.0044,Low Risk,25.1,1672.15,0.11,Two year,67,49+ months,Medium Value,Low-Med Value / Low Risk,2,No
6214-EDAKZ,Yes,0.1333,Low Risk,55.15,1206.05,7.35,Month-to-month,22,13-24 months,Medium Value,Low-Med Value / Low Risk,4,DSL
5199-FPUSP,No,0.0379,Low Risk,34.05,1113.95,1.29,One year,33,25-48 months,Medium Value,Low-Med Value / Low Risk,3,DSL
6377-KSLXC,No,0.166,Low Risk,19.95,107.05,3.31,Month-to-month,5,0-12 months,Low Value,Low-Med Value / Low Risk,1,No
1796-JANOW,No,0.1828,Low Risk,19.95,38.15,3.65,Month-to-month,2,0-12 months,Low Value,Low-Med Value / Low Risk,1,No
0238-WHBIQ,No,0.0091,Low Risk,89.7,6339.3,0.81,Two year,72,49+ months,High Value,High Value / Low Risk,9,DSL
8735-NBLWT,No,0.1155,Low Risk,20.4,184.1,2.36,Month-to-month,9,0-12 months,Low Value,Low-Med Value / Low Risk,1,No
6651-RLGGM,No,0.0034,Low Risk,26.3,1688.9,0.09,Two year,67,49+ months,Medium Value,Low-Med Value / Low Risk,2,No
6127-ISGTU,Yes,0.7147,High Risk,84.95,1378.25,60.71,Month-to-month,16,13-24 months,Medium Value,Low-Med Value / High Risk,4,Fiber optic
1614-JBEBI,No,0.1939,Low Risk,20.7,137.6,4.01,Month-to-month,8,0-12 months,Low Value,Low-Med Value / Low Risk,1,No
8740-XLHDR,Yes,0.3046,Medium Risk,43.25,219.0,13.18,Month-to-month,5,0-12 months,Low Value,Low-Med Value / Low Risk,5,DSL
1208-DNHLN,Yes,0.1416,Low Risk,48.35,1067.15,6.84,One year,23,13-24 months,Medium Value,Low-Med Value / Low Risk,3,DSL
1761-AEZZR,Yes,0.7511,Critical Risk,79.55,79.55,59.75,Month-to-month,1,0-12 months,Low Value,Low-Med Value / High Risk,3,Fiber optic
3923-CSIHK,Yes,0.3276,Medium Risk,71.05,3444.85,23.27,Month-to-month,50,49+ months,Medium Value,Low-Med Value / Low Risk,2,Fiber optic
5696-EXCYS,No,0.0269,Low Risk,19.45,369.05,0.52,Two year,17,13-24 months,Low Value,Low-Med Value / Low Risk,1,No
5795-KTGUD,No,0.0795,Low Risk,110.8,7553.6,8.81,Two year,68,49+ months,High Value,High Value / Low Risk,8,Fiber optic
7120-RFMVS,Yes,0.7353,High Risk,84.5,84.5,62.13,Month-to-month,1,0-12 months,Low Value,Low-Med Value / High Risk,4,Fiber optic
7924-GJZFI,No,0.5525,High Risk,69.3,1813.1,38.29,Month-to-month,25,25-48 months,Medium Value,Low-Med Value / High Risk,2,Fiber optic
4702-HDRKD,No,0.0252,Low Risk,49.35,3321.35,1.24,One year,67,49+ months,Medium Value,Low-Med Value / Low Risk,5,DSL
8512-WIWYV,No,0.0251,Low Risk,20.35,707.5,0.51,One year,32,25-48 months,Medium Value,Low-Med Value / Low Risk,1,No
5897-ZYEKH,No,0.215,Low Risk,105.6,7112.15,22.7,One year,67,49+ months,High Value,High Value / Low Risk,7,Fiber optic
5456-ITGIC,No,0.0168,Low Risk,64.45,4641.1,1.08,Two year,72,49+ months,High Value,High Value / Low Risk,7,DSL
7317-GGVPB,Yes,0.076,Low Risk,108.6,7690.9,8.26,Two year,71,49+ months,High Value,High Value / Low Risk,8,Fiber optic
1406-PUQVY,No,0.4213,Medium Risk,49.9,49.9,21.02,Month-to-month,1,0-12 months,Low Value,Low-Med Value / Low Risk,3,DSL
1322-AGOQM,Yes,0.0928,Low Risk,30.3,1380.1,2.81,Month-to-month,46,25-48 months,Medium Value,Low-Med Value / Low Risk,2,DSL
3677-IYRBF,Yes,0.6623,High Risk,30.4,78.65,20.13,Month-to-month,2,0-12 months,Low Value,Low-Med Value / High Risk,2,DSL
5692-FPTAH,Yes,0.436,Medium Risk,45.4,45.4,19.8,Month-to-month,1,0-12 months,Low Value,Low-Med Value / Low Risk,2,DSL
9114-AAFQH,No,0.0901,Low Risk,65.65,3094.65,5.91,One year,48,25-48 months,Medium Value,Low-Med Value / Low Risk,5,DSL
8715-KKTFG,No,0.1938,Low Risk,103.3,6518.35,20.02,One year,61,49+ months,High Value,High Value / Low Risk,7,Fiber optic
1550-LOAHA,Yes,0.3067,Medium Risk,84.15,2585.95,25.8,Month-to-month,32,25-48 months,Medium Value,Low-Med Value / Low Risk,4,Fiber optic
1728-BQDMA,No,0.4158,Medium Risk,44.45,82.7,18.48,Month-to-month,2,0-12 months,Low Value,Low-Med Value / Low Risk,2,DSL
0268-QKIWO,Yes,0.2265,Low Risk,19.75,58.85,4.47,Month-to-month,3,0-12 months,Low Value,Low-Med Value / Low Risk,1,No
0876-WDUUZ,Yes,0.5378,High Risk,85.4,425.9,45.93,Month-to-month,5,0-12 months,Medium Value,Low-Med Value / High Risk,4,Fiber optic
5117-ZSMHQ,No,0.0097,Low Risk,89.9,6342.7,0.87,Two year,71,49+ months,High Value,High Value / Low Risk,9,DSL
5151-HQRDG,No,0.1505,Low Risk,55.05,2030.75,8.29,Month-to-month,37,25-48 months,Medium Value,Low-Med Value / Low Risk,4,DSL
0960-HUWBM,No,0.08,Low Risk,104.1,6700.05,8.32,Two year,65,49+ months,High Value,High Value / Low Risk,7,Fiber optic
6465-GSRCL,No,0.1188,Low Risk,106.6,7244.7,12.67,One year,67,49+ months,High Value,High Value / Low Risk,7,Fiber optic
0617-FHSGK,Yes,0.1867,Low Risk,75.2,3678.3,14.04,Month-to-month,49,49+ months,Medium Value,Low-Med Value / Low Risk,3,Fiber optic
0263-FJTQO,No,0.0203,Low Risk,70.5,3486.65,1.43,Two year,50,49+ months,Medium Value,Low-Med Value / Low Risk,6,DSL
7319-ZNRTR,No,0.0413,Low Risk,19.6,411.15,0.81,One year,25,25-48 months,Medium Value,Low-Med Value / Low Risk,1,No
2858-MOFSQ,Yes,0.175,Low Risk,55.85,937.5,9.78,One year,17,13-24 months,Medium Value,Low-Med Value / Low Risk,4,DSL
7503-EPSZW,No,0.0056,Low Risk,24.05,1559.15,0.14,Two year,64,49+ months,Medium Value,Low-Med Value / Low Risk,2,No
7089-XXAYG,No,0.2237,Low Risk,38.1,970.4,8.52,One year,25,25-48 months,Medium Value,Low-Med Value / Low Risk,3,DSL
8118-LSUEL,Yes,0.7183,High Risk,106.4,2483.5,76.43,Month-to-month,23,13-24 months,Medium Value,Low-Med Value / High Risk,7,Fiber optic
8070-AAWZP,No,0.2186,Low Risk,34.25,828.2,7.49,Month-to-month,24,13-24 months,Medium Value,Low-Med Value / Low Risk,3,DSL
1666-JXLKU,No,0.6375,High Risk,100.05,3810.55,63.78,Month-to-month,37,25-48 months,High Value,High Value / High Risk,6,Fiber optic
7855-DIWPO,No,0.5465,High Risk,68.65,1493.2,37.52,Month-to-month,21,13-24 months,Medium Value,Low-Med Value / High Risk,2,Fiber optic
5133-POWUA,No,0.4393,Medium Risk,45.8,45.8,20.12,Month-to-month,1,0-12 months,Low Value,Low-Med Value / Low Risk,2,DSL
5652-MSDEY,No,0.6266,High Risk,75.75,777.3,47.46,Month-to-month,10,0-12 months,Medium Value,Low-Med Value / High Risk,3,Fiber optic
7005-CCBKV,Yes,0.6869,High Risk,84.4,556.35,57.97,Month-to-month,6,0-12 months,Medium Value,Low-Med Value / High Risk,4,Fiber optic
1810-BOHSY,No,0.1462,Low Risk,96.4,4911.05,14.09,One year,51,49+ months,High Value,High Value / Low Risk,6,Fiber optic
1784-BXEFA,No,0.1805,Low Risk,20.55,187.35,3.71,Month-to-month,10,0-12 months,Low Value,Low-Med Value / Low Risk,1,No
7351-MHQVU,No,0.243,Low Risk,50.95,307.6,12.38,Month-to-month,6,0-12 months,Low Value,Low-Med Value / Low Risk,5,DSL
9224-VTYID,No,0.0315,Low Risk,90.5,4318.35,2.85,Two year,47,25-48 months,High Value,High Value / Low Risk,9,DSL
9500-IWPXQ,No,0.0357,Low Risk,79.4,4820.55,2.83,One year,61,49+ months,High Value,High Value / Low Risk,8,DSL
5762-TJXGK,No,0.04,Low Risk,58.75,3038.55,2.35,Two year,52,49+ months,Medium Value,Low-Med Value / Low Risk,6,DSL
4504-YOULA,No,0.1071,Low Risk,59.45,2136.9,6.37,Month-to-month,35,25-48 months,Medium Value,Low-Med Value / Low Risk,5,DSL
5569-IDSEY,No,0.1768,Low Risk,105.7,7472.15,18.69,One year,71,49+ months,High Value,High Value / Low Risk,7,Fiber optic
4250-FDVOU,Yes,0.248,Low Risk,56.25,389.1,13.95,Month-to-month,6,0-12 months,Low Value,Low-Med Value / Low Risk,4,DSL
7284-ZZLOH,No,0.0152,Low Risk,53.3,2296.25,0.81,Two year,45,25-48 months,Medium Value,Low-Med Value / Low Risk,4,DSL
5277-ZLOOR,Yes,0.8131,Critical Risk,85.55,187.45,69.56,Month-to-month,2,0-12 months,Low Value,Low-Med Value / High Risk,4,Fiber optic
2141-RRYGO,Yes,0.4666,Medium Risk,68.65,261.25,32.03,Month-to-month,4,0-12 months,Low Value,Low-Med Value / Low Risk,5,DSL
1777-JYQPJ,No,0.4801,Medium Risk,24.3,38.45,11.67,Month-to-month,2,0-12 months,Low Value,Low-Med Value / Low Risk,1,DSL
6376-GAHQE,Yes,0.6599,High Risk,77.85,299.2,51.38,Month-to-month,4,0-12 months,Low Value,Low-Med Value / High Risk,3,Fiber optic
3401-URHDA,No,0.0225,Low Risk,59.9,3043.6,1.35,One year,51,49+ months,Medium Value,Low-Med Value / Low Risk,5,DSL
1599-EAHXY,No,0.0082,Low Risk,23.95,1506.4,0.2,One year,60,49+ months,Medium Value,Low-Med Value / Low Risk,2,No
8631-XVRZL,No,0.1062,Low Risk,20.15,163.7,2.14,One year,9,0-12 months,Low Value,Low-Med Value / Low Risk,1,No
5052-PNLOS,Yes,0.7211,High Risk,105.35,323.25,75.97,Month-to-month,3,0-12 months,Low Value,Low-Med Value / High Risk,7,Fiber optic
3853-LYGAM,No,0.529,High Risk,95.65,1640.0,50.59,Month-to-month,17,13-24 months,Medium Value,Low-Med Value / High Risk,6,Fiber optic
6979-ZNSFF,Yes,0.755,Critical Risk,87.05,762.1,65.72,Month-to-month,8,0-12 months,Medium Value,Low-Med Value / High Risk,4,Fiber optic
5751-USDBL,No,0.0185,Low Risk,81.0,3846.35,1.5,Two year,46,25-48 months,High Value,High Value / Low Risk,7,DSL
5680-LQOGP,No,0.0129,Low Risk,82.45,5646.6,1.06,Two year,68,49+ months,High Value,High Value / Low Risk,8,DSL
2386-LAHRK,Yes,0.5047,High Risk,53.5,53.5,27.0,Month-to-month,1,0-12 months,Low Value,Low-Med Value / High Risk,3,DSL
8189-DUKMV,No,0.0882,Low Risk,20.5,79.05,1.81,One year,4,0-12 months,Low Value,Low-Med Value / Low Risk,1,No
6032-IGALN,Yes,0.5753,High Risk,25.1,25.1,14.44,Month-to-month,1,0-12 months,Low Value,Low-Med Value / High Risk,1,DSL
9931-DCEZH,No,0.0557,Low Risk,54.4,1516.6,3.03,One year,28,25-48 months,Medium Value,Low-Med Value / Low Risk,4,DSL
1898-JSNDC,No,0.0822,Low Risk,58.6,2224.5,4.82,One year,39,25-48 months,Medium Value,Low-Med Value / Low Risk,4,DSL
0315-LVCRK,No,0.5901,High Risk,84.8,888.75,50.04,Month-to-month,11,0-12 months,Medium Value,Low-Med Value / High Risk,4,Fiber optic
3911-RSNHI,No,0.0205,Low Risk,61.4,4310.35,1.26,Two year,71,49+ months,High Value,High Value / Low Risk,6,DSL
2410-CIYFZ,No,0.1532,Low Risk,20.4,42.9,3.12,Month-to-month,2,0-12 months,Low Value,Low-Med Value / Low Risk,1,No
4248-HCETZ,Yes,0.3932,Medium Risk,79.65,2365.15,31.32,Month-to-month,30,25-48 months,Medium Value,Low-Med Value / Low Risk,4,Fiber optic
5505-OVWQW,No,0.0529,Low Risk,20.15,353.65,1.07,One year,17,13-24 months,Low Value,Low-Med Value / Low Risk,1,No
7271-AJDTL,No,0.3008,Medium Risk,94.45,5073.1,28.41,Month-to-month,55,49+ months,High Value,High Value / Low Risk,6,Fiber optic
1867-TJHTS,No,0.1763,Low Risk,79.8,4526.85,14.07,Month-to-month,58,49+ months,High Value,High Value / Low Risk,4,Fiber optic
0516-WJVXC,Yes,0.2245,Low Risk,54.2,308.25,12.17,Month-to-month,5,0-12 months,Low Value,Low-Med Value / Low Risk,4,DSL
9174-FKWZE,Yes,0.351,Medium Risk,19.45,19.45,6.83,Month-to-month,1,0-12 months,Low Value,Low-Med Value / Low Risk,1,No
6860-YRJZP,No,0.7415,High Risk,74.05,678.45,54.91,Month-to-month,9,0-12 months,Medium Value,Low-Med Value / High Risk,3,Fiber optic
4429-WYGFR,No,0.1162,Low Risk,49.15,1237.3,5.71,Month-to-month,26,25-48 months,Medium Value,Low-Med Value / Low Risk,3,DSL
2817-LVCPP,No,0.0058,Low Risk,19.4,1023.95,0.11,Two year,50,49+ months,Medium Value,Low-Med Value / Low Risk,1,No
5038-ETMLM,No,0.0549,Low Risk,113.65,8182.75,6.24,Two year,72,49+ months,High Value,High Value / Low Risk,9,Fiber optic
5056-FIMPT,No,0.1047,Low Risk,106.0,4532.3,11.1,One year,43,25-48 months,High Value,High Value / Low Risk,7,Fiber optic
4521-WFJAI,No,0.0093,Low Risk,25.95,1444.05,0.24,Two year,56,49+ months,Medium Value,Low-Med Value / Low Risk,2,No
6569-KTMDU,No,0.1922,Low Risk,19.1,19.1,3.67,Month-to-month,1,0-12 months,Low Value,Low-Med Value / Low Risk,1,No
8809-RIHDD,Yes,0.1138,Low Risk,103.4,7372.65,11.77,Two year,72,49+ months,High Value,High Value / Low Risk,7,Fiber optic
8809-XKHMD,No,0.0379,Low Risk,100.55,7325.1,3.81,Two year,72,49+ months,High Value,High Value / Low Risk,7,Fiber optic
0396-YCHWO,No,0.6492,High Risk,95.4,3474.2,61.93,Month-to-month,36,25-48 months,Medium Value,Low-Med Value / High Risk,5,Fiber optic
0867-LDTTC,No,0.3159,Medium Risk,75.15,392.65,23.74,Month-to-month,5,0-12 months,Low Value,Low-Med Value / Low Risk,6,DSL
4822-NGOCH,Yes,0.6331,High Risk,84.45,1058.6,53.46,Month-to-month,13,13-24 months,Medium Value,Low-Med Value / High Risk,5,Fiber optic
9391-DXGGG,No,0.1482,Low Risk,89.15,3990.75,13.21,One year,44,25-48 months,High Value,High Value / Low Risk,5,Fiber optic
9844-FELAJ,No,0.1773,Low Risk,107.9,7475.85,19.14,One year,70,49+ months,High Value,High Value / Low Risk,8,Fiber optic
2122-SZZZD,No,0.0144,Low Risk,19.5,835.5,0.28,One year,44,25-48 months,Medium Value,Low-Med Value / Low Risk,1,No
5307-DZCVC,Yes,0.5253,High Risk,85.95,2628.6,45.15,Month-to-month,32,25-48 months,Medium Value,Low-Med Value / High Risk,4,Fiber optic
3148-AOIQT,No,0.005,Low Risk,24.95,1718.35,0.13,Two year,69,49+ months,Medium Value,Low-Med Value / Low Risk,2,No
8679-JOEVF,Yes,0.2999,Medium Risk,59.4,1023.9,17.81,Month-to-month,16,13-24 months,Medium Value,Low-Med Value / Low Risk,4,DSL
8395-ETZKQ,No,0.0045,Low Risk,19.5,1193.55,0.09,One year,68,49+ months,Medium Value,Low-Med Value / Low Risk,1,No
6692-YQHXC,No,0.489,Medium Risk,69.95,1205.5,34.2,Month-to-month,16,13-24 months,Medium Value,Low-Med Value / Low Risk,2,Fiber optic
3889-VWBID,No,0.0075,Low Risk,82.85,5776.45,0.62,Two year,68,49+ months,High Value,High Value / Low Risk,7,DSL
5222-JCXZT,No,0.1747,Low Risk,19.0,78.9,3.32,Month-to-month,4,0-12 months,Low Value,Low-Med Value / Low Risk,1,No
9754-CLVZW,No,0.0848,Low Risk,38.85,1025.15,3.29,Month-to-month,26,25-48 months,Medium Value,Low-Med Value / Low Risk,4,DSL
1432-FPAXX,Yes,0.3081,Medium Risk,30.6,856.35,9.43,Month-to-month,29,25-48 months,Medium Value,Low-Med Value / Low Risk,2,DSL
2739-CCZMB,No,0.1247,Low Risk,20.35,122.0,2.54,Month-to-month,5,0-12 months,Low Value,Low-Med Value / Low Risk,1,No
7080-TNUWP,No,0.1305,Low Risk,95.0,6602.9,12.4,One year,70,49+ months,High Value,High Value / Low Risk,6,Fiber optic
0496-AHOOK,No,0.0775,Low Risk,74.4,1712.9,5.77,One year,24,13-24 months,Medium Value,Low-Med Value / Low Risk,6,DSL
8336-TAVKX,No,0.0094,Low Risk,78.45,5682.25,0.74,Two year,72,49+ months,High Value,High Value / Low Risk,8,DSL
2468-SJFLM,No,0.5497,High Risk,74.3,74.3,40.84,Month-to-month,1,0-12 months,Low Value,Low-Med Value / High Risk,3,Fiber optic
3181-VTHOE,No,0.0295,Low Risk,51.05,3635.15,1.5,One year,70,49+ months,Medium Value,Low-Med Value / Low Risk,5,DSL
7168-HDQHG,No,0.0342,Low Risk,19.2,702.9,0.66,Month-to-month,36,25-48 months,Medium Value,Low-Med Value / Low Risk,1,No
4803-AXVYP,Yes,0.5783,High Risk,99.55,3734.25,57.57,Month-to-month,38,25-48 months,Medium Value,Low-Med Value / High Risk,6,Fiber optic
3884-HCSWG,Yes,0.571,High Risk,70.0,1144.5,39.97,Month-to-month,17,13-24 months,Medium Value,Low-Med Value / High Risk,2,Fiber optic
4567-AKPIA,No,0.214,Low Risk,109.1,4454.25,23.35,One year,41,25-48 months,High Value,High Value / Low Risk,8,Fiber optic
5077-DXTCG,Yes,0.5142,High Risk,45.3,45.3,23.29,Month-to-month,1,0-12 months,Low Value,Low-Med Value / High Risk,2,DSL
1142-WACZW,Yes,0.3718,Medium Risk,29.85,75.6,11.1,Month-to-month,2,0-12 months,Low Value,Low-Med Value / Low Risk,2,DSL
7901-HXJVA,No,0.5038,High Risk,76.45,1117.55,38.51,Month-to-month,14,13-24 months,Medium Value,Low-Med Value / High Risk,3,Fiber optic
5649-ANRML,Yes,0.5496,High Risk,95.1,180.25,52.27,Month-to-month,2,0-12 months,Low Value,Low-Med Value / High Risk,6,Fiber optic
4892-VLANZ,Yes,0.1935,Low Risk,19.8,19.8,3.83,Month-to-month,1,0-12 months,Low Value,Low-Med Value / Low Risk,1,No
5924-IFQTT,No,0.3584,Medium Risk,72.8,930.05,26.09,Month-to-month,13,13-24 months,Medium Value,Low-Med Value / Low Risk,7,DSL
7968-QUXNS,No,0.1615,Low Risk,18.95,110.15,3.06,Month-to-month,6,0-12 months,Low Value,Low-Med Value / Low Risk,1,No
2919-HBCJO,Yes,0.544,High Risk,76.65,333.6,41.69,Month-to-month,4,0-12 months,Low Value,Low-Med Value / High Risk,3,Fiber optic
4236-XPXAV,Yes,0.5313,High Risk,99.15,465.05,52.68,Month-to-month,5,0-12 months,Medium Value,Low-Med Value / High Risk,6,Fiber optic
8903-WMRNW,No,0.5251,High Risk,101.75,1669.4,53.43,Month-to-month,15,13-24 months,Medium Value,Low-Med Value / High Risk,6,Fiber optic
2452-SNHFZ,No,0.1289,Low Risk,75.45,3545.1,9.73,Month-to-month,47,25-48 months,Medium Value,Low-Med Value / Low Risk,3,Fiber optic
3629-WEAAM,No,0.2583,Medium Risk,64.1,504.05,16.56,Month-to-month,8,0-12 months,Medium Value,Low-Med Value / Low Risk,5,DSL
6029-CSMJE,No,0.3994,Medium Risk,25.65,440.2,10.25,Month-to-month,17,13-24 months,Medium Value,Low-Med Value / Low Risk,1,DSL
7993-NQLJE,No,0.288,Medium Risk,75.1,1151.55,21.63,Month-to-month,15,13-24 months,Medium Value,Low-Med Value / Low Risk,3,Fiber optic
9909-DFRJA,No,0.1714,Low Risk,95.85,2475.35,16.43,One year,26,25-48 months,Medium Value,Low-Med Value / Low Risk,6,Fiber optic
9099-FTUHS,No,0.2169,Low Risk,54.4,1249.25,11.8,Month-to-month,23,13-24 months,Medium Value,Low-Med Value / Low Risk,4,DSL
0581-BXBUB,No,0.5979,High Risk,72.75,317.75,43.5,Month-to-month,4,0-12 months,Low Value,Low-Med Value / High Risk,3,Fiber optic
4962-CHQPW,No,0.0252,Low Risk,19.85,535.05,0.5,One year,29,25-48 months,Medium Value,Low-Med Value / Low Risk,1,No
9467-ROOLM,No,0.0718,Low Risk,19.05,461.3,1.37,Month-to-month,25,25-48 months,Medium Value,Low-Med Value / Low Risk,1,No
3030-YZADT,Yes,0.2854,Medium Risk,44.95,431.0,12.83,Month-to-month,9,0-12 months,Medium Value,Low-Med Value / Low Risk,2,DSL
7410-KTVFV,Yes,0.2851,Medium Risk,49.55,878.35,14.13,Month-to-month,18,13-24 months,Medium Value,Low-Med Value / Low Risk,3,DSL
5150-ITWWB,No,0.8463,Critical Risk,94.85,335.75,80.27,Month-to-month,3,0-12 months,Low Value,Low-Med Value / High Risk,5,Fiber optic
2253-KPMNB,No,0.0042,Low Risk,46.25,3121.4,0.2,Two year,69,49+ months,Medium Value,Low-Med Value / Low Risk,5,DSL
1345-ZUKID,No,0.0628,Low Risk,19.35,324.8,1.21,One year,14,13-24 months,Low Value,Low-Med Value / Low Risk,1,No
6429-SHBCB,No,0.3835,Medium Risk,69.6,1394.55,26.69,Month-to-month,19,13-24 months,Medium Value,Low-Med Value / Low Risk,5,DSL
9281-OFDMF,No,0.4501,Medium Risk,90.7,3413.25,40.83,Month-to-month,39,25-48 months,Medium Value,Low-Med Value / Low Risk,5,Fiber optic
2603-HVKCG,No,0.5624,High Risk,101.4,3143.65,57.03,Month-to-month,31,25-48 months,Medium Value,Low-Med Value / High Risk,6,Fiber optic
1834-WULEG,No,0.032,Low Risk,20.25,439.75,0.65,One year,24,13-24 months,Medium Value,Low-Med Value / Low Risk,1,No
9097-ZUBYC,No,0.1793,Low Risk,48.8,664.4,8.75,Month-to-month,14,13-24 months,Medium Value,Low-Med Value / Low Risk,3,DSL
5148-ORICT,No,0.0113,Low Risk,74.35,4759.55,0.84,Two year,64,49+ months,High Value,High Value / Low Risk,7,DSL
4893-GYUJU,No,0.0174,Low Risk,19.35,1033.0,0.34,One year,50,49+ months,Medium Value,Low-Med Value / Low Risk,1,No
4578-PHJYZ,No,0.0486,Low Risk,68.75,3482.85,3.34,One year,52,49+ months,Medium Value,Low-Med Value / Low Risk,6,DSL
7272-QDCKA,No,0.3983,Medium Risk,100.2,2688.45,39.91,One year,28,25-48 months,Medium Value,Low-Med Value / Low Risk,6,Fiber optic
8908-SLFCJ,No,0.0307,Low Risk,20.85,435.25,0.64,Two year,21,13-24 months,Medium Value,Low-Med Value / Low Risk,1,No
8393-DLHGA,Yes,0.5552,High Risk,95.9,2448.75,53.24,Month-to-month,25,25-48 months,Medium Value,Low-Med Value / High Risk,5,Fiber optic
9766-HGEDE,No,0.0541,Low Risk,19.35,307.0,1.05,One year,17,13-24 months,Low Value,Low-Med Value / Low Risk,1,No
6968-MHOMU,No,0.0908,Low Risk,45.0,2689.35,4.09,One year,58,49+ months,Medium Value,Low-Med Value / Low Risk,3,DSL
7395-IGJOS,Yes,0.4897,Medium Risk,81.5,1329.2,39.91,Month-to-month,17,13-24 months,Medium Value,Low-Med Value / Low Risk,3,Fiber optic
5044-XDPYX,No,0.0086,Low Risk,25.5,1281.25,0.22,Two year,51,49+ months,Medium Value,Low-Med Value / Low Risk,2,No
1814-WFGVS,No,0.0067,Low Risk,48.9,3527.0,0.33,Two year,72,49+ months,Medium Value,Low-Med Value / Low Risk,5,DSL
2834-SPCJV,Yes,0.2181,Low Risk,84.1,4348.65,18.34,Month-to-month,52,49+ months,High Value,High Value / Low Risk,4,Fiber optic
3721-WKIIL,No,0.0265,Low Risk,19.6,561.15,0.52,Two year,27,25-48 months,Medium Value,Low-Med Value / Low Risk,1,No
6734-CKRSM,No,0.176,Low Risk,20.0,63.6,3.52,Month-to-month,3,0-12 months,Low Value,Low-Med Value / Low Risk,1,No
1265-ZFOSD,No,0.0158,Low Risk,81.3,5129.3,1.28,Two year,64,49+ months,High Value,High Value / Low Risk,8,DSL
6568-POCUI,No,0.1115,Low Risk,95.2,4285.8,10.61,Two year,45,25-48 months,High Value,High Value / Low Risk,5,Fiber optic
7890-VYYWG,Yes,0.6455,High Risk,36.45,93.7,23.53,Month-to-month,3,0-12 months,Low Value,Low-Med Value / High Risk,2,DSL
5197-LQXXH,No,0.0237,Low Risk,83.3,5894.5,1.97,Two year,71,49+ months,High Value,High Value / Low Risk,8,DSL
9907-SWKKF,Yes,0.5198,High Risk,25.05,25.05,13.02,Month-to-month,1,0-12 months,Low Value,Low-Med Value / High Risk,1,DSL
3457-PQBYH,No,0.0032,Low Risk,20.3,1160.75,0.06,Two year,58,49+ months,Medium Value,Low-Med Value / Low Risk,1,No
7682-AZNDK,No,0.4227,Medium Risk,89.85,3091.75,37.98,Month-to-month,34,25-48 months,Medium Value,Low-Med Value / Low Risk,5,Fiber optic
0587-DMGBH,Yes,0.344,Medium Risk,49.85,365.55,17.15,Month-to-month,8,0-12 months,Low Value,Low-Med Value / Low Risk,3,DSL
5384-ZTTWP,No,0.0903,Low Risk,19.8,272.95,1.79,Month-to-month,15,13-24 months,Low Value,Low-Med Value / Low Risk,1,No
3745-HRPHI,No,0.0163,Low Risk,54.65,3632.0,0.89,Two year,66,49+ months,Medium Value,Low-Med Value / Low Risk,5,DSL
7636-OWBPG,No,0.4307,Medium Risk,29.35,381.2,12.64,Month-to-month,12,0-12 months,Low Value,Low-Med Value / Low Risk,2,DSL
1231-YNDEK,No,0.006,Low Risk,19.15,1035.5,0.11,Two year,58,49+ months,Medium Value,Low-Med Value / Low Risk,1,No
1407-DIGZV,No,0.0448,Low Risk,19.1,52.0,0.86,Two year,3,0-12 months,Low Value,Low-Med Value / Low Risk,1,No
6397-JNZZG,Yes,0.1975,Low Risk,55.55,2342.2,10.97,Month-to-month,43,25-48 months,Medium Value,Low-Med Value / Low Risk,5,DSL
0570-BFQHT,No,0.4954,Medium Risk,80.55,653.9,39.9,Month-to-month,9,0-12 months,Medium Value,Low-Med Value / Low Risk,4,Fiber optic
4393-OBCRR,No,0.0965,Low Risk,20.25,71.2,1.95,One year,3,0-12 months,Low Value,Low-Med Value / Low Risk,1,No
3523-QRQLL,Yes,0.1575,Low Risk,69.5,1498.2,10.95,One year,22,13-24 months,Medium Value,Low-Med Value / Low Risk,5,DSL
8564-LDKFL,No,0.3263,Medium Risk,106.0,4178.65,34.59,One year,40,25-48 months,High Value,High Value / Low Risk,7,Fiber optic
3696-DFHHB,No,0.0038,Low Risk,25.5,1821.8,0.1,Two year,68,49+ months,Medium Value,Low-Med Value / Low Risk,2,No
0895-DQHEW,Yes,0.4788,Medium Risk,104.3,5278.15,49.94,Month-to-month,54,49+ months,High Value,High Value / Low Risk,7,Fiber optic
4717-GHADL,No,0.0485,Low Risk,79.6,4024.2,3.86,Two year,50,49+ months,High Value,High Value / Low Risk,7,DSL
5501-TVMGM,No,0.5745,High Risk,55.25,55.25,31.74,Month-to-month,1,0-12 months,Low Value,Low-Med Value / High Risk,3,DSL
5879-HMFFH,No,0.0124,Low Risk,88.05,6520.8,1.09,Two year,72,49+ months,High Value,High Value / Low Risk,9,DSL
6772-WFQRD,No,0.0208,Low Risk,20.4,854.9,0.42,One year,40,25-48 months,Medium Value,Low-Med Value / Low Risk,1,No
3810-DVDQQ,No,0.0426,Low Risk,117.6,8308.9,5.01,Two year,72,49+ months,High Value,High Value / Low Risk,9,Fiber optic
6972-SNKKW,No,0.1562,Low Risk,20.0,109.2,3.12,Month-to-month,6,0-12 months,Low Value,Low-Med Value / Low Risk,1,No
3694-GLTJM,No,0.203,Low Risk,19.65,92.05,3.99,Month-to-month,5,0-12 months,Low Value,Low-Med Value / Low Risk,1,No
8550-XSXUQ,No,0.0874,Low Risk,70.55,3420.5,6.16,One year,48,25-48 months,Medium Value,Low-Med Value / Low Risk,6,DSL
8149-RSOUN,Yes,0.8326,Critical Risk,93.85,93.85,78.14,Month-to-month,1,0-12 months,Low Value,Low-Med Value / High Risk,5,Fiber optic
9055-MOJJJ,No,0.0121,Low Risk,65.8,4068.0,0.8,One year,64,49+ months,High Value,High Value / Low Risk,5,DSL
4359-INNWN,No,0.0478,Low Risk,20.05,337.9,0.96,One year,17,13-24 months,Low Value,Low-Med Value / Low Risk,1,No
0585-EGDDA,No,0.355,Medium Risk,80.0,3168.75,28.4,Month-to-month,40,25-48 months,Medium Value,Low-Med Value / Low Risk,4,Fiber optic
4032-RMHCI,No,0.0368,Low Risk,35.4,1412.4,1.3,One year,41,25-48 months,Medium Value,Low-Med Value / Low Risk,3,DSL
0549-CYCQN,No,0.1704,Low Risk,79.6,3974.7,13.56,One year,51,49+ months,High Value,High Value / Low Risk,4,Fiber optic
3481-JHUZH,No,0.4348,Medium Risk,80.25,3439.0,34.9,Month-to-month,41,25-48 months,Medium Value,Low-Med Value / Low Risk,4,Fiber optic
7250-EQKIY,Yes,0.2943,Medium Risk,50.45,50.45,14.85,Month-to-month,1,0-12 months,Low Value,Low-Med Value / Low Risk,3,DSL
3594-IVHJZ,No,0.2431,Low Risk,20.45,42.45,4.97,Month-to-month,2,0-12 months,Low Value,Low-Med Value / Low Risk,1,No
6869-FGJJC,No,0.0481,Low Risk,79.6,5461.45,3.83,One year,68,49+ months,High Value,High Value / Low Risk,4,Fiber optic
3896-ZVNET,No,0.0232,Low Risk,24.7,571.75,0.57,Two year,24,13-24 months,Medium Value,Low-Med Value / Low Risk,2,No
8205-VSLRB,No,0.0095,Low Risk,77.3,5498.2,0.73,Two year,70,49+ months,High Value,High Value / Low Risk,7,DSL
5960-MVTUK,No,0.545,High Risk,29.75,96.85,16.21,Month-to-month,3,0-12 months,Low Value,Low-Med Value / High Risk,2,DSL
6817-WTYHE,No,0.3317,Medium Risk,44.9,111.05,14.89,Month-to-month,2,0-12 months,Low Value,Low-Med Value / Low Risk,2,DSL
3082-VQXNH,No,0.4045,Medium Risk,29.8,94.4,12.05,Month-to-month,3,0-12 months,Low Value,Low-Med Value / Low Risk,2,DSL
4013-UBXWQ,Yes,0.5548,High Risk,74.65,521.1,41.42,Month-to-month,7,0-12 months,Medium Value,Low-Med Value / High Risk,6,DSL
4931-TRZWN,No,0.4087,Medium Risk,71.95,923.85,29.41,Month-to-month,13,13-24 months,Medium Value,Low-Med Value / Low Risk,5,DSL
0750-EKNGL,No,0.1515,Low Risk,20.75,141.1,3.14,Month-to-month,7,0-12 months,Low Value,Low-Med Value / Low Risk,1,No
7669-LCRSD,No,0.3396,Medium Risk,56.3,628.65,19.12,Month-to-month,12,0-12 months,Medium Value,Low-Med Value / Low Risk,3,DSL
3567-PQTSO,No,0.2896,Medium Risk,105.25,5576.3,30.48,One year,53,49+ months,High Value,High Value / Low Risk,7,Fiber optic
5519-NPHVG,Yes,0.7786,Critical Risk,94.2,1046.1,73.34,Month-to-month,12,0-12 months,Medium Value,Low-Med Value / High Risk,5,Fiber optic
8043-PNYSD,No,0.0029,Low Risk,19.55,1245.6,0.06,Two year,63,49+ months,Medium Value,Low-Med Value / Low Risk,1,No
9938-EKRGF,No,0.1652,Low Risk,84.45,1287.85,13.95,Month-to-month,15,13-24 months,Medium Value,Low-Med Value / Low Risk,8,DSL
2703-AMTUL,No,0.0316,Low Risk,53.65,1939.35,1.69,One year,36,25-48 months,Medium Value,Low-Med Value / Low Risk,4,DSL
0928-JMXNP,No,0.6527,High Risk,29.9,118.25,19.52,Month-to-month,4,0-12 months,Low Value,Low-Med Value / High Risk,2,DSL
8173-RXAYP,No,0.0171,Low Risk,19.7,452.55,0.34,Two year,24,13-24 months,Medium Value,Low-Med Value / Low Risk,1,No
4825-XJGDM,No,0.0133,Low Risk,43.7,2696.55,0.58,One year,61,49+ months,Medium Value,Low-Med Value / Low Risk,5,DSL
5402-HTOTQ,No,0.319,Medium Risk,55.3,875.35,17.64,Month-to-month,16,13-24 months,Medium Value,Low-Med Value / Low Risk,4,DSL
6734-JDTTV,No,0.0034,Low Risk,19.85,1267.05,0.07,Two year,65,49+ months,Medium Value,Low-Med Value / Low Risk,1,No
7850-THJMU,No,0.0141,Low Risk,19.65,494.9,0.28,Two year,26,25-48 months,Medium Value,Low-Med Value / Low Risk,1,No
3890-RTCMS,No,0.2336,Low Risk,49.45,799.0,11.55,Month-to-month,16,13-24 months,Medium Value,Low-Med Value / Low Risk,3,DSL
8849-GYOKR,Yes,0.1352,Low Risk,106.55,5763.3,14.41,One year,54,49+ months,High Value,High Value / Low Risk,7,Fiber optic
3148-BLQJT,Yes,0.1927,Low Risk,20.1,20.1,3.87,Month-to-month,1,0-12 months,Low Value,Low-Med Value / Low Risk,1,No
3717-FDJFU,No,0.0401,Low Risk,20.45,106.9,0.82,Two year,5,0-12 months,Low Value,Low-Med Value / Low Risk,1,No
3665-JATSN,No,0.4761,Medium Risk,39.7,710.05,18.9,Month-to-month,19,13-24 months,Medium Value,Low-Med Value / Low Risk,3,DSL
7966-YOTQW,No,0.3088,Medium Risk,54.5,568.2,16.83,Month-to-month,10,0-12 months,Medium Value,Low-Med Value / Low Risk,4,DSL
0461-CVKMU,Yes,0.27,Medium Risk,83.8,1900.25,22.63,Month-to-month,23,13-24 months,Medium Value,Low-Med Value / Low Risk,5,Fiber optic
8806-EAGWC,Yes,0.3874,Medium Risk,55.15,159.15,21.37,Month-to-month,3,0-12 months,Low Value,Low-Med Value / Low Risk,3,DSL
8853-TZDGH,No,0.0737,Low Risk,111.6,8012.75,8.22,Two year,72,49+ months,High Value,High Value / Low Risk,8,Fiber optic
7779-LGOVN,Yes,0.7753,Critical Risk,86.65,856.65,67.18,Month-to-month,10,0-12 months,Medium Value,Low-Med Value / High Risk,4,Fiber optic
4324-BZCKL,No,0.2636,Medium Risk,55.55,551.3,14.64,Month-to-month,10,0-12 months,Medium Value,Low-Med Value / Low Risk,4,DSL
6924-TDGMT,No,0.0986,Low Risk,20.55,184.95,2.03,One year,11,0-12 months,Low Value,Low-Med Value / Low Risk,1,No
9710-ZUSHQ,Yes,0.4493,Medium Risk,106.75,4056.75,47.96,Month-to-month,37,25-48 months,High Value,High Value / Low Risk,7,Fiber optic
1536-YHDOE,No,0.095,Low Risk,62.1,1096.65,5.9,One year,17,13-24 months,Medium Value,Low-Med Value / Low Risk,5,DSL
8123-QBNAZ,No,0.3888,Medium Risk,104.5,3684.95,40.63,Month-to-month,36,25-48 months,Medium Value,Low-Med Value / Low Risk,7,Fiber optic
3629-ZNKXA,No,0.6858,High Risk,101.8,1752.45,69.82,Month-to-month,17,13-24 months,Medium Value,Low-Med Value / High Risk,6,Fiber optic
4827-LTQRJ,No,0.0962,Low Risk,110.6,7210.85,10.64,One year,66,49+ months,High Value,High Value / Low Risk,8,Fiber optic
7711-YIJWC,No,0.018,Low Risk,84.9,5264.5,1.53,One year,61,49+ months,High Value,High Value / Low Risk,8,DSL
5482-VXSXJ,No,0.5669,High Risk,93.2,2157.3,52.83,Month-to-month,22,13-24 months,Medium Value,Low-Med Value / High Risk,5,Fiber optic
7365-BVCJH,No,0.6567,High Risk,24.4,24.4,16.02,Month-to-month,1,0-12 months,Low Value,Low-Med Value / High Risk,1,DSL
9620-ENEJV,No,0.4717,Medium Risk,70.55,433.95,33.28,Month-to-month,6,0-12 months,Medium Value,Low-Med Value / Low Risk,2,Fiber optic
4183-WCSEP,Yes,0.3465,Medium Risk,78.45,2435.15,27.18,Month-to-month,31,25-48 months,Medium Value,Low-Med Value / Low Risk,4,Fiber optic
2378-YIZKA,No,0.01,Low Risk,85.0,5607.75,0.85,Two year,68,49+ months,High Value,High Value / Low Risk,8,DSL
5498-TXHLF,Yes,0.4383,Medium Risk,87.45,2874.15,38.33,Month-to-month,34,25-48 months,Medium Value,Low-Med Value / Low Risk,5,Fiber optic
0689-DSXGL,No,0.0909,Low Risk,85.8,4433.3,7.8,Month-to-month,52,49+ months,High Value,High Value / Low Risk,5,Fiber optic
6818-DJXAA,No,0.5391,High Risk,91.1,964.35,49.11,Month-to-month,10,0-12 months,Medium Value,Low-Med Value / High Risk,5,Fiber optic
9722-UJOJR,Yes,0.4176,Medium Risk,70.75,1974.8,29.55,Month-to-month,29,25-48 months,Medium Value,Low-Med Value / Low Risk,2,Fiber optic
0464-WJTKO,No,0.0017,Low Risk,20.1,1460.85,0.04,Two year,72,49+ months,Medium Value,Low-Med Value / Low Risk,1,No
8902-ZEOVF,No,0.0114,Low Risk,20.05,951.55,0.23,One year,47,25-48 months,Medium Value,Low-Med Value / Low Risk,1,No
6778-EICRF,No,0.1239,Low Risk,74.8,1821.2,9.27,One year,24,13-24 months,Medium Value,Low-Med Value / Low Risk,6,DSL
2662-NNTDK,No,0.0078,Low Risk,24.8,1600.95,0.19,One year,65,49+ months,Medium Value,Low-Med Value / Low Risk,2,No
4132-KALRO,No,0.6895,High Risk,100.85,399.25,69.53,Month-to-month,4,0-12 months,Medium Value,Low-Med Value / High Risk,6,Fiber optic
3902-FOIGH,Yes,0.7805,Critical Risk,101.35,1218.55,79.11,Month-to-month,12,0-12 months,Medium Value,Low-Med Value / High Risk,6,Fiber optic
6772-KSATR,Yes,0.6693,High Risk,81.7,81.7,54.68,Month-to-month,1,0-12 months,Low Value,Low-Med Value / High Risk,4,Fiber optic
7112-OPOTK,Yes,0.3517,Medium Risk,68.25,2171.15,24.0,Month-to-month,33,25-48 months,Medium Value,Low-Med Value / Low Risk,2,Fiber optic
2874-YXVVA,No,0.4596,Medium Risk,105.1,3634.8,48.31,Month-to-month,34,25-48 months,Medium Value,Low-Med Value / Low Risk,7,Fiber optic
1245-HARPS,No,0.0334,Low Risk,20.4,292.4,0.68,Two year,14,13-24 months,Low Value,Low-Med Value / Low Risk,1,No
4210-QFJMF,Yes,0.7297,High Risk,79.15,317.25,57.75,Month-to-month,4,0-12 months,Low Value,Low-Med Value / High Risk,3,Fiber optic
4323-ELYYB,No,0.0525,Low Risk,20.0,218.55,1.05,One year,13,13-24 months,Low Value,Low-Med Value / Low Risk,1,No
4293-ETKAP,No,0.0226,Low Risk,79.4,5071.9,1.79,Two year,65,49+ months,High Value,High Value / Low Risk,7,DSL
6064-PUPMC,No,0.0375,Low Risk,57.2,1423.35,2.14,One year,23,13-24 months,Medium Value,Low-Med Value / Low Risk,4,DSL
6504-VBLFL,No,0.0138,Low Risk,58.6,3068.6,0.81,Two year,55,49+ months,Medium Value,Low-Med Value / Low Risk,5,DSL
6322-PJJDJ,No,0.1763,Low Risk,94.8,4690.65,16.71,Two year,49,49+ months,High Value,High Value / Low Risk,5,Fiber optic
0330-BGYZE,No,0.1688,Low Risk,102.5,6157.6,17.3,One year,60,49+ months,High Value,High Value / Low Risk,7,Fiber optic
1085-LDWAM,No,0.0053,Low Risk,20.35,1442.65,0.11,One year,69,49+ months,Medium Value,Low-Med Value / Low Risk,1,No
7586-ZATGZ,No,0.5386,High Risk,84.9,3369.05,45.72,Month-to-month,40,25-48 months,Medium Value,Low-Med Value / High Risk,4,Fiber optic
7197-VOJMM,No,0.0092,Low Risk,69.2,4671.65,0.63,Two year,67,49+ months,High Value,High Value / Low Risk,6,DSL
3318-OSATS,Yes,0.6877,High Risk,95.45,3474.05,65.65,Month-to-month,35,25-48 months,Medium Value,Low-Med Value / High Risk,5,Fiber optic
5828-AVIPD,Yes,0.4527,Medium Risk,100.95,1875.55,45.7,One year,19,13-24 months,Medium Value,Low-Med Value / Low Risk,6,Fiber optic
1843-TLSGD,No,0.0279,Low Risk,20.85,272.35,0.58,Two year,13,13-24 months,Low Value,Low-Med Value / Low Risk,1,No
9626-VFRGG,No,0.352,Medium Risk,88.5,3645.05,31.15,Month-to-month,41,25-48 months,Medium Value,Low-Med Value / Low Risk,5,Fiber optic
7075-BNDVQ,No,0.3403,Medium Risk,35.0,135.75,11.91,Month-to-month,4,0-12 months,Low Value,Low-Med Value / Low Risk,3,DSL
9143-CANJF,No,0.0999,Low Risk,55.15,1319.85,5.51,Month-to-month,24,13-24 months,Medium Value,Low-Med Value / Low Risk,4,DSL
7284-BUYEC,No,0.5719,High Risk,50.95,229.4,29.14,Month-to-month,5,0-12 months,Low Value,Low-Med Value / High Risk,4,DSL
2041-JIJCI,No,0.5692,High Risk,64.0,370.25,36.43,Month-to-month,5,0-12 months,Low Value,Low-Med Value / High Risk,5,DSL
1086-LXKFY,Yes,0.5872,High Risk,69.1,69.1,40.58,Month-to-month,1,0-12 months,Low Value,Low-Med Value / High Risk,2,Fiber optic
4900-MSOMT,No,0.0064,Low Risk,80.2,5714.2,0.51,Two year,72,49+ months,High Value,High Value / Low Risk,8,DSL
2229-VWQJH,No,0.2167,Low Risk,49.3,1233.25,10.68,Month-to-month,24,13-24 months,Medium Value,Low-Med Value / Low Risk,3,DSL
9194-GFVOI,No,0.0319,Low Risk,84.35,3571.6,2.69,Two year,42,25-48 months,Medium Value,Low-Med Value / Low Risk,8,DSL
1336-EZFZY,No,0.1692,Low Risk,20.05,83.3,3.39,Month-to-month,4,0-12 months,Low Value,Low-Med Value / Low Risk,1,No
4282-MSACW,No,0.1052,Low Risk,117.2,8035.95,12.33,One year,68,49+ months,High Value,High Value / Low Risk,9,Fiber optic
1403-LKLIK,No,0.0207,Low Risk,20.1,579.4,0.42,One year,33,25-48 months,Medium Value,Low-Med Value / Low Risk,1,No
2636-ALXXZ,Yes,0.7322,High Risk,69.6,69.6,50.96,Month-to-month,1,0-12 months,Low Value,Low-Med Value / High Risk,2,Fiber optic
7774-OJSXI,Yes,0.4701,Medium Risk,103.45,3066.45,48.63,One year,31,25-48 months,Medium Value,Low-Med Value / Low Risk,7,Fiber optic
7786-WBJYI,Yes,0.5377,High Risk,77.95,305.55,41.91,Month-to-month,4,0-12 months,Low Value,Low-Med Value / High Risk,4,Fiber optic
0136-IFMYD,No,0.1334,Low Risk,109.95,7634.25,14.67,Two year,69,49+ months,High Value,High Value / Low Risk,8,Fiber optic
5144-TVGLP,No,0.5795,High Risk,94.75,3653.0,54.9,Month-to-month,38,25-48 months,Medium Value,Low-Med Value / High Risk,5,Fiber optic
9643-AVVWI,No,0.5084,High Risk,80.0,241.3,40.67,Month-to-month,3,0-12 months,Low Value,Low-Med Value / High Risk,4,Fiber optic
0253-ZTEOB,No,0.0402,Low Risk,79.65,3870.3,3.2,Two year,48,25-48 months,High Value,High Value / Low Risk,7,DSL
2706-QZIHY,No,0.0429,Low Risk,25.2,387.9,1.08,Two year,15,13-24 months,Low Value,Low-Med Value / Low Risk,2,No
6061-PQHMK,No,0.0338,Low Risk,19.9,527.5,0.67,One year,25,25-48 months,Medium Value,Low-Med Value / Low Risk,1,No
9885-CSMWE,Yes,0.7066,High Risk,78.45,78.45,55.43,Month-to-month,1,0-12 months,Low Value,Low-Med Value / High Risk,3,Fiber optic
6137-MFAJN,No,0.1567,Low Risk,44.8,2104.55,7.02,Month-to-month,48,25-48 months,Medium Value,Low-Med Value / Low Risk,4,DSL
9122-UMROB,No,0.1921,Low Risk,20.3,20.3,3.9,Month-to-month,1,0-12 months,Low Value,Low-Med Value / Low Risk,1,No
4232-JGKIY,No,0.2489,Low Risk,19.2,19.2,4.78,Month-to-month,1,0-12 months,Low Value,Low-Med Value / Low Risk,1,No
2402-TAIRZ,No,0.1707,Low Risk,80.05,3019.1,13.66,One year,37,25-48 months,Medium Value,Low-Med Value / Low Risk,4,Fiber optic
9659-ZTWSM,No,0.1749,Low Risk,107.35,7051.95,18.77,One year,66,49+ months,High Value,High Value / Low Risk,8,Fiber optic
9139-TWBAS,No,0.1001,Low Risk,47.85,1190.5,4.79,One year,26,25-48 months,Medium Value,Low-Med Value / Low Risk,5,DSL
6685-GBWJZ,No,0.0135,Low Risk,70.8,4448.8,0.95,One year,63,49+ months,High Value,High Value / Low Risk,6,DSL
5016-ETTFF,Yes,0.3811,Medium Risk,29.5,255.25,11.24,Month-to-month,10,0-12 months,Low Value,Low-Med Value / Low Risk,2,DSL
3866-MDTUB,Yes,0.5085,High Risk,70.75,146.9,35.98,Month-to-month,2,0-12 months,Low Value,Low-Med Value / High Risk,5,DSL
2195-VVRJF,No,0.2682,Medium Risk,59.1,1011.05,15.85,Month-to-month,18,13-24 months,Medium Value,Low-Med Value / Low Risk,4,DSL
3913-RDSJZ,No,0.0049,Low Risk,25.55,1714.95,0.13,Two year,64,49+ months,Medium Value,Low-Med Value / Low Risk,2,No
8058-JMEQO,Yes,0.7799,Critical Risk,84.45,762.5,65.87,Month-to-month,9,0-12 months,Medium Value,Low-Med Value / High Risk,4,Fiber optic
4203-QGNZA,No,0.05,Low Risk,20.25,535.35,1.01,Month-to-month,28,25-48 months,Medium Value,Low-Med Value / Low Risk,1,No
5043-TRZWM,No,0.6066,High Risk,75.55,75.55,45.83,Month-to-month,1,0-12 months,Low Value,Low-Med Value / High Risk,3,Fiber optic
0697-ZMSWS,Yes,0.7819,Critical Risk,85.65,338.9,66.97,Month-to-month,4,0-12 months,Low Value,Low-Med Value / High Risk,4,Fiber optic
7657-DYEPJ,Yes,0.0705,Low Risk,70.15,2497.35,4.94,One year,38,25-48 months,Medium Value,Low-Med Value / Low Risk,6,DSL
9494-BDNNC,No,0.1462,Low Risk,95.3,6273.4,13.94,One year,66,49+ months,High Value,High Value / Low Risk,6,Fiber optic
1640-PLFMP,No,0.7005,High Risk,70.25,70.25,49.21,Month-to-month,1,0-12 months,Low Value,Low-Med Value / High Risk,2,Fiber optic
5366-OBVMR,No,0.2176,Low Risk,50.3,908.75,10.95,Month-to-month,18,13-24 months,Medium Value,Low-Med Value / Low Risk,3,DSL
8276-MQBYC,Yes,0.5771,High Risk,97.8,4913.3,56.44,Month-to-month,51,49+ months,High Value,High Value / High Risk,6,Fiber optic
7644-OMVMY,No,0.0516,Low Risk,19.85,0.0,1.02,Two year,0,0-12 months,Low Value,Low-Med Value / Low Risk,1,No
7593-XFKDI,Yes,0.3492,Medium Risk,46.3,46.3,16.17,Month-to-month,1,0-12 months,Low Value,Low-Med Value / Low Risk,2,DSL
4573-JKNAE,No,0.0278,Low Risk,19.35,212.3,0.54,Two year,12,0-12 months,Low Value,Low-Med Value / Low Risk,1,No
0337-CNPZE,Yes,0.5765,High Risk,106.3,4443.45,61.28,Month-to-month,41,25-48 months,High Value,High Value / High Risk,7,Fiber optic
9817-APLHW,No,0.2095,Low Risk,25.0,316.2,5.24,Month-to-month,12,0-12 months,Low Value,Low-Med Value / Low Risk,2,No
8380-MQINP,No,0.0041,Low Risk,20.3,1079.05,0.08,Two year,55,49+ months,Medium Value,Low-Med Value / Low Risk,1,No
0840-DFEZH,No,0.7193,High Risk,75.35,564.65,54.2,Month-to-month,7,0-12 months,Medium Value,Low-Med Value / High Risk,3,Fiber optic
1513-XNPPH,Yes,0.5845,High Risk,89.4,1095.65,52.26,Month-to-month,12,0-12 months,Medium Value,Low-Med Value / High Risk,5,Fiber optic
8690-ZVLCL,No,0.0108,Low Risk,88.0,6161.9,0.95,Two year,68,49+ months,High Value,High Value / Low Risk,9,DSL
6015-VVHHE,Yes,0.7316,High Risk,83.15,446.05,60.84,Month-to-month,5,0-12 months,Medium Value,Low-Med Value / High Risk,4,Fiber optic
1125-SNVCK,No,0.081,Low Risk,43.8,2106.05,3.55,Month-to-month,49,49+ months,Medium Value,Low-Med Value / Low Risk,2,DSL
0384-LPITE,No,0.076,Low Risk,62.05,2511.55,4.72,One year,40,25-48 months,Medium Value,Low-Med Value / Low Risk,6,DSL
4616-EWBNJ,No,0.0517,Low Risk,20.1,318.6,1.04,One year,16,13-24 months,Low Value,Low-Med Value / Low Risk,1,No
6347-DCUIK,Yes,0.6398,High Risk,74.15,811.8,47.44,Month-to-month,10,0-12 months,Medium Value,Low-Med Value / High Risk,3,Fiber optic
1335-HQMKX,No,0.2338,Low Risk,101.35,7323.15,23.69,One year,72,49+ months,High Value,High Value / Low Risk,7,Fiber optic
2545-EBUPK,No,0.817,Critical Risk,84.05,186.05,68.67,Month-to-month,2,0-12 months,Low Value,Low-Med Value / High Risk,4,Fiber optic
6923-AQONU,No,0.018,Low Risk,20.9,454.0,0.38,Two year,23,13-24 months,Medium Value,Low-Med Value / Low Risk,1,No
2172-EJXVF,No,0.2598,Medium Risk,105.9,7521.95,27.51,One year,71,49+ months,High Value,High Value / Low Risk,7,Fiber optic
0897-FEGMU,Yes,0.7831,Critical Risk,99.5,1056.95,77.92,Month-to-month,11,0-12 months,Medium Value,Low-Med Value / High Risk,6,Fiber optic
7663-RGWBC,Yes,0.4465,Medium Risk,44.15,44.15,19.71,Month-to-month,1,0-12 months,Low Value,Low-Med Value / Low Risk,2,DSL
1120-BMWUB,Yes,0.203,Low Risk,53.9,834.15,10.94,Month-to-month,16,13-24 months,Medium Value,Low-Med Value / Low Risk,4,DSL
9124-LHCJQ,Yes,0.7392,High Risk,85.45,85.45,63.16,Month-to-month,1,0-12 months,Low Value,Low-Med Value / High Risk,4,Fiber optic
4536-PLEQY,No,0.5436,High Risk,85.05,999.8,46.23,Month-to-month,12,0-12 months,Medium Value,Low-Med Value / High Risk,4,Fiber optic
7029-IJEJK,No,0.0278,Low Risk,44.1,2369.7,1.23,One year,54,49+ months,Medium Value,Low-Med Value / Low Risk,4,DSL
8871-JLMHM,No,0.0285,Low Risk,90.2,6297.65,2.57,Two year,68,49+ months,High Value,High Value / Low Risk,6,Fiber optic
2235-ZGKPT,Yes,0.3399,Medium Risk,50.85,239.55,17.29,Month-to-month,4,0-12 months,Low Value,Low-Med Value / Low Risk,3,DSL
3891-PUQOD,Yes,0.4159,Medium Risk,59.2,59.2,24.62,Month-to-month,1,0-12 months,Low Value,Low-Med Value / Low Risk,4,DSL
5447-VYTKW,No,0.0851,Low Risk,53.45,1461.45,4.55,Month-to-month,27,25-48 months,Medium Value,Low-Med Value / Low Risk,4,DSL
3623-FQBOX,No,0.1201,Low Risk,19.95,416.4,2.4,Month-to-month,21,13-24 months,Medium Value,Low-Med Value / Low Risk,1,No
0689-NKYLF,Yes,0.6683,High Risk,83.2,1060.6,55.6,Month-to-month,13,13-24 months,Medium Value,Low-Med Value / High Risk,4,Fiber optic
8659-HDIYE,No,0.0593,Low Risk,74.65,4869.35,4.43,Month-to-month,64,49+ months,High Value,High Value / Low Risk,7,DSL
3658-KIBGF,Yes,0.3688,Medium Risk,54.9,54.9,20.25,Month-to-month,1,0-12 months,Low Value,Low-Med Value / Low Risk,4,DSL
3474-BAFSJ,No,0.0367,Low Risk,57.5,3265.95,2.11,Two year,57,49+ months,Medium Value,Low-Med Value / Low Risk,6,DSL
5519-YLDGW,Yes,0.6537,High Risk,103.9,2254.2,67.92,Month-to-month,21,13-24 months,Medium Value,Low-Med Value / High Risk,7,Fiber optic
3865-ZFZIB,No,0.0268,Low Risk,19.65,358.15,0.53,Two year,19,13-24 months,Low Value,Low-Med Value / Low Risk,1,No
1855-AGAWH,No,0.4397,Medium Risk,93.8,2939.8,41.24,One year,31,25-48 months,Medium Value,Low-Med Value / Low Risk,5,Fiber optic
7109-CQYUZ,No,0.0331,Low Risk,89.25,4652.4,2.95,Two year,52,49+ months,High Value,High Value / Low Risk,9,DSL
1370-GGAWX,No,0.3042,Medium Risk,94.15,4408.45,28.64,One year,46,25-48 months,High Value,High Value / Low Risk,6,Fiber optic
4680-KUTAJ,No,0.4177,Medium Risk,55.6,580.8,23.22,Month-to-month,11,0-12 months,Medium Value,Low-Med Value / Low Risk,4,DSL
5307-UVGNB,No,0.079,Low Risk,48.7,2495.2,3.85,Month-to-month,53,49+ months,Medium Value,Low-Med Value / Low Risk,5,DSL
4946-EDSEW,Yes,0.1483,Low Risk,19.25,180.3,2.86,Month-to-month,11,0-12 months,Low Value,Low-Med Value / Low Risk,1,No
2883-ILGWO,No,0.334,Medium Risk,104.9,5913.95,35.04,Month-to-month,57,49+ months,High Value,High Value / Low Risk,7,Fiber optic
2516-VQRRV,Yes,0.7177,High Risk,75.45,158.4,54.15,Month-to-month,2,0-12 months,Low Value,Low-Med Value / High Risk,3,Fiber optic
7580-UGXNC,Yes,0.2473,Low Risk,54.85,104.2,13.56,Month-to-month,2,0-12 months,Low Value,Low-Med Value / Low Risk,4,DSL
3642-BYHDO,No,0.0018,Low Risk,19.9,1389.35,0.04,Two year,71,49+ months,Medium Value,Low-Med Value / Low Risk,1,No
9629-NHXFW,No,0.2182,Low Risk,19.4,19.4,4.23,Month-to-month,1,0-12 months,Low Value,Low-Med Value / Low Risk,1,No
2696-RZVZW,No,0.0037,Low Risk,25.05,1629.2,0.09,Two year,68,49+ months,Medium Value,Low-Med Value / Low Risk,2,No
5766-FTRTS,No,0.0089,Low Risk,84.45,6033.1,0.75,Two year,72,49+ months,High Value,High Value / Low Risk,8,DSL
0396-HUJBP,No,0.1848,Low Risk,19.3,44.4,3.57,Month-to-month,2,0-12 months,Low Value,Low-Med Value / Low Risk,1,No
5178-LMXOP,Yes,0.8543,Critical Risk,95.1,95.1,81.25,Month-to-month,1,0-12 months,Low Value,Low-Med Value / High Risk,5,Fiber optic
8879-ZKJOF,No,0.0633,Low Risk,79.85,3320.75,5.05,One year,41,25-48 months,Medium Value,Low-Med Value / Low Risk,7,DSL
6285-FTQBF,No,0.0025,Low Risk,25.55,1867.7,0.06,Two year,72,49+ months,Medium Value,Low-Med Value / Low Risk,2,No
8185-UPYBR,Yes,0.7313,High Risk,75.5,438.0,55.22,Month-to-month,6,0-12 months,Medium Value,Low-Med Value / High Risk,3,Fiber optic
4585-HETAI,Yes,0.6305,High Risk,73.75,325.45,46.5,Month-to-month,4,0-12 months,Low Value,Low-Med Value / High Risk,3,Fiber optic
7526-BEZQB,Yes,0.7805,Critical Risk,96.05,1148.1,74.97,Month-to-month,12,0-12 months,Medium Value,Low-Med Value / High Risk,5,Fiber optic
1474-JUWSM,No,0.0532,Low Risk,68.4,3972.25,3.64,One year,58,49+ months,High Value,High Value / Low Risk,6,DSL
3530-CRZSB,No,0.1495,Low Risk,20.65,155.9,3.09,Month-to-month,7,0-12 months,Low Value,Low-Med Value / Low Risk,1,No
8498-XXGWA,No,0.0419,Low Risk,55.15,3673.15,2.31,Month-to-month,65,49+ months,Medium Value,Low-Med Value / Low Risk,4,DSL
9617-INGJY,No,0.6345,High Risk,70.6,70.6,44.8,Month-to-month,1,0-12 months,Low Value,Low-Med Value / High Risk,2,Fiber optic
0621-TSSMU,No,0.0085,Low Risk,19.95,1126.75,0.17,One year,56,49+ months,Medium Value,Low-Med Value / Low Risk,1,No
7234-KMNRQ,No,0.1745,Low Risk,19.0,73.45,3.32,Month-to-month,4,0-12 months,Low Value,Low-Med Value / Low Risk,1,No
7636-PEPNS,No,0.0295,Low Risk,44.1,2413.05,1.3,One year,58,49+ months,Medium Value,Low-Med Value / Low Risk,2,DSL
4683-WYDOU,No,0.1114,Low Risk,107.6,6912.7,11.99,Two year,62,49+ months,High Value,High Value / Low Risk,7,Fiber optic
9052-DHNKM,No,0.0958,Low Risk,61.55,1581.95,5.9,One year,26,25-48 months,Medium Value,Low-Med Value / Low Risk,5,DSL
6794-HKIAJ,No,0.1107,Low Risk,90.7,5586.45,10.04,Month-to-month,62,49+ months,High Value,High Value / Low Risk,6,Fiber optic
5578-NKCXI,No,0.0726,Low Risk,99.25,5846.65,7.2,One year,58,49+ months,High Value,High Value / Low Risk,6,Fiber optic
1642-HMARX,No,0.029,Low Risk,91.7,6424.7,2.66,Two year,68,49+ months,High Value,High Value / Low Risk,9,DSL
3096-WPXBT,No,0.0915,Low Risk,100.7,6018.65,9.21,One year,61,49+ months,High Value,High Value / Low Risk,7,Fiber optic
8434-PNQZX,No,0.0648,Low Risk,78.45,3373.4,5.09,Two year,42,25-48 months,Medium Value,Low-Med Value / Low Risk,7,DSL
5950-AAAGJ,No,0.5287,High Risk,84.3,1537.9,44.57,Month-to-month,18,13-24 months,Medium Value,Low-Med Value / High Risk,4,Fiber optic
4299-OPXEJ,No,0.0065,Low Risk,19.55,1080.55,0.13,Two year,56,49+ months,Medium Value,Low-Med Value / Low Risk,1,No
4951-UKAAQ,Yes,0.7528,Critical Risk,88.95,355.2,66.96,Month-to-month,4,0-12 months,Low Value,Low-Med Value / High Risk,5,Fiber optic
9618-LFJRU,No,0.1541,Low Risk,20.45,82.85,3.15,Month-to-month,4,0-12 months,Low Value,Low-Med Value / Low Risk,1,No
6693-DJWTY,No,0.0283,Low Risk,55.6,2016.45,1.58,One year,35,25-48 months,Medium Value,Low-Med Value / Low Risk,4,DSL
0744-GKNGE,No,0.0929,Low Risk,86.8,5327.25,8.06,Month-to-month,64,49+ months,High Value,High Value / Low Risk,5,Fiber optic
6447-EGDIV,No,0.0282,Low Risk,20.95,683.25,0.59,One year,31,25-48 months,Medium Value,Low-Med Value / Low Risk,1,No
1167-OYZJF,No,0.0045,Low Risk,20.05,1263.05,0.09,Two year,67,49+ months,Medium Value,Low-Med Value / Low Risk,1,No
2108-YKQTY,Yes,0.2607,Medium Risk,50.7,151.3,13.22,Month-to-month,4,0-12 months,Low Value,Low-Med Value / Low Risk,3,DSL
4806-DXQCE,No,0.0889,Low Risk,113.65,7714.65,10.1,Two year,70,49+ months,High Value,High Value / Low Risk,9,Fiber optic
4918-QLLIW,Yes,0.3718,Medium Risk,53.4,188.7,19.86,Month-to-month,3,0-12 months,Low Value,Low-Med Value / Low Risk,3,DSL
7056-IMHCC,Yes,0.5426,High Risk,101.9,5549.4,55.29,Month-to-month,53,49+ months,High Value,High Value / High Risk,6,Fiber optic
4854-SSLTN,No,0.0418,Low Risk,59.5,130.5,2.49,Two year,2,0-12 months,Low Value,Low-Med Value / Low Risk,5,DSL
5294-DMSFH,No,0.4683,Medium Risk,87.8,2621.75,41.12,Month-to-month,29,25-48 months,Medium Value,Low-Med Value / Low Risk,4,Fiber optic
4837-PZTIC,No,0.0149,Low Risk,41.9,1875.25,0.62,Two year,47,25-48 months,Medium Value,Low-Med Value / Low Risk,4,DSL
1625-JAIIY,Yes,0.1652,Low Risk,83.0,5685.8,13.72,One year,68,49+ months,High Value,High Value / Low Risk,4,Fiber optic
0603-OLQDC,No,0.3061,Medium Risk,69.85,837.5,21.38,Month-to-month,12,0-12 months,Medium Value,Low-Med Value / Low Risk,5,DSL
3272-VUHPV,No,0.1488,Low Risk,56.3,401.5,8.38,Month-to-month,8,0-12 months,Medium Value,Low-Med Value / Low Risk,4,DSL
4176-FXYBO,No,0.3341,Medium Risk,109.55,6118.95,36.6,Month-to-month,54,49+ months,High Value,High Value / Low Risk,8,Fiber optic
1063-DHQJF,No,0.0347,Low Risk,92.15,6480.9,3.2,Two year,69,49+ months,High Value,High Value / Low Risk,5,Fiber optic
8663-UPDGF,No,0.218,Low Risk,69.5,1800.05,15.15,Month-to-month,26,25-48 months,Medium Value,Low-Med Value / Low Risk,6,DSL
6719-FGEDO,No,0.0267,Low Risk,97.0,7104.2,2.59,Two year,72,49+ months,High Value,High Value / Low Risk,7,Fiber optic
1837-YQUCE,No,0.0177,Low Risk,58.35,4214.25,1.03,Two year,70,49+ months,High Value,High Value / Low Risk,6,DSL
2947-DOMLJ,Yes,0.2207,Low Risk,50.6,50.6,11.17,Month-to-month,1,0-12 months,Low Value,Low-Med Value / Low Risk,3,DSL
4112-LUEIZ,Yes,0.7403,High Risk,89.5,863.1,66.25,Month-to-month,10,0-12 months,Medium Value,Low-Med Value / High Risk,4,Fiber optic
0369-ZGOVK,No,0.2041,Low Risk,70.4,1992.2,14.37,One year,28,25-48 months,Medium Value,Low-Med Value / Low Risk,2,Fiber optic
4510-HIMLV,Yes,0.7064,High Risk,69.8,69.8,49.31,Month-to-month,1,0-12 months,Low Value,Low-Med Value / High Risk,2,Fiber optic
9919-KNPOO,No,0.7362,High Risk,94.3,1948.35,69.43,Month-to-month,21,13-24 months,Medium Value,Low-Med Value / High Risk,5,Fiber optic
8749-JMNKX,Yes,0.3209,Medium Risk,93.8,4750.95,30.1,Month-to-month,51,49+ months,High Value,High Value / Low Risk,6,Fiber optic
7872-BAAZR,No,0.0079,Low Risk,19.55,1007.9,0.15,One year,53,49+ months,Medium Value,Low-Med Value / Low Risk,1,No
9391-LMANN,No,0.0864,Low Risk,95.95,5036.9,8.29,One year,53,49+ months,High Value,High Value / Low Risk,6,Fiber optic
2430-USGXP,Yes,0.7156,High Risk,101.05,2391.8,72.31,Month-to-month,24,13-24 months,Medium Value,Low-Med Value / High Risk,6,Fiber optic
8174-TBVCF,No,0.0183,Low Risk,94.8,6859.05,1.73,Two year,70,49+ months,High Value,High Value / Low Risk,9,DSL
1698-XFZCI,No,0.2204,Low Risk,107.75,6521.9,23.75,One year,61,49+ months,High Value,High Value / Low Risk,8,Fiber optic
1877-HKBQX,No,0.1077,Low Risk,54.6,617.85,5.88,One year,11,0-12 months,Medium Value,Low-Med Value / Low Risk,4,DSL
4450-DLLMH,No,0.5996,High Risk,71.3,157.75,42.75,Month-to-month,2,0-12 months,Low Value,Low-Med Value / High Risk,2,Fiber optic
0428-AXXLJ,No,0.0511,Low Risk,19.5,516.3,1.0,One year,25,25-48 months,Medium Value,Low-Med Value / Low Risk,1,No
2746-DIJLO,No,0.0783,Low Risk,56.3,2364.0,4.41,One year,41,25-48 months,Medium Value,Low-Med Value / Low Risk,4,DSL
5955-ERIHD,Yes,0.7563,Critical Risk,94.7,1687.95,71.62,Month-to-month,18,13-24 months,Medium Value,Low-Med Value / High Risk,5,Fiber optic
0917-EZOLA,Yes,0.1192,Low Risk,104.15,7689.95,12.41,Two year,72,49+ months,High Value,High Value / Low Risk,7,Fiber optic
3508-VLHCZ,No,0.013,Low Risk,90.55,6239.05,1.18,Two year,71,49+ months,High Value,High Value / Low Risk,9,DSL
4086-ATNFV,No,0.0461,Low Risk,60.8,2042.05,2.8,One year,34,25-48 months,Medium Value,Low-Med Value / Low Risk,5,DSL
0468-YRPXN,No,0.4267,Medium Risk,98.8,2807.1,42.16,Month-to-month,29,25-48 months,Medium Value,Low-Med Value / Low Risk,6,Fiber optic
5996-NRVXR,No,0.1314,Low Risk,98.15,4116.8,12.9,One year,40,25-48 months,High Value,High Value / Low Risk,7,Fiber optic
3739-YBWAB,No,0.0643,Low Risk,35.35,1317.95,2.27,One year,36,25-48 months,Medium Value,Low-Med Value / Low Risk,3,DSL
7047-FWEYA,No,0.2977,Medium Risk,103.15,4594.65,30.7,One year,46,25-48 months,High Value,High Value / Low Risk,7,Fiber optic
2000-MPKCA,No,0.2361,Low Risk,107.75,6332.75,25.44,One year,58,49+ months,High Value,High Value / Low Risk,8,Fiber optic
9762-YAQAA,No,0.1505,Low Risk,81.4,3213.75,12.25,One year,39,25-48 months,Medium Value,Low-Med Value / Low Risk,4,Fiber optic
5949-EBSQK,Yes,0.2311,Low Risk,61.45,229.55,14.2,Month-to-month,4,0-12 months,Low Value,Low-Med Value / Low Risk,4,DSL
5473-KHBPS,No,0.161,Low Risk,95.7,4976.15,15.4,One year,52,49+ months,High Value,High Value / Low Risk,6,Fiber optic
0100-DUVFC,No,0.272,Medium Risk,104.8,7308.95,28.51,One year,70,49+ months,High Value,High Value / Low Risk,7,Fiber optic
5397-TUPSH,No,0.0932,Low Risk,70.95,4555.2,6.61,One year,65,49+ months,High Value,High Value / Low Risk,2,Fiber optic
8950-MTZNV,No,0.443,Medium Risk,44.95,44.95,19.91,Month-to-month,1,0-12 months,Low Value,Low-Med Value / Low Risk,2,DSL
0326-VDYXE,No,0.2669,Medium Risk,97.65,6982.5,26.06,One year,70,49+ months,High Value,High Value / Low Risk,6,Fiber optic
6773-LQTVT,No,0.234,Low Risk,35.65,1025.15,8.34,Month-to-month,29,25-48 months,Medium Value,Low-Med Value / Low Risk,3,DSL
7274-RTAPZ,Yes,0.7873,Critical Risk,90.55,90.55,71.29,Month-to-month,1,0-12 months,Low Value,Low-Med Value / High Risk,4,Fiber optic
0436-TWFFZ,No,0.0228,Low Risk,85.25,5714.2,1.95,Two year,67,49+ months,High Value,High Value / Low Risk,8,DSL
8566-YPRGL,No,0.2548,Medium Risk,19.5,19.5,4.97,Month-to-month,1,0-12 months,Low Value,Low-Med Value / Low Risk,1,No
0311-UNPFF,Yes,0.5424,High Risk,88.8,2274.35,48.17,Month-to-month,26,25-48 months,Medium Value,Low-Med Value / High Risk,4,Fiber optic
6609-MXJHJ,No,0.0258,Low Risk,25.1,789.55,0.65,Two year,30,25-48 months,Medium Value,Low-Med Value / Low Risk,2,No
2669-OIDSD,No,0.3065,Medium Risk,100.05,4834.0,30.66,Month-to-month,48,25-48 months,High Value,High Value / Low Risk,6,Fiber optic
8400-WZICQ,No,0.0402,Low Risk,55.7,3131.8,2.24,Month-to-month,55,49+ months,Medium Value,Low-Med Value / Low Risk,4,DSL
3834-XUIFC,Yes,0.7069,High Risk,85.2,602.55,60.23,Month-to-month,7,0-12 months,Medium Value,Low-Med Value / High Risk,4,Fiber optic
9576-SYUHJ,No,0.4648,Medium Risk,91.15,3369.25,42.37,Month-to-month,37,25-48 months,Medium Value,Low-Med Value / Low Risk,5,Fiber optic
0410-IPFTY,No,0.4088,Medium Risk,83.85,2674.15,34.28,Month-to-month,31,25-48 months,Medium Value,Low-Med Value / Low Risk,4,Fiber optic
2831-EBWRN,No,0.4873,Medium Risk,45.9,199.75,22.37,Month-to-month,4,0-12 months,Low Value,Low-Med Value / Low Risk,2,DSL
9430-NKQLY,No,0.0036,Low Risk,25.1,1790.8,0.09,Two year,72,49+ months,Medium Value,Low-Med Value / Low Risk,2,No
8414-MYSHR,Yes,0.7888,Critical Risk,91.4,449.75,72.1,Month-to-month,5,0-12 months,Medium Value,Low-Med Value / High Risk,4,Fiber optic
0247-SLUJI,No,0.1637,Low Risk,19.7,19.7,3.23,Month-to-month,1,0-12 months,Low Value,Low-Med Value / Low Risk,1,No
9402-ORRAH,No,0.7321,High Risk,91.5,1400.3,66.99,Month-to-month,15,13-24 months,Medium Value,Low-Med Value / High Risk,4,Fiber optic
6483-OATDN,No,0.2207,Low Risk,51.3,411.6,11.32,Month-to-month,8,0-12 months,Medium Value,Low-Med Value / Low Risk,3,DSL
1293-HHSHJ,No,0.0234,Low Risk,21.1,741.0,0.49,One year,35,25-48 months,Medium Value,Low-Med Value / Low Risk,1,No
4840-ORQXB,No,0.4181,Medium Risk,104.75,5841.35,43.8,Month-to-month,56,49+ months,High Value,High Value / Low Risk,7,Fiber optic
7599-FKVXZ,Yes,0.435,Medium Risk,106.15,4512.7,46.17,Month-to-month,42,25-48 months,High Value,High Value / Low Risk,7,Fiber optic
3982-DQLUS,No,0.185,Low Risk,85.75,5688.45,15.87,Month-to-month,65,49+ months,High Value,High Value / Low Risk,5,Fiber optic
8610-ZIKJJ,No,0.0831,Low Risk,20.3,31.9,1.69,One year,2,0-12 months,Low Value,Low-Med Value / Low Risk,1,No
3756-VNWDH,No,0.2497,Low Risk,100.75,6674.65,25.16,One year,65,49+ months,High Value,High Value / Low Risk,6,Fiber optic
7801-KICAO,No,0.6414,High Risk,74.15,1345.75,47.56,Month-to-month,18,13-24 months,Medium Value,Low-Med Value / High Risk,3,Fiber optic
7673-LPRNY,No,0.2585,Medium Risk,78.55,1843.05,20.3,One year,23,13-24 months,Medium Value,Low-Med Value / Low Risk,7,DSL
8229-TNIQA,Yes,0.4076,Medium Risk,45.3,196.95,18.47,Month-to-month,4,0-12 months,Low Value,Low-Med Value / Low Risk,2,DSL
6060-QBMGV,No,0.0024,Low Risk,19.85,1433.8,0.05,Two year,70,49+ months,Medium Value,Low-Med Value / Low Risk,1,No
7339-POGZN,No,0.4627,Medium Risk,50.7,214.55,23.46,Month-to-month,4,0-12 months,Low Value,Low-Med Value / Low Risk,3,DSL
2828-SLQPF,No,0.2637,Medium Risk,45.0,865.85,11.87,Month-to-month,19,13-24 months,Medium Value,Low-Med Value / Low Risk,2,DSL
4465-VDKIQ,No,0.434,Medium Risk,77.8,1358.6,33.77,Month-to-month,18,13-24 months,Medium Value,Low-Med Value / Low Risk,4,Fiber optic
2921-XWDJH,No,0.417,Medium Risk,83.45,3147.15,34.8,Month-to-month,38,25-48 months,Medium Value,Low-Med Value / Low Risk,4,Fiber optic
6221-AVQYL,Yes,0.6763,High Risk,73.25,131.05,49.54,Month-to-month,2,0-12 months,Low Value,Low-Med Value / High Risk,3,Fiber optic
2558-BUOZZ,No,0.1221,Low Risk,94.8,4535.85,11.58,One year,47,25-48 months,High Value,High Value / Low Risk,6,Fiber optic
9257-AZMTZ,No,0.0044,Low Risk,20.1,1078.75,0.09,Two year,52,49+ months,Medium Value,Low-Med Value / Low Risk,1,No
0003-MKNFE,No,0.4045,Medium Risk,59.9,542.4,24.23,Month-to-month,9,0-12 months,Medium Value,Low-Med Value / Low Risk,4,DSL
0975-UYDTX,No,0.1116,Low Risk,90.1,2312.55,10.06,One year,26,25-48 months,Medium Value,Low-Med Value / Low Risk,9,DSL
7743-EXURX,Yes,0.3879,Medium Risk,51.05,415.05,19.8,Month-to-month,8,0-12 months,Medium Value,Low-Med Value / Low Risk,3,DSL
4682-BLBUC,No,0.0807,Low Risk,70.95,3250.45,5.73,One year,44,25-48 months,Medium Value,Low-Med Value / Low Risk,6,DSL
0975-VOOVL,No,0.4226,Medium Risk,29.2,98.5,12.34,Month-to-month,3,0-12 months,Low Value,Low-Med Value / Low Risk,2,DSL
5968-VXZLG,No,0.4094,Medium Risk,46.6,87.9,19.08,Month-to-month,2,0-12 months,Low Value,Low-Med Value / Low Risk,2,DSL
5569-KGJHX,Yes,0.6267,High Risk,85.35,754.65,53.49,Month-to-month,9,0-12 months,Medium Value,Low-Med Value / High Risk,4,Fiber optic
4988-IQIGL,Yes,0.7857,Critical Risk,75.35,75.35,59.2,Month-to-month,1,0-12 months,Low Value,Low-Med Value / High Risk,3,Fiber optic
5201-FRKKS,No,0.2539,Medium Risk,74.3,1952.25,18.86,Month-to-month,25,25-48 months,Medium Value,Low-Med Value / Low Risk,3,Fiber optic
9799-CAYJJ,No,0.7312,High Risk,69.3,153.8,50.67,Month-to-month,2,0-12 months,Low Value,Low-Med Value / High Risk,2,Fiber optic
7730-IUTDZ,Yes,0.2738,Medium Risk,75.2,3198.6,20.59,Month-to-month,43,25-48 months,Medium Value,Low-Med Value / Low Risk,3,Fiber optic
0426-TIRNE,Yes,0.1873,Low Risk,20.9,20.9,3.92,Month-to-month,1,0-12 months,Low Value,Low-Med Value / Low Risk,1,No
5443-SCMKX,No,0.2418,Low Risk,94.3,5610.15,22.8,One year,58,49+ months,High Value,High Value / Low Risk,6,Fiber optic
8295-KMENE,No,0.0168,Low Risk,76.45,4519.5,1.28,Two year,59,49+ months,High Value,High Value / Low Risk,7,DSL
6738-ISCBM,No,0.1543,Low Risk,54.0,2440.25,8.33,One year,44,25-48 months,Medium Value,Low-Med Value / Low Risk,5,DSL
9821-BESNZ,No,0.202,Low Risk,104.25,6860.6,21.06,One year,66,49+ months,High Value,High Value / Low Risk,7,Fiber optic
3678-MNGZX,No,0.0022,Low Risk,19.95,1377.7,0.04,Two year,68,49+ months,Medium Value,Low-Med Value / Low Risk,1,No
1335-NTIUC,No,0.5666,High Risk,24.95,190.25,14.14,Month-to-month,9,0-12 months,Low Value,Low-Med Value / High Risk,1,DSL
2916-BQZLN,No,0.5355,High Risk,84.75,1651.95,45.38,Month-to-month,19,13-24 months,Medium Value,Low-Med Value / High Risk,5,Fiber optic
4558-CGYCZ,No,0.1727,Low Risk,19.75,78.3,3.41,Month-to-month,4,0-12 months,Low Value,Low-Med Value / Low Risk,1,No
2368-GAKKQ,No,0.0562,Low Risk,113.65,7939.25,6.39,Two year,70,49+ months,High Value,High Value / Low Risk,9,Fiber optic
8710-YGLWG,No,0.4433,Medium Risk,44.9,44.9,19.9,Month-to-month,1,0-12 months,Low Value,Low-Med Value / Low Risk,2,DSL
3199-XGZCY,No,0.7098,High Risk,75.25,576.7,53.41,Month-to-month,8,0-12 months,Medium Value,Low-Med Value / High Risk,3,Fiber optic
3785-KTYSH,No,0.0079,Low Risk,24.6,1279.0,0.19,Two year,53,49+ months,Medium Value,Low-Med Value / Low Risk,2,No
6814-ZPWFQ,No,0.0175,Low Risk,25.0,1260.7,0.44,One year,51,49+ months,Medium Value,Low-Med Value / Low Risk,2,No
4063-EIKNQ,No,0.1021,Low Risk,20.95,267.35,2.14,Month-to-month,11,0-12 months,Low Value,Low-Med Value / Low Risk,1,No
6993-YCOBK,No,0.0922,Low Risk,110.6,6586.85,10.19,Two year,60,49+ months,High Value,High Value / Low Risk,8,Fiber optic
5206-HPJKM,No,0.1739,Low Risk,55.5,934.15,9.65,Month-to-month,17,13-24 months,Medium Value,Low-Med Value / Low Risk,4,DSL
7587-RZNME,Yes,0.5072,High Risk,43.3,123.65,21.96,Month-to-month,3,0-12 months,Low Value,Low-Med Value / High Risk,2,DSL
0748-RDGGM,Yes,0.0732,Low Risk,109.5,7534.65,8.02,One year,70,49+ months,High Value,High Value / Low Risk,8,Fiber optic
8393-JMVMB,No,0.1945,Low Risk,19.45,19.45,3.78,Month-to-month,1,0-12 months,Low Value,Low-Med Value / Low Risk,1,No
5019-GQVCR,No,0.5526,High Risk,84.85,3645.6,46.89,Month-to-month,43,25-48 months,Medium Value,Low-Med Value / High Risk,4,Fiber optic
6036-TTFYU,No,0.107,Low Risk,19.6,314.45,2.1,Month-to-month,16,13-24 months,Low Value,Low-Med Value / Low Risk,1,No
2550-AEVRU,No,0.019,Low Risk,53.45,3053.0,1.02,One year,57,49+ months,Medium Value,Low-Med Value / Low Risk,4,DSL
0969-RGKCU,No,0.016,Low Risk,19.8,677.05,0.32,One year,37,25-48 months,Medium Value,Low-Med Value / Low Risk,1,No
0378-CJKPV,No,0.0364,Low Risk,112.1,7965.95,4.08,Two year,72,49+ months,High Value,High Value / Low Risk,9,Fiber optic
4706-AXVKM,Yes,0.6843,High Risk,84.8,906.85,58.03,Month-to-month,11,0-12 months,Medium Value,Low-Med Value / High Risk,4,Fiber optic
5889-JTMUL,Yes,0.4801,Medium Risk,95.05,4888.7,45.63,Month-to-month,50,49+ months,High Value,High Value / Low Risk,6,Fiber optic
9026-RNUJS,Yes,0.4131,Medium Risk,50.35,237.25,20.8,Month-to-month,5,0-12 months,Low Value,Low-Med Value / Low Risk,3,DSL
3746-EUBYR,Yes,0.6919,High Risk,74.6,74.6,51.62,Month-to-month,1,0-12 months,Low Value,Low-Med Value / High Risk,3,Fiber optic
2332-EFBJY,Yes,0.1483,Low Risk,19.7,342.4,2.92,Month-to-month,16,13-24 months,Low Value,Low-Med Value / Low Risk,1,No
2880-FPNAE,No,0.7265,High Risk,74.2,140.1,53.91,Month-to-month,2,0-12 months,Low Value,Low-Med Value / High Risk,3,Fiber optic
1703-MGIAB,No,0.3279,Medium Risk,69.0,1108.0,22.62,Month-to-month,17,13-24 months,Medium Value,Low-Med Value / Low Risk,6,DSL
4311-QTTAI,No,0.0503,Low Risk,19.35,295.55,0.97,One year,16,13-24 months,Low Value,Low-Med Value / Low Risk,1,No
9474-PHLYD,Yes,0.4329,Medium Risk,59.45,892.65,25.73,Month-to-month,15,13-24 months,Medium Value,Low-Med Value / Low Risk,4,DSL
4318-RAJVY,No,0.1009,Low Risk,19.8,198.25,2.0,One year,10,0-12 months,Low Value,Low-Med Value / Low Risk,1,No
2165-VOEGB,Yes,0.1016,Low Risk,105.2,4822.85,10.68,One year,46,25-48 months,High Value,High Value / Low Risk,7,Fiber optic
3612-YUNGG,No,0.0693,Low Risk,109.2,6741.15,7.56,Two year,64,49+ months,High Value,High Value / Low Risk,8,Fiber optic
2254-DLXRI,No,0.6608,High Risk,79.15,79.15,52.31,Month-to-month,1,0-12 months,Low Value,Low-Med Value / High Risk,4,Fiber optic
5062-CJJKH,No,0.0683,Low Risk,53.65,1355.45,3.67,One year,25,25-48 months,Medium Value,Low-Med Value / Low Risk,4,DSL
9028-LIHRP,No,0.0153,Low Risk,100.2,7209.0,1.53,Two year,71,49+ months,High Value,High Value / Low Risk,7,Fiber optic
2219-MVUSO,Yes,0.3778,Medium Risk,45.15,438.4,17.06,Month-to-month,8,0-12 months,Medium Value,Low-Med Value / Low Risk,2,DSL
1053-MXTTK,No,0.0304,Low Risk,108.65,7726.35,3.3,Two year,72,49+ months,High Value,High Value / Low Risk,8,Fiber optic
1530-ZTDOZ,No,0.0904,Low Risk,40.65,2070.75,3.68,Month-to-month,49,49+ months,Medium Value,Low-Med Value / Low Risk,3,DSL
1301-LOPVR,No,0.0731,Low Risk,55.35,1636.95,4.05,One year,29,25-48 months,Medium Value,Low-Med Value / Low Risk,6,DSL
0853-TWRVK,No,0.0269,Low Risk,105.6,7581.5,2.84,Two year,72,49+ months,High Value,High Value / Low Risk,8,Fiber optic
8914-RBTSB,Yes,0.4962,Medium Risk,93.8,3019.5,46.55,Month-to-month,31,25-48 months,Medium Value,Low-Med Value / Low Risk,6,Fiber optic
6212-ATMLK,No,0.5362,High Risk,95.7,4729.75,51.31,Month-to-month,50,49+ months,High Value,High Value / High Risk,5,Fiber optic
8200-LGKSR,No,0.0209,Low Risk,83.2,6126.1,1.74,Two year,71,49+ months,High Value,High Value / Low Risk,8,DSL
1568-BEKZM,No,0.0144,Low Risk,90.05,6333.4,1.3,Two year,70,49+ months,High Value,High Value / Low Risk,9,DSL
0670-ANMUU,No,0.048,Low Risk,97.65,6687.85,4.69,One year,71,49+ months,High Value,High Value / Low Risk,6,Fiber optic
6897-RWMUB,No,0.0066,Low Risk,68.05,4158.25,0.45,Two year,61,49+ months,High Value,High Value / Low Risk,6,DSL
0963-ZBDRN,Yes,0.5139,High Risk,96.2,3183.4,49.44,Month-to-month,32,25-48 months,Medium Value,Low-Med Value / High Risk,5,Fiber optic
7594-RQHXR,Yes,0.702,High Risk,79.6,79.6,55.88,Month-to-month,1,0-12 months,Low Value,Low-Med Value / High Risk,3,Fiber optic
6999-CHVCF,No,0.058,Low Risk,102.1,7149.35,5.92,Two year,68,49+ months,High Value,High Value / Low Risk,7,Fiber optic
6134-KWTBV,No,0.005,Low Risk,23.4,1429.65,0.12,Two year,62,49+ months,Medium Value,Low-Med Value / Low Risk,2,No
1077-HUUJM,No,0.5977,High Risk,71.05,472.65,42.47,Month-to-month,7,0-12 months,Medium Value,Low-Med Value / High Risk,2,Fiber optic
6331-EWIEB,Yes,0.688,High Risk,85.25,1734.5,58.65,Month-to-month,20,13-24 months,Medium Value,Low-Med Value / High Risk,4,Fiber optic
0895-LNKRC,No,0.0724,Low Risk,19.45,113.5,1.41,One year,6,0-12 months,Low Value,Low-Med Value / Low Risk,1,No
2045-BMBTJ,No,0.2654,Medium Risk,59.45,1884.65,15.78,Month-to-month,33,25-48 months,Medium Value,Low-Med Value / Low Risk,6,DSL
8417-GSODA,No,0.3112,Medium Risk,92.2,2568.15,28.69,One year,28,25-48 months,Medium Value,Low-Med Value / Low Risk,5,Fiber optic
5171-EPLKN,No,0.0166,Low Risk,19.85,470.0,0.33,Two year,27,25-48 months,Medium Value,Low-Med Value / Low Risk,1,No
4452-QIIEB,No,0.3031,Medium Risk,43.9,278.4,13.31,Month-to-month,7,0-12 months,Low Value,Low-Med Value / Low Risk,2,DSL
5998-VVEJY,Yes,0.4914,Medium Risk,80.5,2088.8,39.56,Month-to-month,26,25-48 months,Medium Value,Low-Med Value / Low Risk,4,Fiber optic
1624-NALOJ,Yes,0.7768,Critical Risk,89.8,502.6,69.75,Month-to-month,5,0-12 months,Medium Value,Low-Med Value / High Risk,5,Fiber optic
6741-EGCBI,No,0.4444,Medium Risk,90.5,2595.85,40.21,Month-to-month,30,25-48 months,Medium Value,Low-Med Value / Low Risk,5,Fiber optic
7820-ZYGNY,No,0.1078,Low Risk,90.45,5825.5,9.75,One year,63,49+ months,High Value,High Value / Low Risk,5,Fiber optic
4317-VTEOA,Yes,0.4735,Medium Risk,50.75,50.75,24.03,Month-to-month,1,0-12 months,Low Value,Low-Med Value / Low Risk,3,DSL
9677-AVKED,No,0.0869,Low Risk,84.6,4449.75,7.35,One year,53,49+ months,High Value,High Value / Low Risk,8,DSL
1670-SVOWZ,Yes,0.3787,Medium Risk,89.65,1208.35,33.95,Month-to-month,14,13-24 months,Medium Value,Low-Med Value / Low Risk,5,Fiber optic
2227-JRSJX,No,0.4483,Medium Risk,99.15,1956.4,44.45,Month-to-month,21,13-24 months,Medium Value,Low-Med Value / Low Risk,6,Fiber optic
9847-HNVGP,No,0.0536,Low Risk,19.95,310.6,1.07,One year,17,13-24 months,Low Value,Low-Med Value / Low Risk,1,No
6696-YDAYZ,No,0.0247,Low Risk,20.5,290.55,0.51,Two year,16,13-24 months,Low Value,Low-Med Value / Low Risk,1,No
8980-WQFWL,No,0.2572,Medium Risk,62.1,2096.1,15.97,Month-to-month,35,25-48 months,Medium Value,Low-Med Value / Low Risk,4,DSL
1730-ZMAME,No,0.5613,High Risk,79.5,2665.0,44.62,Month-to-month,32,25-48 months,Medium Value,Low-Med Value / High Risk,3,Fiber optic
6506-EYCNH,No,0.0688,Low Risk,19.55,543.8,1.34,Month-to-month,28,25-48 months,Medium Value,Low-Med Value / Low Risk,1,No
4634-JLRJT,No,0.252,Medium Risk,20.35,20.35,5.13,Month-to-month,1,0-12 months,Low Value,Low-Med Value / Low Risk,1,No
9501-UKKNL,No,0.1677,Low Risk,51.7,3005.8,8.67,Month-to-month,59,49+ months,Medium Value,Low-Med Value / Low Risk,4,DSL
2560-QTSBS,No,0.0068,Low Risk,23.3,1623.15,0.16,One year,72,49+ months,Medium Value,Low-Med Value / Low Risk,2,No
7541-YLXCL,Yes,0.0773,Low Risk,65.4,2498.4,5.06,One year,36,25-48 months,Medium Value,Low-Med Value / Low Risk,5,DSL
4795-WRNVT,No,0.0825,Low Risk,65.1,2586.0,5.37,Month-to-month,40,25-48 months,Medium Value,Low-Med Value / Low Risk,5,DSL
6080-TCMYC,No,0.4123,Medium Risk,81.2,3292.3,33.48,Month-to-month,40,25-48 months,Medium Value,Low-Med Value / Low Risk,4,Fiber optic
0260-ZDLGK,Yes,0.3348,Medium Risk,72.9,651.4,24.4,Month-to-month,9,0-12 months,Medium Value,Low-Med Value / Low Risk,6,DSL
7860-UXCRM,No,0.0059,Low Risk,74.5,4674.55,0.44,Two year,63,49+ months,High Value,High Value / Low Risk,7,DSL
6357-JJPQT,No,0.7312,High Risk,80.5,232.35,58.86,Month-to-month,3,0-12 months,Low Value,Low-Med Value / High Risk,3,Fiber optic
2292-XQWSV,No,0.0737,Low Risk,60.3,2448.5,4.44,One year,40,25-48 months,Medium Value,Low-Med Value / Low Risk,6,DSL
9552-TGUZV,No,0.4839,Medium Risk,75.0,658.1,36.29,Month-to-month,8,0-12 months,Medium Value,Low-Med Value / Low Risk,3,Fiber optic
5913-INRQV,No,0.1309,Low Risk,90.15,3128.8,11.8,One year,34,25-48 months,Medium Value,Low-Med Value / Low Risk,5,Fiber optic
8722-NGNBH,Yes,0.2595,Medium Risk,40.0,223.45,10.38,Month-to-month,5,0-12 months,Low Value,Low-Med Value / Low Risk,4,DSL
6210-KBBPI,Yes,0.7209,High Risk,99.45,919.4,71.69,Month-to-month,9,0-12 months,Medium Value,Low-Med Value / High Risk,6,Fiber optic
9643-YBLUR,No,0.4308,Medium Risk,69.05,653.95,29.74,Month-to-month,9,0-12 months,Medium Value,Low-Med Value / Low Risk,6,DSL
8734-FNWVH,No,0.1851,Low Risk,59.7,1825.5,11.05,Month-to-month,31,25-48 months,Medium Value,Low-Med Value / Low Risk,4,DSL
9447-YPTBX,No,0.0162,Low Risk,19.85,943.1,0.32,One year,50,49+ months,Medium Value,Low-Med Value / Low Risk,1,No
0133-BMFZO,Yes,0.4568,Medium Risk,86.25,181.65,39.4,Month-to-month,2,0-12 months,Low Value,Low-Med Value / Low Risk,5,Fiber optic
6128-CZOMY,Yes,0.5127,High Risk,45.65,45.65,23.4,Month-to-month,1,0-12 months,Low Value,Low-Med Value / High Risk,2,DSL
9540-JYROE,Yes,0.578,High Risk,70.1,551.35,40.52,Month-to-month,8,0-12 months,Medium Value,Low-Med Value / High Risk,2,Fiber optic
9026-LHEVG,No,0.4864,Medium Risk,40.75,359.4,19.82,Month-to-month,9,0-12 months,Low Value,Low-Med Value / Low Risk,3,DSL
2260-USTRB,Yes,0.64,High Risk,70.2,115.95,44.93,Month-to-month,2,0-12 months,Low Value,Low-Med Value / High Risk,2,Fiber optic
3656-TKRVZ,Yes,0.2706,Medium Risk,55.35,165.2,14.98,Month-to-month,3,0-12 months,Low Value,Low-Med Value / Low Risk,4,DSL
7011-CVEUC,No,0.4577,Medium Risk,95.7,2338.35,43.8,Month-to-month,25,25-48 months,Medium Value,Low-Med Value / Low Risk,5,Fiber optic
6185-TASNN,No,0.4588,Medium Risk,46.3,46.3,21.24,Month-to-month,1,0-12 months,Low Value,Low-Med Value / Low Risk,2,DSL
7925-PNRGI,No,0.0572,Low Risk,81.3,3541.1,4.65,Month-to-month,45,25-48 months,Medium Value,Low-Med Value / Low Risk,8,DSL
8623-TMRBY,Yes,0.3286,Medium Risk,84.2,4146.05,27.67,Month-to-month,51,49+ months,High Value,High Value / Low Risk,5,Fiber optic
1552-CZCLL,No,0.0137,Low Risk,20.0,1087.25,0.27,Month-to-month,55,49+ months,Medium Value,Low-Med Value / Low Risk,1,No
3038-PQIUY,No,0.1176,Low Risk,66.15,2522.4,7.78,Month-to-month,38,25-48 months,Medium Value,Low-Med Value / Low Risk,6,DSL
1501-SGHBW,Yes,0.3413,Medium Risk,45.85,81.0,15.65,Month-to-month,2,0-12 months,Low Value,Low-Med Value / Low Risk,2,DSL
9313-CDOGY,No,0.0453,Low Risk,19.6,717.3,0.89,Month-to-month,38,25-48 months,Medium Value,Low-Med Value / Low Risk,1,No
8148-BPLZQ,No,0.2001,Low Risk,49.8,1734.2,9.97,Month-to-month,34,25-48 months,Medium Value,Low-Med Value / Low Risk,3,DSL
2623-DRYAM,No,0.2566,Medium Risk,101.75,7069.3,26.11,One year,70,49+ months,High Value,High Value / Low Risk,6,Fiber optic
9987-LUTYD,No,0.0713,Low Risk,55.15,742.9,3.93,One year,13,13-24 months,Medium Value,Low-Med Value / Low Risk,4,DSL
3208-YPIOE,Yes,0.3841,Medium Risk,75.25,3017.65,28.91,Month-to-month,39,25-48 months,Medium Value,Low-Med Value / Low Risk,3,Fiber optic
4488-KQFDT,No,0.2887,Medium Risk,103.95,6423.0,30.01,One year,61,49+ months,High Value,High Value / Low Risk,7,Fiber optic
2612-RANWT,Yes,0.6996,High Risk,100.15,1164.3,70.07,Month-to-month,12,0-12 months,Medium Value,Low-Med Value / High Risk,6,Fiber optic
5693-PIPCS,No,0.1137,Low Risk,99.65,4220.35,11.33,Two year,41,25-48 months,High Value,High Value / Low Risk,6,Fiber optic
0491-KAPQG,No,0.6239,High Risk,73.7,1558.7,45.98,Month-to-month,21,13-24 months,Medium Value,Low-Med Value / High Risk,3,Fiber optic
1925-LFCZZ,No,0.1171,Low Risk,50.05,2743.45,5.86,One year,55,49+ months,Medium Value,Low-Med Value / Low Risk,4,DSL
8039-EQPIM,No,0.0125,Low Risk,60.25,4055.5,0.76,Two year,69,49+ months,High Value,High Value / Low Risk,6,DSL
6900-PXRMS,Yes,0.5676,High Risk,105.75,2710.25,60.03,Month-to-month,26,25-48 months,Medium Value,Low-Med Value / High Risk,7,Fiber optic
8707-RMEZH,No,0.0533,Low Risk,87.3,6055.55,4.66,One year,69,49+ months,High Value,High Value / Low Risk,5,Fiber optic
3346-BRMIS,Yes,0.6278,High Risk,48.35,810.7,30.35,Month-to-month,18,13-24 months,Medium Value,Low-Med Value / High Risk,4,DSL
3209-ZPKFI,No,0.105,Low Risk,54.25,2538.2,5.69,Month-to-month,47,25-48 months,Medium Value,Low-Med Value / Low Risk,4,DSL
6479-VDGRK,No,0.0066,Low Risk,85.3,6129.2,0.56,Two year,72,49+ months,High Value,High Value / Low Risk,8,DSL
9373-WSLOY,No,0.3085,Medium Risk,50.0,1750.85,15.42,Month-to-month,33,25-48 months,Medium Value,Low-Med Value / Low Risk,5,DSL
2933-FILNV,Yes,0.5156,High Risk,24.4,36.55,12.58,Month-to-month,2,0-12 months,Low Value,Low-Med Value / High Risk,1,DSL
3569-JFODW,No,0.0094,Low Risk,90.95,6652.45,0.85,Two year,72,49+ months,High Value,High Value / Low Risk,9,DSL
9819-FBNSV,No,0.3459,Medium Risk,72.25,2575.45,24.99,Month-to-month,37,25-48 months,Medium Value,Low-Med Value / Low Risk,2,Fiber optic
9544-PYPSJ,No,0.2512,Medium Risk,96.1,6019.35,24.14,Month-to-month,62,49+ months,High Value,High Value / Low Risk,6,Fiber optic
1591-XWLGB,No,0.0022,Low Risk,19.85,1379.6,0.04,Two year,71,49+ months,Medium Value,Low-Med Value / Low Risk,1,No
0396-UKGAI,No,0.128,Low Risk,55.3,1284.2,7.08,Month-to-month,23,13-24 months,Medium Value,Low-Med Value / Low Risk,4,DSL
3243-ZHOHY,No,0.0549,Low Risk,20.1,296.15,1.1,One year,16,13-24 months,Low Value,Low-Med Value / Low Risk,1,No
5186-EJEGL,No,0.247,Low Risk,69.5,653.25,17.17,Month-to-month,9,0-12 months,Medium Value,Low-Med Value / Low Risk,6,DSL
7527-QNRUS,No,0.0458,Low Risk,25.15,412.6,1.15,Two year,17,13-24 months,Medium Value,Low-Med Value / Low Risk,2,No
9986-BONCE,Yes,0.1579,Low Risk,20.95,85.5,3.31,Month-to-month,4,0-12 months,Low Value,Low-Med Value / Low Risk,1,No
2722-JMONI,Yes,0.4528,Medium Risk,49.55,49.55,22.43,Month-to-month,1,0-12 months,Low Value,Low-Med Value / Low Risk,3,DSL
2203-GHNWN,No,0.5168,High Risk,79.65,1928.7,41.17,Month-to-month,24,13-24 months,Medium Value,Low-Med Value / High Risk,4,Fiber optic
3878-AVSOQ,No,0.7265,High Risk,71.25,71.25,51.76,Month-to-month,1,0-12 months,Low Value,Low-Med Value / High Risk,2,Fiber optic
3258-SYSWS,No,0.041,Low Risk,113.8,7845.8,4.67,Two year,72,49+ months,High Value,High Value / Low Risk,9,Fiber optic
5296-PSYVW,No,0.0046,Low Risk,24.55,1750.7,0.11,Two year,72,49+ months,Medium Value,Low-Med Value / Low Risk,2,No
6319-QSUSR,No,0.096,Low Risk,19.7,216.2,1.89,Month-to-month,11,0-12 months,Low Value,Low-Med Value / Low Risk,1,No
4083-EUGRJ,Yes,0.1409,Low Risk,20.25,178.5,2.85,Month-to-month,9,0-12 months,Low Value,Low-Med Value / Low Risk,1,No
7579-OOPEC,Yes,0.3159,Medium Risk,50.15,115.1,15.84,Month-to-month,2,0-12 months,Low Value,Low-Med Value / Low Risk,3,DSL
0512-FLFDW,No,0.2604,Medium Risk,100.5,6029.0,26.17,One year,60,49+ months,High Value,High Value / Low Risk,6,Fiber optic
1771-OADNZ,Yes,0.6225,High Risk,95.9,2745.2,59.7,Month-to-month,29,25-48 months,Medium Value,Low-Med Value / High Risk,6,Fiber optic
0487-CRLZF,No,0.0387,Low Risk,74.45,3721.9,2.88,Two year,49,49+ months,Medium Value,Low-Med Value / Low Risk,6,DSL
2107-FBPTK,No,0.6785,High Risk,104.1,3121.1,70.64,Month-to-month,30,25-48 months,Medium Value,Low-Med Value / High Risk,7,Fiber optic
9451-WLYRI,No,0.0095,Low Risk,19.05,990.45,0.18,One year,53,49+ months,Medium Value,Low-Med Value / Low Risk,1,No
8219-VYBVI,No,0.012,Low Risk,25.0,1004.35,0.3,Two year,39,25-48 months,Medium Value,Low-Med Value / Low Risk,2,No
1991-VOPLL,No,0.1404,Low Risk,19.05,157.65,2.67,Month-to-month,9,0-12 months,Low Value,Low-Med Value / Low Risk,1,No
9738-QLWTP,No,0.136,Low Risk,81.9,3219.75,11.14,One year,39,25-48 months,Medium Value,Low-Med Value / Low Risk,4,Fiber optic
1016-DJTSV,No,0.6865,High Risk,69.7,572.85,47.85,Month-to-month,8,0-12 months,Medium Value,Low-Med Value / High Risk,2,Fiber optic
9419-IPPBE,No,0.2507,Medium Risk,90.15,4554.85,22.6,One year,51,49+ months,High Value,High Value / Low Risk,5,Fiber optic
0174-QRVVY,No,0.0026,Low Risk,25.35,1847.55,0.07,Two year,71,49+ months,Medium Value,Low-Med Value / Low Risk,2,No
5699-BNCAS,No,0.0059,Low Risk,24.65,1766.75,0.15,Two year,71,49+ months,Medium Value,Low-Med Value / Low Risk,2,No
2900-PHPLN,No,0.0039,Low Risk,19.55,1462.05,0.08,Two year,70,49+ months,Medium Value,Low-Med Value / Low Risk,1,No
0612-RTZZA,Yes,0.5959,High Risk,25.25,25.25,15.05,Month-to-month,1,0-12 months,Low Value,Low-Med Value / High Risk,1,DSL
8106-GWQOK,No,0.0486,Low Risk,60.0,2193.2,2.92,Two year,38,25-48 months,Medium Value,Low-Med Value / Low Risk,6,DSL
8751-EDEKA,No,0.323,Medium Risk,89.9,2433.5,29.03,Month-to-month,28,25-48 months,Medium Value,Low-Med Value / Low Risk,5,Fiber optic
6878-GGDWG,No,0.0508,Low Risk,19.4,641.15,0.98,Month-to-month,32,25-48 months,Medium Value,Low-Med Value / Low Risk,1,No
4039-PIMHX,No,0.0211,Low Risk,49.8,2398.4,1.05,Two year,49,49+ months,Medium Value,Low-Med Value / Low Risk,3,DSL
8450-LUGUK,No,0.0176,Low Risk,24.1,861.85,0.42,Two year,37,25-48 months,Medium Value,Low-Med Value / Low Risk,2,No
3604-WLABM,No,0.2595,Medium Risk,54.25,583.0,14.08,Month-to-month,10,0-12 months,Medium Value,Low-Med Value / Low Risk,4,DSL
0795-GMVQO,No,0.1011,Low Risk,109.9,7332.4,11.11,One year,67,49+ months,High Value,High Value / Low Risk,8,Fiber optic
2259-OUUSZ,No,0.2402,Low Risk,35.5,249.55,8.53,One year,7,0-12 months,Low Value,Low-Med Value / Low Risk,3,DSL
1142-IHLOO,No,0.1584,Low Risk,87.55,4475.9,13.86,One year,51,49+ months,High Value,High Value / Low Risk,4,Fiber optic
6410-LEFEN,Yes,0.3468,Medium Risk,45.15,416.45,15.66,Month-to-month,9,0-12 months,Medium Value,Low-Med Value / Low Risk,2,DSL
4633-MKHYU,No,0.6831,High Risk,88.4,788.6,60.38,Month-to-month,9,0-12 months,Medium Value,Low-Med Value / High Risk,4,Fiber optic
6257-RJOHI,No,0.3236,Medium Risk,50.8,202.3,16.44,Month-to-month,4,0-12 months,Low Value,Low-Med Value / Low Risk,3,DSL
1545-JFUML,No,0.0744,Low Risk,99.0,6994.6,7.37,Two year,71,49+ months,High Value,High Value / Low Risk,7,Fiber optic
3194-ORPIK,Yes,0.3145,Medium Risk,84.4,4116.15,26.55,Month-to-month,50,49+ months,High Value,High Value / Low Risk,4,Fiber optic
7826-VVKWT,No,0.3042,Medium Risk,96.55,2263.45,29.37,Two year,24,13-24 months,Medium Value,Low-Med Value / Low Risk,5,Fiber optic
1353-GHZOS,No,0.1264,Low Risk,59.75,1374.35,7.55,One year,22,13-24 months,Medium Value,Low-Med Value / Low Risk,4,DSL
2587-EKXTS,No,0.4638,Medium Risk,111.5,4915.15,51.72,Month-to-month,44,25-48 months,High Value,High Value / Low Risk,8,Fiber optic
5442-BXVND,No,0.0535,Low Risk,24.25,838.5,1.3,Month-to-month,33,25-48 months,Medium Value,Low-Med Value / Low Risk,2,No
8816-VXNZD,Yes,0.7574,Critical Risk,75.1,75.1,56.88,Month-to-month,1,0-12 months,Low Value,Low-Med Value / High Risk,3,Fiber optic
9378-FXTIZ,Yes,0.1036,Low Risk,70.15,3715.65,7.26,One year,54,49+ months,Medium Value,Low-Med Value / Low Risk,5,DSL
1723-HKXJQ,Yes,0.5678,High Risk,101.75,4273.45,57.77,Month-to-month,42,25-48 months,High Value,High Value / High Risk,6,Fiber optic
7825-GKXMW,Yes,0.4202,Medium Risk,45.8,45.8,19.25,Month-to-month,1,0-12 months,Low Value,Low-Med Value / Low Risk,2,DSL
9753-OYLBX,No,0.1884,Low Risk,20.5,20.5,3.86,Month-to-month,1,0-12 months,Low Value,Low-Med Value / Low Risk,1,No
2364-UFROM,No,0.0594,Low Risk,70.4,2044.75,4.18,One year,30,25-48 months,Medium Value,Low-Med Value / Low Risk,6,DSL
6656-JWRQX,No,0.3895,Medium Risk,30.55,30.55,11.9,Month-to-month,1,0-12 months,Low Value,Low-Med Value / Low Risk,2,DSL
6473-ULUHT,No,0.2318,Low Risk,84.9,1398.25,19.68,Month-to-month,16,13-24 months,Medium Value,Low-Med Value / Low Risk,8,DSL
1240-KNSEZ,Yes,0.2567,Medium Risk,20.1,20.1,5.16,Month-to-month,1,0-12 months,Low Value,Low-Med Value / Low Risk,1,No
0836-SEYLU,Yes,0.3706,Medium Risk,40.65,328.95,15.06,Month-to-month,9,0-12 months,Low Value,Low-Med Value / Low Risk,3,DSL
4433-JCGCG,Yes,0.6169,High Risk,101.0,4680.05,62.3,Month-to-month,46,25-48 months,High Value,High Value / High Risk,6,Fiber optic
3716-BDVDB,Yes,0.709,High Risk,69.1,69.1,48.99,Month-to-month,1,0-12 months,Low Value,Low-Med Value / High Risk,2,Fiber optic
7688-AWMDX,No,0.0042,Low Risk,54.5,3778.2,0.23,Two year,71,49+ months,Medium Value,Low-Med Value / Low Risk,4,DSL
2842-BCQGE,No,0.3336,Medium Risk,75.35,3161.4,25.14,Month-to-month,43,25-48 months,Medium Value,Low-Med Value / Low Risk,3,Fiber optic
7244-QWYHG,No,0.048,Low Risk,44.45,2188.45,2.13,One year,50,49+ months,Medium Value,Low-Med Value / Low Risk,4,DSL
5899-MQZZL,Yes,0.6057,High Risk,75.0,999.45,45.43,Month-to-month,13,13-24 months,Medium Value,Low-Med Value / High Risk,3,Fiber optic
6849-OYAMU,Yes,0.2009,Low Risk,100.0,1888.65,20.09,One year,19,13-24 months,Medium Value,Low-Med Value / Low Risk,6,Fiber optic
5312-UXESG,No,0.4227,Medium Risk,98.05,3990.6,41.45,Month-to-month,41,25-48 months,High Value,High Value / Low Risk,6,Fiber optic
9488-HGMJH,Yes,0.7268,High Risk,71.15,71.15,51.72,Month-to-month,1,0-12 months,Low Value,Low-Med Value / High Risk,2,Fiber optic
6038-GCYEC,Yes,0.3875,Medium Risk,54.15,1240.25,20.98,Month-to-month,24,13-24 months,Medium Value,Low-Med Value / Low Risk,5,DSL
2150-WLKUW,No,0.0831,Low Risk,63.9,2635.0,5.31,One year,40,25-48 months,Medium Value,Low-Med Value / Low Risk,5,DSL
7159-FVYPK,No,0.4304,Medium Risk,69.15,235.0,29.76,Month-to-month,3,0-12 months,Low Value,Low-Med Value / Low Risk,6,DSL
7032-LMBHI,No,0.0693,Low Risk,64.65,2347.85,4.48,One year,37,25-48 months,Medium Value,Low-Med Value / Low Risk,5,DSL
1150-WFARN,Yes,0.0513,Low Risk,108.75,7156.2,5.58,Two year,67,49+ months,High Value,High Value / Low Risk,8,Fiber optic
6088-BXMRG,No,0.5829,High Risk,98.85,3089.6,57.62,Month-to-month,32,25-48 months,Medium Value,Low-Med Value / High Risk,6,Fiber optic
3144-AUDBS,Yes,0.382,Medium Risk,49.15,270.8,18.77,Month-to-month,6,0-12 months,Low Value,Low-Med Value / Low Risk,3,DSL
4821-SJHJV,No,0.3632,Medium Risk,89.6,2901.8,32.54,Month-to-month,32,25-48 months,Medium Value,Low-Med Value / Low Risk,5,Fiber optic
7346-MEDWM,No,0.2932,Medium Risk,83.25,4949.1,24.41,Month-to-month,59,49+ months,High Value,High Value / Low Risk,5,Fiber optic
1137-DGOWI,No,0.0619,Low Risk,70.25,2198.9,4.35,One year,30,25-48 months,Medium Value,Low-Med Value / Low Risk,6,DSL
5616-PRTNT,Yes,0.1354,Low Risk,19.4,374.5,2.63,Month-to-month,20,13-24 months,Low Value,Low-Med Value / Low Risk,1,No
3812-LRZIR,No,0.0284,Low Risk,24.5,761.95,0.7,Two year,27,25-48 months,Medium Value,Low-Med Value / Low Risk,2,No
4818-QIUFN,Yes,0.5593,High Risk,79.15,1520.9,44.27,Month-to-month,20,13-24 months,Medium Value,Low-Med Value / High Risk,4,Fiber optic
9483-GCPWE,No,0.0619,Low Risk,20.1,190.25,1.24,One year,9,0-12 months,Low Value,Low-Med Value / Low Risk,1,No
4227-OJHAL,No,0.0268,Low Risk,73.0,5163.0,1.96,One year,68,49+ months,High Value,High Value / Low Risk,7,DSL
9220-CXRSC,No,0.0048,Low Risk,61.4,4059.85,0.29,Two year,69,49+ months,High Value,High Value / Low Risk,5,DSL
4993-JCRGJ,No,0.4199,Medium Risk,84.3,2281.6,35.39,Month-to-month,26,25-48 months,Medium Value,Low-Med Value / Low Risk,5,Fiber optic
9537-JALFH,No,0.002,Low Risk,19.9,1356.7,0.04,Two year,69,49+ months,Medium Value,Low-Med Value / Low Risk,1,No
6698-OXETB,No,0.0382,Low Risk,20.4,231.45,0.78,Two year,11,0-12 months,Low Value,Low-Med Value / Low Risk,1,No
2103-ZRXFN,No,0.419,Medium Risk,50.75,50.75,21.27,Month-to-month,1,0-12 months,Low Value,Low-Med Value / Low Risk,3,DSL
3724-BSCVH,No,0.0605,Low Risk,20.45,242.4,1.24,One year,10,0-12 months,Low Value,Low-Med Value / Low Risk,1,No
4877-TSOFF,No,0.0299,Low Risk,75.75,4264.25,2.26,One year,55,49+ months,High Value,High Value / Low Risk,7,DSL
9209-NWPGU,No,0.0418,Low Risk,65.4,2774.55,2.74,One year,44,25-48 months,Medium Value,Low-Med Value / Low Risk,5,DSL
6961-VCPMC,Yes,0.4439,Medium Risk,80.4,3605.2,35.69,Month-to-month,46,25-48 months,Medium Value,Low-Med Value / Low Risk,3,Fiber optic
7306-YDSOI,No,0.0066,Low Risk,59.75,4069.9,0.4,Two year,69,49+ months,High Value,High Value / Low Risk,5,DSL
5288-AHOUP,No,0.7194,High Risk,78.5,874.2,56.48,Month-to-month,11,0-12 months,Medium Value,Low-Med Value / High Risk,3,Fiber optic
6688-UZPWD,Yes,0.7551,Critical Risk,102.0,1145.35,77.02,Month-to-month,11,0-12 months,Medium Value,Low-Med Value / High Risk,6,Fiber optic
0655-YDGFJ,No,0.1388,Low Risk,48.95,1323.7,6.79,Month-to-month,29,25-48 months,Medium Value,Low-Med Value / Low Risk,3,DSL
8468-EHYJA,No,0.3962,Medium Risk,99.65,5497.05,39.48,Month-to-month,57,49+ months,High Value,High Value / Low Risk,6,Fiber optic
6823-SIDFQ,No,0.0306,Low Risk,18.25,534.7,0.56,One year,28,25-48 months,Medium Value,Low-Med Value / Low Risk,1,No
1097-FSPVW,No,0.0617,Low Risk,54.55,2455.05,3.36,Month-to-month,42,25-48 months,Medium Value,Low-Med Value / Low Risk,4,DSL
2839-RFSQE,Yes,0.1809,Low Risk,20.65,38.7,3.74,Month-to-month,2,0-12 months,Low Value,Low-Med Value / Low Risk,1,No
8328-SKJNO,No,0.0507,Low Risk,40.65,947.4,2.06,One year,23,13-24 months,Medium Value,Low-Med Value / Low Risk,4,DSL
7010-ZMVBF,No,0.079,Low Risk,20.45,357.0,1.62,Month-to-month,18,13-24 months,Low Value,Low-Med Value / Low Risk,1,No
5201-CBWYG,No,0.0075,Low Risk,24.8,1476.25,0.19,One year,62,49+ months,Medium Value,Low-Med Value / Low Risk,2,No
0968-GSIKN,Yes,0.6289,High Risk,70.8,70.8,44.53,Month-to-month,1,0-12 months,Low Value,Low-Med Value / High Risk,2,Fiber optic
1965-DDBWU,Yes,0.5391,High Risk,89.05,1448.6,48.01,Month-to-month,16,13-24 months,Medium Value,Low-Med Value / High Risk,5,Fiber optic
9057-SIHCH,Yes,0.8174,Critical Risk,96.6,291.9,78.96,Month-to-month,3,0-12 months,Low Value,Low-Med Value / High Risk,5,Fiber optic
6352-GIGGQ,No,0.0364,Low Risk,88.8,5903.15,3.23,One year,67,49+ months,High Value,High Value / Low Risk,9,DSL
3635-QQRQD,No,0.0048,Low Risk,20.05,1201.65,0.1,Two year,62,49+ months,Medium Value,Low-Med Value / Low Risk,1,No
6771-XWBDM,Yes,0.3707,Medium Risk,104.5,5921.35,38.74,Month-to-month,57,49+ months,High Value,High Value / Low Risk,7,Fiber optic
2897-DOVND,No,0.6995,High Risk,69.8,146.65,48.82,Month-to-month,2,0-12 months,Low Value,Low-Med Value / High Risk,2,Fiber optic
3082-YVEKW,No,0.0496,Low Risk,77.15,1759.4,3.83,Two year,23,13-24 months,Medium Value,Low-Med Value / Low Risk,7,DSL
0191-EQUUH,No,0.0286,Low Risk,35.05,844.45,1.0,Two year,25,25-48 months,Medium Value,Low-Med Value / Low Risk,3,DSL
7134-HBPBS,No,0.0847,Low Risk,108.1,7774.05,9.16,Two year,72,49+ months,High Value,High Value / Low Risk,8,Fiber optic
3489-HHPFY,No,0.7958,Critical Risk,84.05,134.05,66.89,Month-to-month,2,0-12 months,Low Value,Low-Med Value / High Risk,4,Fiber optic
2926-JEJJC,No,0.1022,Low Risk,20.2,140.95,2.07,One year,8,0-12 months,Low Value,Low-Med Value / Low Risk,1,No
8601-QACRS,Yes,0.4668,Medium Risk,50.6,249.95,23.62,Month-to-month,5,0-12 months,Low Value,Low-Med Value / Low Risk,3,DSL
4950-BDEUX,No,0.3385,Medium Risk,49.2,1701.65,16.66,Month-to-month,35,25-48 months,Medium Value,Low-Med Value / Low Risk,4,DSL
5789-LDFXO,No,0.0717,Low Risk,24.6,592.65,1.76,One year,24,13-24 months,Medium Value,Low-Med Value / Low Risk,2,No
0508-OOLTO,No,0.6419,High Risk,71.65,135.75,45.99,Month-to-month,2,0-12 months,Low Value,Low-Med Value / High Risk,2,Fiber optic
2984-TBYKU,No,0.0312,Low Risk,104.9,7732.65,3.27,Two year,72,49+ months,High Value,High Value / Low Risk,8,Fiber optic
9822-WMWVG,No,0.3196,Medium Risk,106.5,4282.4,34.04,Month-to-month,41,25-48 months,High Value,High Value / Low Risk,8,Fiber optic
2391-SOORI,Yes,0.2609,Medium Risk,49.35,219.65,12.88,Month-to-month,4,0-12 months,Low Value,Low-Med Value / Low Risk,3,DSL
9040-KZVWO,No,0.1714,Low Risk,75.5,2018.1,12.94,One year,26,25-48 months,Medium Value,Low-Med Value / Low Risk,3,Fiber optic
2645-QTLMB,Yes,0.7278,High Risk,94.25,669.0,68.59,Month-to-month,7,0-12 months,Medium Value,Low-Med Value / High Risk,5,Fiber optic
4806-HIPDW,Yes,0.7096,High Risk,68.95,68.95,48.93,Month-to-month,1,0-12 months,Low Value,Low-Med Value / High Risk,2,Fiber optic
1548-ARAGG,No,0.3082,Medium Risk,58.5,224.85,18.03,Month-to-month,4,0-12 months,Low Value,Low-Med Value / Low Risk,5,DSL
6339-RZCBJ,No,0.0241,Low Risk,78.9,3771.5,1.9,Two year,48,25-48 months,Medium Value,Low-Med Value / Low Risk,7,DSL
4424-TKOPW,Yes,0.851,Critical Risk,93.85,196.75,79.87,Month-to-month,2,0-12 months,Low Value,Low-Med Value / High Risk,5,Fiber optic
4415-WNGVR,No,0.2301,Low Risk,79.2,943.85,18.23,One year,12,0-12 months,Medium Value,Low-Med Value / Low Risk,7,DSL
2522-AHJXR,No,0.25,Medium Risk,109.45,6572.85,27.36,Month-to-month,60,49+ months,High Value,High Value / Low Risk,8,Fiber optic
0412-UCCNP,No,0.0162,Low Risk,59.2,3175.85,0.96,Two year,55,49+ months,Medium Value,Low-Med Value / Low Risk,5,DSL
1816-FLZDK,No,0.4003,Medium Risk,29.15,29.15,11.67,Month-to-month,1,0-12 months,Low Value,Low-Med Value / Low Risk,2,DSL
7096-UCLNH,No,0.1928,Low Risk,20.05,20.05,3.87,Month-to-month,1,0-12 months,Low Value,Low-Med Value / Low Risk,1,No
8443-ZRDBZ,Yes,0.7398,High Risk,76.05,318.9,56.27,Month-to-month,4,0-12 months,Low Value,Low-Med Value / High Risk,3,Fiber optic
9136-ALYBR,Yes,0.5831,High Risk,24.45,24.45,14.26,Month-to-month,1,0-12 months,Low Value,Low-Med Value / High Risk,1,DSL
4615-PIVVU,No,0.0232,Low Risk,66.5,2762.75,1.54,Two year,42,25-48 months,Medium Value,Low-Med Value / Low Risk,5,DSL
8885-QSQBX,No,0.2489,Low Risk,49.55,49.55,12.33,Month-to-month,1,0-12 months,Low Value,Low-Med Value / Low Risk,3,DSL
7479-NITWS,Yes,0.6803,High Risk,89.35,631.85,60.79,Month-to-month,7,0-12 months,Medium Value,Low-Med Value / High Risk,5,Fiber optic
8617-ENBDS,No,0.5928,High Risk,73.6,232.5,43.63,Month-to-month,3,0-12 months,Low Value,Low-Med Value / High Risk,3,Fiber optic
9385-NXKDA,No,0.0218,Low Risk,82.65,5919.35,1.8,Two year,72,49+ months,High Value,High Value / Low Risk,8,DSL
0430-IHCDJ,No,0.4584,Medium Risk,49.0,749.25,22.46,Month-to-month,15,13-24 months,Medium Value,Low-Med Value / Low Risk,3,DSL
2959-MJHIC,Yes,0.7332,High Risk,80.35,307.4,58.91,Month-to-month,4,0-12 months,Low Value,Low-Med Value / High Risk,3,Fiber optic
6674-KVJHG,No,0.1184,Low Risk,25.2,245.15,2.98,One year,11,0-12 months,Low Value,Low-Med Value / Low Risk,2,No
1814-DKOLC,No,0.2054,Low Risk,25.45,134.75,5.23,Month-to-month,5,0-12 months,Low Value,Low-Med Value / Low Risk,2,No
4201-JMNGR,Yes,0.4318,Medium Risk,55.8,55.8,24.1,Month-to-month,1,0-12 months,Low Value,Low-Med Value / Low Risk,4,DSL
9351-HXDMR,No,0.0623,Low Risk,110.9,8240.85,6.91,Two year,72,49+ months,High Value,High Value / Low Risk,8,Fiber optic
3537-HPKQT,No,0.2354,Low Risk,77.75,4266.4,18.3,Month-to-month,55,49+ months,High Value,High Value / Low Risk,4,Fiber optic
2129-ALKBS,No,0.0787,Low Risk,26.2,1077.5,2.06,Month-to-month,40,25-48 months,Medium Value,Low-Med Value / Low Risk,2,No
5821-MMEIL,No,0.0044,Low Risk,19.9,1115.6,0.09,Two year,57,49+ months,Medium Value,Low-Med Value / Low Risk,1,No
5960-WPXQM,Yes,0.7528,Critical Risk,79.05,79.05,59.51,Month-to-month,1,0-12 months,Low Value,Low-Med Value / High Risk,3,Fiber optic
0684-AOSIH,Yes,0.7139,High Risk,95.0,95.0,67.82,Month-to-month,1,0-12 months,Low Value,Low-Med Value / High Risk,5,Fiber optic
8260-NGFNY,Yes,0.483,Medium Risk,25.2,25.2,12.17,Month-to-month,1,0-12 months,Low Value,Low-Med Value / Low Risk,1,DSL
1309-XGFSN,No,0.1362,Low Risk,80.85,4079.55,11.01,One year,52,49+ months,High Value,High Value / Low Risk,7,DSL
1866-RZZQS,Yes,0.6554,High Risk,98.4,4187.75,64.49,Month-to-month,41,25-48 months,High Value,High Value / High Risk,6,Fiber optic
6968-URWQU,No,0.0907,Low Risk,56.35,2391.15,5.11,One year,43,25-48 months,Medium Value,Low-Med Value / Low Risk,3,DSL
4742-TXUEX,No,0.0056,Low Risk,19.3,890.5,0.11,Two year,47,25-48 months,Medium Value,Low-Med Value / Low Risk,1,No
9631-XEYKE,No,0.3847,Medium Risk,50.4,137.25,19.39,Month-to-month,3,0-12 months,Low Value,Low-Med Value / Low Risk,3,DSL
8631-NBHFZ,Yes,0.0087,Low Risk,79.4,5154.6,0.69,Two year,66,49+ months,High Value,High Value / Low Risk,8,DSL
1335-MXCSE,No,0.0129,Low Risk,55.25,3119.9,0.72,Two year,55,49+ months,Medium Value,Low-Med Value / Low Risk,4,DSL
8873-TMKGR,No,0.0317,Low Risk,19.1,529.5,0.61,One year,29,25-48 months,Medium Value,Low-Med Value / Low Risk,1,No
8800-JOOCF,No,0.6891,High Risk,84.05,966.55,57.92,Month-to-month,12,0-12 months,Medium Value,Low-Med Value / High Risk,4,Fiber optic
1469-LBJQJ,No,0.4137,Medium Risk,105.2,6936.85,43.52,Month-to-month,66,49+ months,High Value,High Value / Low Risk,7,Fiber optic
4958-XCBDQ,Yes,0.6759,High Risk,101.4,3496.3,68.53,Month-to-month,35,25-48 months,Medium Value,Low-Med Value / High Risk,6,Fiber optic
8337-UPOAQ,Yes,0.7759,Critical Risk,89.8,914.3,69.68,Month-to-month,10,0-12 months,Medium Value,Low-Med Value / High Risk,5,Fiber optic
0064-YIJGF,No,0.4169,Medium Risk,75.75,1929.0,31.58,Month-to-month,27,25-48 months,Medium Value,Low-Med Value / Low Risk,3,Fiber optic
2386-OWURY,No,0.3397,Medium Risk,95.3,5817.7,32.37,Month-to-month,58,49+ months,High Value,High Value / Low Risk,5,Fiber optic
1725-IQNIY,Yes,0.0447,Low Risk,109.75,6110.2,4.91,Two year,54,49+ months,High Value,High Value / Low Risk,8,Fiber optic
0310-VQXAM,No,0.1418,Low Risk,19.85,178.8,2.81,Month-to-month,9,0-12 months,Low Value,Low-Med Value / Low Risk,1,No
6598-RFFVI,Yes,0.0943,Low Risk,19.3,28.3,1.82,One year,2,0-12 months,Low Value,Low-Med Value / Low Risk,1,No
3453-RTHJQ,No,0.6726,High Risk,69.1,435.0,46.48,Month-to-month,6,0-12 months,Medium Value,Low-Med Value / High Risk,2,Fiber optic
6712-OAWRH,Yes,0.6612,High Risk,91.25,2351.8,60.34,Month-to-month,26,25-48 months,Medium Value,Low-Med Value / High Risk,4,Fiber optic
6278-FEPBZ,No,0.1386,Low Risk,20.25,186.15,2.81,Month-to-month,9,0-12 months,Low Value,Low-Med Value / Low Risk,1,No
4280-DLSHD,No,0.3343,Medium Risk,54.75,445.85,18.31,Month-to-month,8,0-12 months,Medium Value,Low-Med Value / Low Risk,4,DSL
1508-DFXCU,No,0.6686,High Risk,81.45,912.0,54.46,Month-to-month,12,0-12 months,Medium Value,Low-Med Value / High Risk,3,Fiber optic
8614-VGMMV,Yes,0.4488,Medium Risk,49.1,679.55,22.04,Month-to-month,15,13-24 months,Medium Value,Low-Med Value / Low Risk,3,DSL
7868-BGSZA,No,0.1598,Low Risk,80.2,3581.6,12.81,One year,43,25-48 months,Medium Value,Low-Med Value / Low Risk,7,DSL
2800-QQUSO,No,0.5218,High Risk,100.3,4222.95,52.34,Month-to-month,42,25-48 months,High Value,High Value / High Risk,6,Fiber optic
2930-UOTMB,Yes,0.0854,Low Risk,65.25,1994.3,5.57,Month-to-month,31,25-48 months,Medium Value,Low-Med Value / Low Risk,6,DSL
7973-DZRKH,No,0.0253,Low Risk,90.95,5930.05,2.3,Two year,66,49+ months,High Value,High Value / Low Risk,6,Fiber optic
5914-DVBWJ,Yes,0.5467,High Risk,85.45,1505.85,46.72,Month-to-month,18,13-24 months,Medium Value,Low-Med Value / High Risk,5,Fiber optic
7698-YFGEZ,No,0.1929,Low Risk,20.0,20.0,3.86,Month-to-month,1,0-12 months,Low Value,Low-Med Value / Low Risk,1,No
2533-QVMSK,Yes,0.0968,Low Risk,94.1,5638.3,9.11,Two year,61,49+ months,High Value,High Value / Low Risk,6,Fiber optic
9773-PEQBZ,No,0.5804,High Risk,79.85,797.25,46.35,Month-to-month,10,0-12 months,Medium Value,Low-Med Value / High Risk,4,Fiber optic
8644-XLFBW,Yes,0.7292,High Risk,71.65,71.65,52.24,Month-to-month,1,0-12 months,Low Value,Low-Med Value / High Risk,2,Fiber optic
0650-BWOZN,No,0.5693,High Risk,73.55,1359.45,41.87,Month-to-month,18,13-24 months,Medium Value,Low-Med Value / High Risk,3,Fiber optic
8625-AZYZY,Yes,0.6913,High Risk,104.65,2542.45,72.34,Month-to-month,24,13-24 months,Medium Value,Low-Med Value / High Risk,7,Fiber optic
7785-RDVIG,No,0.1495,Low Risk,19.3,54.7,2.89,Month-to-month,3,0-12 months,Low Value,Low-Med Value / Low Risk,1,No
9602-WCXPI,No,0.0109,Low Risk,20.15,989.05,0.22,One year,50,49+ months,Medium Value,Low-Med Value / Low Risk,1,No
2903-YYTBW,No,0.3812,Medium Risk,44.55,44.55,16.98,Month-to-month,1,0-12 months,Low Value,Low-Med Value / Low Risk,2,DSL
3620-MWJNE,No,0.2565,Medium Risk,54.45,87.3,13.97,Month-to-month,2,0-12 months,Low Value,Low-Med Value / Low Risk,4,DSL
8573-JGCZW,No,0.0722,Low Risk,19.65,351.55,1.42,One year,17,13-24 months,Low Value,Low-Med Value / Low Risk,1,No
6837-HAEVO,No,0.1251,Low Risk,105.0,7297.75,13.13,Two year,69,49+ months,High Value,High Value / Low Risk,7,Fiber optic
6701-YVNQG,No,0.0165,Low Risk,88.7,6301.7,1.46,Two year,72,49+ months,High Value,High Value / Low Risk,9,DSL
9306-CPCBC,Yes,0.747,High Risk,74.25,210.3,55.46,Month-to-month,3,0-12 months,Low Value,Low-Med Value / High Risk,3,Fiber optic
4304-XUMGI,No,0.0307,Low Risk,75.15,3822.45,2.31,Two year,50,49+ months,High Value,High Value / Low Risk,7,DSL
9504-YAZWB,No,0.0055,Low Risk,20.25,1048.45,0.11,Two year,53,49+ months,Medium Value,Low-Med Value / Low Risk,1,No
8819-ZBYNA,No,0.0725,Low Risk,109.1,6393.65,7.91,Two year,58,49+ months,High Value,High Value / Low Risk,8,Fiber optic
6174-NRBTZ,No,0.0556,Low Risk,30.75,1489.3,1.71,One year,46,25-48 months,Medium Value,Low-Med Value / Low Risk,2,DSL
9481-IEBZY,No,0.1967,Low Risk,112.9,8061.5,22.21,Month-to-month,72,49+ months,High Value,High Value / Low Risk,9,Fiber optic
1833-VGRUM,Yes,0.7857,Critical Risk,74.2,74.2,58.3,Month-to-month,1,0-12 months,Low Value,Low-Med Value / High Risk,3,Fiber optic
6137-NICCO,No,0.6195,High Risk,94.05,518.75,58.26,Month-to-month,6,0-12 months,Medium Value,Low-Med Value / High Risk,6,Fiber optic
9065-ZCPQX,No,0.0084,Low Risk,78.85,5763.15,0.66,Two year,72,49+ months,High Value,High Value / Low Risk,8,DSL
6402-EJMWF,No,0.4691,Medium Risk,55.3,238.5,25.94,Month-to-month,4,0-12 months,Low Value,Low-Med Value / Low Risk,3,DSL
3620-EHIMZ,No,0.0048,Low Risk,19.35,1031.7,0.09,Two year,52,49+ months,Medium Value,Low-Med Value / Low Risk,1,No
3213-VVOLG,No,0.0669,Low Risk,25.35,0.0,1.7,Two year,0,0-12 months,Low Value,Low-Med Value / Low Risk,2,No
6870-ECSHE,No,0.1,Low Risk,20.45,34.8,2.04,One year,2,0-12 months,Low Value,Low-Med Value / Low Risk,1,No
8747-UDCOI,No,0.0031,Low Risk,19.35,1319.95,0.06,Two year,65,49+ months,Medium Value,Low-Med Value / Low Risk,1,No
8374-XGEJJ,Yes,0.6054,High Risk,101.0,4388.4,61.14,Month-to-month,43,25-48 months,High Value,High Value / High Risk,6,Fiber optic
2656-TABEH,Yes,0.797,Critical Risk,100.2,420.2,79.86,Month-to-month,4,0-12 months,Medium Value,Low-Med Value / High Risk,6,Fiber optic
6946-LMSQS,Yes,0.4276,Medium Risk,89.05,2177.45,38.08,One year,25,25-48 months,Medium Value,Low-Med Value / Low Risk,5,Fiber optic
4626-OZDTJ,No,0.0775,Low Risk,78.65,3950.85,6.1,One year,51,49+ months,High Value,High Value / Low Risk,7,DSL
9169-BSVIN,No,0.4106,Medium Risk,74.75,827.05,30.69,Month-to-month,12,0-12 months,Medium Value,Low-Med Value / Low Risk,6,DSL
2325-ZUSFD,Yes,0.0405,Low Risk,70.1,3913.3,2.84,One year,57,49+ months,High Value,High Value / Low Risk,5,DSL
8194-PEEBY,No,0.0322,Low Risk,19.9,533.5,0.64,One year,24,13-24 months,Medium Value,Low-Med Value / Low Risk,1,No
6872-HXFNF,No,0.0215,Low Risk,58.35,3756.45,1.25,One year,64,49+ months,Medium Value,Low-Med Value / Low Risk,5,DSL
3932-CMDTD,Yes,0.4824,Medium Risk,105.65,443.9,50.96,One year,4,0-12 months,Medium Value,Low-Med Value / Low Risk,7,Fiber optic
7714-YXSMB,No,0.6125,High Risk,100.5,2599.95,61.55,Month-to-month,26,25-48 months,Medium Value,Low-Med Value / High Risk,6,Fiber optic
8387-UGUSU,No,0.0901,Low Risk,20.05,284.3,1.81,Month-to-month,15,13-24 months,Low Value,Low-Med Value / Low Risk,1,No
1080-BWSYE,No,0.0053,Low Risk,25.65,1740.8,0.13,Two year,64,49+ months,Medium Value,Low-Med Value / Low Risk,2,No
4039-HEUNW,Yes,0.6557,High Risk,96.5,3436.1,63.28,Month-to-month,36,25-48 months,Medium Value,Low-Med Value / High Risk,6,Fiber optic
1194-HVAIF,No,0.5101,High Risk,95.0,2462.55,48.46,Month-to-month,27,25-48 months,Medium Value,Low-Med Value / High Risk,5,Fiber optic
0812-WUPTB,Yes,0.585,High Risk,70.85,70.85,41.45,Month-to-month,1,0-12 months,Low Value,Low-Med Value / High Risk,2,Fiber optic
3594-UVONA,Yes,0.099,Low Risk,85.95,3110.1,8.51,One year,35,25-48 months,Medium Value,Low-Med Value / Low Risk,8,DSL
0004-TLHLJ,Yes,0.6785,High Risk,73.9,280.85,50.14,Month-to-month,4,0-12 months,Low Value,Low-Med Value / High Risk,3,Fiber optic
1767-TGTKO,No,0.3956,Medium Risk,45.45,411.75,17.98,Month-to-month,8,0-12 months,Medium Value,Low-Med Value / Low Risk,2,DSL
8439-LTUGF,No,0.1702,Low Risk,20.0,198.6,3.4,Month-to-month,10,0-12 months,Low Value,Low-Med Value / Low Risk,1,No
8805-JNRAZ,No,0.3058,Medium Risk,49.2,103.7,15.04,Month-to-month,2,0-12 months,Low Value,Low-Med Value / Low Risk,3,DSL
5089-IFSDP,Yes,0.0961,Low Risk,109.45,6144.55,10.51,Two year,58,49+ months,High Value,High Value / Low Risk,8,Fiber optic
6418-HNFED,No,0.0218,Low Risk,83.25,4089.45,1.81,Two year,51,49+ months,High Value,High Value / Low Risk,8,DSL
0206-OYVOC,No,0.009,Low Risk,19.25,864.2,0.17,Two year,46,25-48 months,Medium Value,Low-Med Value / Low Risk,1,No
7291-CDTMJ,No,0.2456,Low Risk,19.65,19.65,4.83,Month-to-month,1,0-12 months,Low Value,Low-Med Value / Low Risk,1,No
7128-GGCNO,No,0.2475,Low Risk,72.8,3249.4,18.02,Month-to-month,46,25-48 months,Medium Value,Low-Med Value / Low Risk,3,Fiber optic
0237-YFUTL,No,0.2656,Medium Risk,109.65,5405.8,29.13,Month-to-month,50,49+ months,High Value,High Value / Low Risk,8,Fiber optic
7691-KGKGP,No,0.0419,Low Risk,65.0,3363.8,2.72,Month-to-month,53,49+ months,Medium Value,Low-Med Value / Low Risk,5,DSL
6710-HSJRD,No,0.3839,Medium Risk,114.1,7132.15,43.8,Month-to-month,61,49+ months,High Value,High Value / Low Risk,8,Fiber optic
3675-EQOZA,No,0.1548,Low Risk,20.65,93.55,3.2,Month-to-month,5,0-12 months,Low Value,Low-Med Value / Low Risk,1,No
0840-DCNZE,No,0.0472,Low Risk,86.95,4138.9,4.11,One year,47,25-48 months,High Value,High Value / Low Risk,8,DSL
1732-FEKLD,No,0.1884,Low Risk,94.75,5121.75,17.85,One year,54,49+ months,High Value,High Value / Low Risk,6,Fiber optic
9862-KJTYK,No,0.3087,Medium Risk,25.35,566.1,7.83,Month-to-month,19,13-24 months,Medium Value,Low-Med Value / Low Risk,1,DSL
0479-HMSWA,No,0.1789,Low Risk,105.45,2715.3,18.86,Two year,26,25-48 months,Medium Value,Low-Med Value / Low Risk,7,Fiber optic
5854-KSRBJ,No,0.003,Low Risk,25.4,1782.05,0.08,Two year,70,49+ months,Medium Value,Low-Med Value / Low Risk,2,No
0365-BZUWY,No,0.734,High Risk,102.55,1742.5,75.28,Month-to-month,17,13-24 months,Medium Value,Low-Med Value / High Risk,7,Fiber optic
4817-VYYWS,Yes,0.6441,High Risk,100.2,2983.8,64.54,Month-to-month,30,25-48 months,Medium Value,Low-Med Value / High Risk,6,Fiber optic
5701-SVCWR,No,0.202,Low Risk,24.0,24.0,4.85,Month-to-month,1,0-12 months,Low Value,Low-Med Value / Low Risk,2,No
3129-AAQOU,No,0.0288,Low Risk,25.6,485.9,0.74,Two year,19,13-24 months,Medium Value,Low-Med Value / Low Risk,2,No
4922-CVPDX,No,0.0947,Low Risk,73.5,1905.7,6.96,Two year,26,25-48 months,Medium Value,Low-Med Value / Low Risk,6,DSL
1396-QWFBJ,Yes,0.3624,Medium Risk,74.05,1565.7,26.84,Month-to-month,21,13-24 months,Medium Value,Low-Med Value / Low Risk,3,Fiber optic
1357-BIJKI,No,0.3529,Medium Risk,98.25,4858.7,34.67,One year,50,49+ months,High Value,High Value / Low Risk,6,Fiber optic
1099-BTKWT,No,0.0668,Low Risk,54.4,3723.65,3.63,One year,68,49+ months,Medium Value,Low-Med Value / Low Risk,5,DSL
5299-SJCZT,Yes,0.7502,Critical Risk,101.55,298.35,76.18,Month-to-month,3,0-12 months,Low Value,Low-Med Value / High Risk,6,Fiber optic
2018-PZKMU,No,0.5163,High Risk,103.1,970.45,53.23,Month-to-month,9,0-12 months,Medium Value,Low-Med Value / High Risk,6,Fiber optic
7340-KEFQE,No,0.01,Low Risk,34.2,1782.0,0.34,Two year,51,49+ months,Medium Value,Low-Med Value / Low Risk,3,DSL
4570-QHXHL,No,0.4401,Medium Risk,43.75,405.7,19.25,Month-to-month,9,0-12 months,Medium Value,Low-Med Value / Low Risk,2,DSL
2403-BCASL,Yes,0.3126,Medium Risk,111.95,4534.9,34.99,One year,41,25-48 months,High Value,High Value / Low Risk,8,Fiber optic
7392-YYPYJ,No,0.7074,High Risk,100.65,2415.95,71.2,Month-to-month,22,13-24 months,Medium Value,Low-Med Value / High Risk,6,Fiber optic
2898-LSJGD,Yes,0.2527,Medium Risk,55.95,1157.05,14.14,One year,21,13-24 months,Medium Value,Low-Med Value / Low Risk,5,DSL
2223-GDSHL,No,0.0467,Low Risk,116.05,8297.5,5.42,Two year,71,49+ months,High Value,High Value / Low Risk,9,Fiber optic
7359-PTSXY,Yes,0.4255,Medium Risk,45.75,45.75,19.46,Month-to-month,1,0-12 months,Low Value,Low-Med Value / Low Risk,2,DSL
9470-RTWDV,No,0.1463,Low Risk,82.0,2083.1,12.0,One year,26,25-48 months,Medium Value,Low-Med Value / Low Risk,7,DSL
2176-OSJUV,No,0.0057,Low Risk,65.15,4681.75,0.37,Two year,71,49+ months,High Value,High Value / Low Risk,6,DSL
9348-YVOMK,No,0.3885,Medium Risk,44.8,176.2,17.41,Month-to-month,4,0-12 months,Low Value,Low-Med Value / Low Risk,2,DSL
8104-OSKWT,No,0.5915,High Risk,79.8,1001.2,47.2,Month-to-month,12,0-12 months,Medium Value,Low-Med Value / High Risk,4,Fiber optic
4521-YEEHE,No,0.6247,High Risk,88.85,1594.75,55.5,Month-to-month,18,13-24 months,Medium Value,Low-Med Value / High Risk,5,Fiber optic
4090-KPJIP,No,0.7447,High Risk,74.95,212.4,55.82,Month-to-month,3,0-12 months,Low Value,Low-Med Value / High Risk,3,Fiber optic
3786-WOVKF,No,0.1393,Low Risk,106.85,7677.4,14.88,One year,72,49+ months,High Value,High Value / Low Risk,7,Fiber optic
4503-BDXBD,Yes,0.4978,Medium Risk,74.95,815.5,37.31,Month-to-month,11,0-12 months,Medium Value,Low-Med Value / Low Risk,3,Fiber optic
6086-ESGRL,Yes,0.5712,High Risk,80.15,80.15,45.78,Month-to-month,1,0-12 months,Low Value,Low-Med Value / High Risk,3,Fiber optic
2592-HODOV,No,0.0589,Low Risk,19.3,259.65,1.14,One year,13,13-24 months,Low Value,Low-Med Value / Low Risk,1,No
3886-CERTZ,Yes,0.1928,Low Risk,109.25,8109.8,21.06,One year,72,49+ months,High Value,High Value / Low Risk,8,Fiber optic
7995-ZHHNZ,No,0.0437,Low Risk,56.1,2386.85,2.45,One year,42,25-48 months,Medium Value,Low-Med Value / Low Risk,4,DSL
3824-RHKVR,No,0.0916,Low Risk,19.7,340.35,1.8,Month-to-month,17,13-24 months,Low Value,Low-Med Value / Low Risk,1,No
5816-SCGFC,No,0.3717,Medium Risk,51.3,419.35,19.07,Month-to-month,7,0-12 months,Medium Value,Low-Med Value / Low Risk,3,DSL
5989-AXPUC,No,0.0441,Low Risk,118.6,7990.05,5.23,Two year,68,49+ months,High Value,High Value / Low Risk,9,Fiber optic
4979-HPRFL,No,0.0054,Low Risk,24.15,1402.25,0.13,Two year,56,49+ months,Medium Value,Low-Med Value / Low Risk,2,No
8590-OHDIW,No,0.0167,Low Risk,20.3,749.35,0.34,One year,38,25-48 months,Medium Value,Low-Med Value / Low Risk,1,No
8015-IHCGW,No,0.0649,Low Risk,115.5,8425.15,7.49,Two year,72,49+ months,High Value,High Value / Low Risk,9,Fiber optic
2332-TODQS,No,0.0163,Low Risk,25.05,1171.5,0.41,One year,48,25-48 months,Medium Value,Low-Med Value / Low Risk,2,No
9278-VZKCD,No,0.4514,Medium Risk,109.1,5647.95,49.24,Month-to-month,52,49+ months,High Value,High Value / Low Risk,8,Fiber optic
8008-OTEZX,No,0.0195,Low Risk,19.65,708.8,0.38,One year,35,25-48 months,Medium Value,Low-Med Value / Low Risk,1,No
2773-OVBPK,No,0.0884,Low Risk,111.3,7567.2,9.84,Two year,67,49+ months,High Value,High Value / Low Risk,8,Fiber optic
5999-LCXAO,No,0.3803,Medium Risk,29.9,29.9,11.37,Month-to-month,1,0-12 months,Low Value,Low-Med Value / Low Risk,2,DSL
5206-XZZQI,No,0.1591,Low Risk,80.6,4348.1,12.82,Month-to-month,53,49+ months,High Value,High Value / Low Risk,4,Fiber optic
4803-LBYPN,No,0.0393,Low Risk,20.8,635.9,0.82,Month-to-month,34,25-48 months,Medium Value,Low-Med Value / Low Risk,1,No
5759-RCVCB,Yes,0.4911,Medium Risk,35.2,108.95,17.29,Month-to-month,3,0-12 months,Low Value,Low-Med Value / Low Risk,2,DSL
6372-RFVNS,Yes,0.6789,High Risk,78.8,78.8,53.5,Month-to-month,1,0-12 months,Low Value,Low-Med Value / High Risk,3,Fiber optic
2139-FQHLM,No,0.3656,Medium Risk,89.95,1682.4,32.88,Month-to-month,19,13-24 months,Medium Value,Low-Med Value / Low Risk,5,Fiber optic
8261-GWDBQ,No,0.0815,Low Risk,116.05,6925.9,9.46,Two year,60,49+ months,High Value,High Value / Low Risk,9,Fiber optic
1093-YSWCA,No,0.035,Low Risk,19.55,223.15,0.68,Two year,11,0-12 months,Low Value,Low-Med Value / Low Risk,1,No
8938-UMKPI,Yes,0.5397,High Risk,106.4,5127.95,57.42,Month-to-month,47,25-48 months,High Value,High Value / High Risk,7,Fiber optic
0991-BRRFB,Yes,0.2011,Low Risk,49.4,874.8,9.93,Month-to-month,18,13-24 months,Medium Value,Low-Med Value / Low Risk,3,DSL
3882-IYOIJ,No,0.0382,Low Risk,115.25,6758.45,4.41,Two year,60,49+ months,High Value,High Value / Low Risk,9,Fiber optic
8749-TZYEC,No,0.0032,Low Risk,24.8,1874.3,0.08,Two year,72,49+ months,Medium Value,Low-Med Value / Low Risk,2,No
1755-FZQEC,No,0.0202,Low Risk,19.9,791.15,0.4,One year,39,25-48 months,Medium Value,Low-Med Value / Low Risk,1,No
3115-JPJDD,No,0.0675,Low Risk,81.25,4639.45,5.48,One year,59,49+ months,High Value,High Value / Low Risk,4,Fiber optic
5600-KTXFM,No,0.4886,Medium Risk,69.95,143.9,34.18,Month-to-month,2,0-12 months,Low Value,Low-Med Value / Low Risk,2,Fiber optic
3871-IKPYH,Yes,0.6605,High Risk,69.1,69.1,45.64,Month-to-month,1,0-12 months,Low Value,Low-Med Value / High Risk,2,Fiber optic
6319-IEJWJ,Yes,0.6297,High Risk,90.2,1776.55,56.8,Month-to-month,20,13-24 months,Medium Value,Low-Med Value / High Risk,4,Fiber optic
9025-AOMKI,Yes,0.746,High Risk,93.55,536.4,69.79,Month-to-month,6,0-12 months,Medium Value,Low-Med Value / High Risk,5,Fiber optic
6339-TBELP,No,0.0397,Low Risk,86.4,6172.0,3.43,Two year,71,49+ months,High Value,High Value / Low Risk,5,Fiber optic
7964-YESJC,No,0.1409,Low Risk,66.3,1559.45,9.34,Month-to-month,24,13-24 months,Medium Value,Low-Med Value / Low Risk,6,DSL
6173-GOLSU,No,0.3494,Medium Risk,94.65,6079.0,33.07,Month-to-month,67,49+ months,High Value,High Value / Low Risk,5,Fiber optic
5275-SQEIZ,Yes,0.6833,High Risk,80.85,80.85,55.25,Month-to-month,1,0-12 months,Low Value,Low-Med Value / High Risk,3,Fiber optic
7716-YTYHG,Yes,0.2179,Low Risk,82.05,4029.95,17.88,One year,48,25-48 months,High Value,High Value / Low Risk,4,Fiber optic
9938-ZREHM,No,0.0686,Low Risk,72.1,2658.4,4.95,One year,37,25-48 months,Medium Value,Low-Med Value / Low Risk,6,DSL
7950-XWOVN,No,0.3348,Medium Risk,34.7,383.55,11.62,Month-to-month,11,0-12 months,Low Value,Low-Med Value / Low Risk,3,DSL
4390-KYULV,Yes,0.2228,Low Risk,20.55,51.15,4.58,Month-to-month,3,0-12 months,Low Value,Low-Med Value / Low Risk,1,No
4647-MUZON,No,0.5887,High Risk,95.95,1745.5,56.49,Month-to-month,18,13-24 months,Medium Value,Low-Med Value / High Risk,5,Fiber optic
9702-AIUJO,No,0.0397,Low Risk,44.8,2230.85,1.78,One year,50,49+ months,Medium Value,Low-Med Value / Low Risk,2,DSL
8849-PRIQJ,No,0.1361,Low Risk,109.4,7281.6,14.89,One year,67,49+ months,High Value,High Value / Low Risk,8,Fiber optic
8851-RAGOV,No,0.1396,Low Risk,71.05,1837.7,9.92,Month-to-month,25,25-48 months,Medium Value,Low-Med Value / Low Risk,6,DSL
1304-NECVQ,Yes,0.7745,Critical Risk,78.55,149.55,60.84,Month-to-month,2,0-12 months,Low Value,Low-Med Value / High Risk,4,Fiber optic
5396-IZEPB,No,0.1299,Low Risk,19.7,180.7,2.56,Month-to-month,9,0-12 months,Low Value,Low-Med Value / Low Risk,1,No
1729-VLAZJ,No,0.0882,Low Risk,40.25,411.45,3.55,One year,10,0-12 months,Medium Value,Low-Med Value / Low Risk,4,DSL
8285-ABVLB,No,0.0023,Low Risk,19.85,1328.35,0.05,Two year,70,49+ months,Medium Value,Low-Med Value / Low Risk,1,No
0701-TJSEF,No,0.2355,Low Risk,68.25,576.95,16.07,Month-to-month,9,0-12 months,Medium Value,Low-Med Value / Low Risk,6,DSL
5712-VBOXD,No,0.209,Low Risk,20.15,68.45,4.21,Month-to-month,4,0-12 months,Low Value,Low-Med Value / Low Risk,1,No
6629-LADHQ,No,0.2504,Medium Risk,50.95,123.05,12.76,Month-to-month,2,0-12 months,Low Value,Low-Med Value / Low Risk,3,DSL
8945-GRKHX,Yes,0.6234,High Risk,78.65,78.65,49.03,Month-to-month,1,0-12 months,Low Value,Low-Med Value / High Risk,3,Fiber optic
1559-DTODC,No,0.3631,Medium Risk,25.15,468.35,9.13,Month-to-month,19,13-24 months,Medium Value,Low-Med Value / Low Risk,1,DSL
4797-MIWUM,No,0.1667,Low Risk,20.25,174.7,3.38,Month-to-month,7,0-12 months,Low Value,Low-Med Value / Low Risk,1,No
6959-UWKHF,Yes,0.5299,High Risk,42.9,42.9,22.73,Month-to-month,1,0-12 months,Low Value,Low-Med Value / High Risk,2,DSL
8720-RQSBJ,No,0.4689,Medium Risk,44.0,44.0,20.63,Month-to-month,1,0-12 months,Low Value,Low-Med Value / Low Risk,2,DSL
4537-CIBHB,No,0.0615,Low Risk,20.25,172.35,1.25,One year,9,0-12 months,Low Value,Low-Med Value / Low Risk,1,No
3815-SLMEF,Yes,0.2829,Medium Risk,34.25,139.35,9.69,Month-to-month,3,0-12 months,Low Value,Low-Med Value / Low Risk,3,DSL
5154-VEKBL,Yes,0.3244,Medium Risk,58.5,539.85,18.98,Month-to-month,9,0-12 months,Medium Value,Low-Med Value / Low Risk,6,DSL
4324-AHJKS,No,0.2053,Low Risk,55.8,300.4,11.46,Month-to-month,5,0-12 months,Low Value,Low-Med Value / Low Risk,4,DSL
4355-CVPVS,No,0.1188,Low Risk,88.9,4968.0,10.56,One year,56,49+ months,High Value,High Value / Low Risk,4,Fiber optic
4495-LHSSK,No,0.1565,Low Risk,57.65,992.7,9.02,Month-to-month,18,13-24 months,Medium Value,Low-Med Value / Low Risk,4,DSL
5655-JSMZM,Yes,0.5866,High Risk,96.2,4718.25,56.43,Month-to-month,49,49+ months,High Value,High Value / High Risk,5,Fiber optic
5915-ANOEI,No,0.0094,Low Risk,79.15,5536.5,0.74,Two year,70,49+ months,High Value,High Value / Low Risk,8,DSL
9861-PDSZP,No,0.0722,Low Risk,108.05,7806.6,7.8,Two year,72,49+ months,High Value,High Value / Low Risk,8,Fiber optic
4505-EXZHB,Yes,0.6049,High Risk,74.4,434.1,45.01,Month-to-month,6,0-12 months,Medium Value,Low-Med Value / High Risk,3,Fiber optic
7225-CBZPL,No,0.7855,Critical Risk,94.8,1563.9,74.46,Month-to-month,17,13-24 months,Medium Value,Low-Med Value / High Risk,5,Fiber optic
6704-UTUKK,No,0.4886,Medium Risk,45.9,1332.4,22.43,Month-to-month,29,25-48 months,Medium Value,Low-Med Value / Low Risk,3,DSL
4587-VVTOX,Yes,0.7737,Critical Risk,105.3,545.2,81.47,Month-to-month,6,0-12 months,Medium Value,Low-Med Value / High Risk,7,Fiber optic
2019-HDCZY,No,0.1318,Low Risk,102.6,6296.75,13.53,Two year,63,49+ months,High Value,High Value / Low Risk,6,Fiber optic
4652-NNHNY,Yes,0.5835,High Risk,73.85,1284.2,43.09,Month-to-month,16,13-24 months,Medium Value,Low-Med Value / High Risk,3,Fiber optic
8788-DOXSU,No,0.0491,Low Risk,61.35,3645.5,3.01,One year,59,49+ months,Medium Value,Low-Med Value / Low Risk,4,DSL
7404-JLKQG,No,0.4596,Medium Risk,57.55,161.45,26.45,Month-to-month,3,0-12 months,Low Value,Low-Med Value / Low Risk,4,DSL
7421-ZLUPA,No,0.4578,Medium Risk,29.25,226.95,13.39,Month-to-month,8,0-12 months,Low Value,Low-Med Value / Low Risk,2,DSL
8972-HJWNV,Yes,0.7958,Critical Risk,84.55,646.85,67.28,Month-to-month,7,0-12 months,Medium Value,Low-Med Value / High Risk,4,Fiber optic
3274-NSDWE,No,0.0025,Low Risk,19.6,1441.65,0.05,Two year,68,49+ months,Medium Value,Low-Med Value / Low Risk,1,No
2632-IVXVF,No,0.0353,Low Risk,111.75,7511.3,3.94,Two year,68,49+ months,High Value,High Value / Low Risk,8,Fiber optic
3692-JHONH,No,0.3758,Medium Risk,106.5,5621.85,40.02,One year,52,49+ months,High Value,High Value / Low Risk,7,Fiber optic
8915-NNTRC,No,0.0435,Low Risk,107.7,7919.8,4.69,Two year,72,49+ months,High Value,High Value / Low Risk,8,Fiber optic
5914-GXMDA,No,0.0276,Low Risk,19.3,593.2,0.53,One year,32,25-48 months,Medium Value,Low-Med Value / Low Risk,1,No
7463-IFMQU,No,0.0022,Low Risk,20.05,1423.65,0.04,Two year,72,49+ months,Medium Value,Low-Med Value / Low Risk,1,No
2920-RNCEZ,No,0.5631,High Risk,69.95,69.95,39.39,Month-to-month,1,0-12 months,Low Value,Low-Med Value / High Risk,2,Fiber optic
2541-YGPKE,No,0.026,Low Risk,63.7,2763.35,1.66,One year,42,25-48 months,Medium Value,Low-Med Value / Low Risk,5,DSL
8515-OCTJS,Yes,0.025,Low Risk,24.75,692.1,0.62,Two year,25,25-48 months,Medium Value,Low-Med Value / Low Risk,2,No
5382-TEMLV,No,0.0783,Low Risk,50.9,2298.55,3.99,Month-to-month,45,25-48 months,Medium Value,Low-Med Value / Low Risk,3,DSL
3441-CGZJH,No,0.0661,Low Risk,60.4,2640.55,4.0,One year,43,25-48 months,Medium Value,Low-Med Value / Low Risk,6,DSL
9592-ERDKV,No,0.1021,Low Risk,79.25,2911.8,8.09,One year,37,25-48 months,Medium Value,Low-Med Value / Low Risk,7,DSL
2860-RANUS,Yes,0.6193,High Risk,85.8,1727.5,53.14,Month-to-month,20,13-24 months,Medium Value,Low-Med Value / High Risk,4,Fiber optic
5261-QSHQM,Yes,0.6197,High Risk,24.45,86.6,15.15,Month-to-month,4,0-12 months,Low Value,Low-Med Value / High Risk,1,DSL
4778-IZARL,No,0.0449,Low Risk,110.1,6705.7,4.95,Two year,63,49+ months,High Value,High Value / Low Risk,8,Fiber optic
0432-CAJZV,No,0.6356,High Risk,90.7,237.65,57.65,Month-to-month,3,0-12 months,Low Value,Low-Med Value / High Risk,4,Fiber optic
7008-LZVOZ,No,0.0047,Low Risk,25.3,1672.35,0.12,Two year,66,49+ months,Medium Value,Low-Med Value / Low Risk,2,No
8868-WOZGU,Yes,0.66,High Risk,105.7,2979.5,69.77,Month-to-month,28,25-48 months,Medium Value,Low-Med Value / High Risk,7,Fiber optic
1200-TUZHR,No,0.7146,High Risk,85.2,695.75,60.88,Month-to-month,8,0-12 months,Medium Value,Low-Med Value / High Risk,4,Fiber optic
9365-CSLBQ,No,0.0028,Low Risk,24.35,1654.6,0.07,Two year,71,49+ months,Medium Value,Low-Med Value / Low Risk,2,No
1334-FJSVR,Yes,0.6573,High Risk,24.25,24.25,15.94,Month-to-month,1,0-12 months,Low Value,Low-Med Value / High Risk,1,DSL
5884-FBCTL,No,0.0025,Low Risk,25.1,1857.85,0.06,Two year,72,49+ months,Medium Value,Low-Med Value / Low Risk,2,No
7130-CTCUS,No,0.2121,Low Risk,54.55,825.1,11.57,Month-to-month,16,13-24 months,Medium Value,Low-Med Value / Low Risk,4,DSL
6242-FEGFD,No,0.0236,Low Risk,96.6,6424.25,2.28,Two year,66,49+ months,High Value,High Value / Low Risk,7,Fiber optic
7625-XCQRH,Yes,0.6856,High Risk,76.5,837.95,52.45,Month-to-month,11,0-12 months,Medium Value,Low-Med Value / High Risk,3,Fiber optic
6194-HBGQN,No,0.0403,Low Risk,81.15,4126.2,3.27,One year,51,49+ months,High Value,High Value / Low Risk,8,DSL
7634-WSWDB,No,0.481,Medium Risk,38.5,330.8,18.52,Month-to-month,8,0-12 months,Low Value,Low-Med Value / Low Risk,3,DSL
6986-IXNDM,No,0.7094,High Risk,92.9,1337.45,65.9,Month-to-month,14,13-24 months,Medium Value,Low-Med Value / High Risk,4,Fiber optic
1731-TVIUK,Yes,0.6785,High Risk,93.5,362.2,63.44,Month-to-month,4,0-12 months,Low Value,Low-Med Value / High Risk,6,Fiber optic
2987-BJXIK,No,0.0179,Low Risk,84.7,5991.05,1.51,Two year,70,49+ months,High Value,High Value / Low Risk,8,DSL
9769-TSBZE,No,0.0069,Low Risk,66.0,4891.5,0.45,Two year,70,49+ months,High Value,High Value / Low Risk,6,DSL
0406-BPDVR,Yes,0.2608,Medium Risk,101.5,5373.1,26.47,One year,54,49+ months,High Value,High Value / Low Risk,6,Fiber optic
0618-XWMSS,Yes,0.2551,Medium Risk,74.9,2068.55,19.11,Month-to-month,28,25-48 months,Medium Value,Low-Med Value / Low Risk,3,Fiber optic
1395-WSWXR,No,0.0211,Low Risk,20.75,487.05,0.44,Two year,24,13-24 months,Medium Value,Low-Med Value / Low Risk,1,No
6023-GSSXW,No,0.0152,Low Risk,61.45,4131.2,0.94,Two year,69,49+ months,High Value,High Value / Low Risk,4,DSL
6752-APNJL,No,0.0487,Low Risk,54.5,2301.15,2.66,Month-to-month,42,25-48 months,Medium Value,Low-Med Value / Low Risk,4,DSL
5276-KQWHG,Yes,0.725,High Risk,69.6,131.65,50.46,Month-to-month,2,0-12 months,Low Value,Low-Med Value / High Risk,2,Fiber optic
0420-HLGXF,No,0.6604,High Risk,99.75,4036.0,65.87,Month-to-month,39,25-48 months,High Value,High Value / High Risk,6,Fiber optic
7446-KQISO,No,0.1164,Low Risk,109.75,4900.65,12.77,Two year,45,25-48 months,High Value,High Value / Low Risk,8,Fiber optic
9823-EALYC,No,0.0093,Low Risk,80.85,5727.45,0.75,Two year,72,49+ months,High Value,High Value / Low Risk,8,DSL
0582-AVCLN,No,0.0109,Low Risk,20.3,743.05,0.22,Two year,38,25-48 months,Medium Value,Low-Med Value / Low Risk,1,No
5803-NQJZO,No,0.008,Low Risk,67.8,4804.65,0.54,Two year,72,49+ months,High Value,High Value / Low Risk,7,DSL
2565-JSLRY,Yes,0.319,Medium Risk,24.05,24.05,7.67,Month-to-month,1,0-12 months,Low Value,Low-Med Value / Low Risk,2,No
2607-DHDAK,No,0.0025,Low Risk,19.8,1414.65,0.05,Two year,72,49+ months,Medium Value,Low-Med Value / Low Risk,1,No
1073-XXCZD,No,0.007,Low Risk,25.7,1443.65,0.18,Two year,55,49+ months,Medium Value,Low-Med Value / Low Risk,2,No
0743-HRVFF,No,0.1028,Low Risk,56.15,2898.95,5.77,One year,51,49+ months,Medium Value,Low-Med Value / Low Risk,5,DSL
4006-HKYHO,No,0.0151,Low Risk,86.7,5309.5,1.31,Two year,63,49+ months,High Value,High Value / Low Risk,8,DSL
3727-JEZTU,No,0.1887,Low Risk,20.4,20.4,3.85,Month-to-month,1,0-12 months,Low Value,Low-Med Value / Low Risk,1,No
8143-ETQTI,No,0.0258,Low Risk,19.65,451.55,0.51,Two year,23,13-24 months,Medium Value,Low-Med Value / Low Risk,1,No
6689-KXGBO,Yes,0.3792,Medium Risk,50.55,50.55,19.17,Month-to-month,1,0-12 months,Low Value,Low-Med Value / Low Risk,3,DSL
9667-TKTVZ,No,0.4099,Medium Risk,54.35,117.05,22.28,Month-to-month,2,0-12 months,Low Value,Low-Med Value / Low Risk,4,DSL
3657-COGMW,No,0.2809,Medium Risk,108.1,5839.3,30.36,Month-to-month,52,49+ months,High Value,High Value / Low Risk,8,Fiber optic
8570-KLJYJ,No,0.0572,Low Risk,54.45,1893.5,3.12,One year,36,25-48 months,Medium Value,Low-Med Value / Low Risk,4,DSL
7754-IXRMC,No,0.3484,Medium Risk,45.35,45.35,15.8,Month-to-month,1,0-12 months,Low Value,Low-Med Value / Low Risk,2,DSL
9473-CBZOP,No,0.077,Low Risk,59.0,1654.45,4.55,One year,28,25-48 months,Medium Value,Low-Med Value / Low Risk,5,DSL
2969-WGHQO,No,0.1387,Low Risk,69.45,477.05,9.64,One year,7,0-12 months,Medium Value,Low-Med Value / Low Risk,6,DSL
6615-NGGZJ,Yes,0.7428,High Risk,100.55,1415.55,74.69,Month-to-month,14,13-24 months,Medium Value,Low-Med Value / High Risk,6,Fiber optic
4334-HOWRP,No,0.0163,Low Risk,64.95,4546.0,1.06,Two year,72,49+ months,High Value,High Value / Low Risk,7,DSL
4255-DDUOU,Yes,0.2149,Low Risk,20.5,20.5,4.41,Month-to-month,1,0-12 months,Low Value,Low-Med Value / Low Risk,1,No
5863-OOKCL,No,0.1349,Low Risk,18.85,163.2,2.54,Month-to-month,10,0-12 months,Low Value,Low-Med Value / Low Risk,1,No
1686-STUHN,No,0.0165,Low Risk,19.8,849.9,0.33,One year,42,25-48 months,Medium Value,Low-Med Value / Low Risk,1,No
1329-VHWNP,No,0.401,Medium Risk,25.05,189.95,10.05,Month-to-month,7,0-12 months,Low Value,Low-Med Value / Low Risk,1,DSL
2984-MIIZL,Yes,0.5893,High Risk,74.8,321.9,44.08,Month-to-month,4,0-12 months,Low Value,Low-Med Value / High Risk,3,Fiber optic
0266-GMEAO,No,0.0419,Low Risk,114.3,8058.55,4.79,Two year,72,49+ months,High Value,High Value / Low Risk,9,Fiber optic
5590-YRFJT,Yes,0.4459,Medium Risk,24.45,482.8,10.9,Month-to-month,20,13-24 months,Medium Value,Low-Med Value / Low Risk,1,DSL
5574-NXZIU,No,0.0339,Low Risk,109.2,7049.75,3.7,Two year,63,49+ months,High Value,High Value / Low Risk,8,Fiber optic
0019-GFNTW,No,0.009,Low Risk,45.05,2560.1,0.4,Two year,56,49+ months,Medium Value,Low-Med Value / Low Risk,5,DSL
4256-ZWTZI,No,0.2652,Medium Risk,51.0,286.8,13.53,Month-to-month,5,0-12 months,Low Value,Low-Med Value / Low Risk,3,DSL
8309-PPCED,No,0.0761,Low Risk,110.45,7982.5,8.4,Two year,72,49+ months,High Value,High Value / Low Risk,8,Fiber optic
4098-NAUKP,No,0.2255,Low Risk,84.65,5683.6,19.09,Month-to-month,68,49+ months,High Value,High Value / Low Risk,5,Fiber optic
5196-WPYOW,No,0.0072,Low Risk,60.05,3994.05,0.43,One year,67,49+ months,High Value,High Value / Low Risk,5,DSL
4608-LCIMN,No,0.2408,Low Risk,44.65,369.15,10.75,Month-to-month,8,0-12 months,Low Value,Low-Med Value / Low Risk,2,DSL
1485-YDHMM,No,0.2186,Low Risk,93.25,4631.7,20.39,Month-to-month,52,49+ months,High Value,High Value / Low Risk,6,Fiber optic
4054-CUMIA,No,0.1118,Low Risk,20.25,401.95,2.26,Month-to-month,18,13-24 months,Medium Value,Low-Med Value / Low Risk,1,No
0603-TPMIB,No,0.0049,Low Risk,25.45,1534.05,0.12,Two year,59,49+ months,Medium Value,Low-Med Value / Low Risk,2,No
2525-GVKQU,No,0.0038,Low Risk,20.6,1093.0,0.08,Two year,60,49+ months,Medium Value,Low-Med Value / Low Risk,1,No
8161-QYMTT,No,0.8108,Critical Risk,94.1,701.3,76.29,Month-to-month,7,0-12 months,Medium Value,Low-Med Value / High Risk,5,Fiber optic
9581-GVBXT,No,0.0195,Low Risk,34.8,1980.3,0.68,One year,59,49+ months,Medium Value,Low-Med Value / Low Risk,3,DSL
5862-BRIXZ,No,0.0423,Low Risk,60.75,2893.4,2.57,Two year,46,25-48 months,Medium Value,Low-Med Value / Low Risk,6,DSL
5404-GGUKR,No,0.4323,Medium Risk,51.35,262.3,22.2,Month-to-month,5,0-12 months,Low Value,Low-Med Value / Low Risk,3,DSL
3308-JSGML,No,0.0298,Low Risk,64.05,3886.85,1.91,Two year,59,49+ months,High Value,High Value / Low Risk,6,DSL
2126-GSEGL,No,0.0253,Low Risk,84.8,5917.55,2.15,Two year,70,49+ months,High Value,High Value / Low Risk,8,DSL
3677-TNKIO,Yes,0.4878,Medium Risk,71.0,914.0,34.63,Month-to-month,14,13-24 months,Medium Value,Low-Med Value / Low Risk,2,Fiber optic
0440-QEXBZ,No,0.1571,Low Risk,50.15,2139.1,7.88,Month-to-month,44,25-48 months,Medium Value,Low-Med Value / Low Risk,3,DSL
2434-EEVDB,No,0.0643,Low Risk,94.6,5948.7,6.09,Two year,64,49+ months,High Value,High Value / Low Risk,6,Fiber optic
6762-QVYJO,No,0.0167,Low Risk,59.75,3624.35,1.0,Two year,58,49+ months,Medium Value,Low-Med Value / Low Risk,6,DSL
6199-IWKGC,No,0.2876,Medium Risk,100.25,4753.85,28.83,One year,46,25-48 months,High Value,High Value / Low Risk,6,Fiber optic
2675-DHUTR,No,0.5056,High Risk,98.9,5780.7,50.01,Month-to-month,58,49+ months,High Value,High Value / High Risk,6,Fiber optic
8152-VETUR,No,0.089,Low Risk,97.7,6869.7,8.7,Two year,72,49+ months,High Value,High Value / Low Risk,6,Fiber optic
9667-EQRXU,Yes,0.4299,Medium Risk,40.3,1172.95,17.32,Month-to-month,30,25-48 months,Medium Value,Low-Med Value / Low Risk,3,DSL
7446-YPODE,No,0.2293,Low Risk,60.25,662.95,13.81,Month-to-month,11,0-12 months,Medium Value,Low-Med Value / Low Risk,5,DSL
9522-BNTHX,No,0.42,Medium Risk,56.25,1765.95,23.62,Month-to-month,34,25-48 months,Medium Value,Low-Med Value / Low Risk,5,DSL
4676-WLUHT,No,0.0181,Low Risk,46.2,2431.95,0.84,Two year,54,49+ months,Medium Value,Low-Med Value / Low Risk,4,DSL
3329-WDIOK,Yes,0.6894,High Risk,50.6,155.35,34.89,Month-to-month,3,0-12 months,Low Value,Low-Med Value / High Risk,4,DSL
7980-MHFLQ,No,0.0027,Low Risk,24.9,1859.2,0.07,Two year,72,49+ months,Medium Value,Low-Med Value / Low Risk,2,No
2873-ZLIWT,Yes,0.3264,Medium Risk,84.85,3303.05,27.69,Month-to-month,40,25-48 months,Medium Value,Low-Med Value / Low Risk,5,Fiber optic
3415-TAILE,Yes,0.3945,Medium Risk,65.7,134.35,25.92,Month-to-month,2,0-12 months,Low Value,Low-Med Value / Low Risk,4,DSL
0757-WCUUZ,No,0.0248,Low Risk,63.35,3409.1,1.57,Two year,54,49+ months,Medium Value,Low-Med Value / Low Risk,5,DSL
1629-DQQVB,No,0.1644,Low Risk,50.1,709.5,8.24,Month-to-month,14,13-24 months,Medium Value,Low-Med Value / Low Risk,3,DSL
1915-IOFGU,Yes,0.6167,High Risk,70.5,70.5,43.48,Month-to-month,1,0-12 months,Low Value,Low-Med Value / High Risk,2,Fiber optic
3045-XETSH,Yes,0.7083,High Risk,94.85,953.45,67.18,Month-to-month,10,0-12 months,Medium Value,Low-Med Value / High Risk,6,Fiber optic
0374-AACSZ,No,0.3239,Medium Risk,50.15,50.15,16.24,Month-to-month,1,0-12 months,Low Value,Low-Med Value / Low Risk,3,DSL
7239-HZZCX,Yes,0.1936,Low Risk,19.75,19.75,3.82,Month-to-month,1,0-12 months,Low Value,Low-Med Value / Low Risk,1,No
4872-VXRIL,No,0.0254,Low Risk,64.65,3665.55,1.64,One year,56,49+ months,Medium Value,Low-Med Value / Low Risk,6,DSL
9140-CZQZZ,No,0.0133,Low Risk,79.6,5515.8,1.06,Two year,68,49+ months,High Value,High Value / Low Risk,7,DSL
3423-HHXAO,No,0.0708,Low Risk,19.5,272.0,1.38,One year,14,13-24 months,Low Value,Low-Med Value / Low Risk,1,No
9938-TKDGL,No,0.0521,Low Risk,99.55,6668.0,5.19,Two year,68,49+ months,High Value,High Value / Low Risk,6,Fiber optic
0531-ZZJWQ,No,0.3795,Medium Risk,74.0,4052.4,28.09,Month-to-month,55,49+ months,High Value,High Value / Low Risk,3,Fiber optic
6537-QLGEX,No,0.4531,Medium Risk,38.9,664.4,17.63,Month-to-month,16,13-24 months,Medium Value,Low-Med Value / Low Risk,3,DSL
2688-BHGOG,No,0.7289,High Risk,79.55,718.55,57.98,Month-to-month,9,0-12 months,Medium Value,Low-Med Value / High Risk,3,Fiber optic
7683-CBDKJ,Yes,0.2746,Medium Risk,65.45,937.6,17.97,Month-to-month,14,13-24 months,Medium Value,Low-Med Value / Low Risk,5,DSL
0946-CLJTI,Yes,0.5417,High Risk,98.7,5812.6,53.47,Month-to-month,58,49+ months,High Value,High Value / High Risk,6,Fiber optic
3160-TYXLT,No,0.0978,Low Risk,46.3,2546.85,4.53,Month-to-month,53,49+ months,Medium Value,Low-Med Value / Low Risk,4,DSL
1325-USMEC,No,0.052,Low Risk,99.35,6944.5,5.16,Two year,70,49+ months,High Value,High Value / Low Risk,7,Fiber optic
0916-QOFDP,No,0.757,Critical Risk,95.8,1346.3,72.52,Month-to-month,14,13-24 months,Medium Value,Low-Med Value / High Risk,5,Fiber optic
0628-CNQRM,Yes,0.076,Low Risk,67.5,1544.05,5.13,One year,22,13-24 months,Medium Value,Low-Med Value / Low Risk,6,DSL
5606-AMZBO,No,0.5128,High Risk,78.15,765.15,40.07,Month-to-month,10,0-12 months,Medium Value,Low-Med Value / High Risk,4,Fiber optic
6199-IPCAO,No,0.0181,Low Risk,26.1,692.55,0.47,Two year,29,25-48 months,Medium Value,Low-Med Value / Low Risk,2,No
7665-TOALD,Yes,0.7029,High Risk,69.6,69.6,48.92,Month-to-month,1,0-12 months,Low Value,Low-Med Value / High Risk,2,Fiber optic
0112-QWPNC,Yes,0.07,Low Risk,84.35,4059.35,5.91,One year,49,49+ months,High Value,High Value / Low Risk,8,DSL
0324-BRPCJ,Yes,0.4297,Medium Risk,100.2,6851.65,43.05,Month-to-month,68,49+ months,High Value,High Value / Low Risk,6,Fiber optic
2777-PHDEI,Yes,0.6772,High Risk,78.05,78.05,52.85,Month-to-month,1,0-12 months,Low Value,Low-Med Value / High Risk,3,Fiber optic
5640-CAXOA,No,0.1341,Low Risk,40.35,1187.05,5.41,One year,30,25-48 months,Medium Value,Low-Med Value / Low Risk,3,DSL
2235-EZAIK,No,0.0073,Low Risk,79.2,5401.9,0.58,Two year,72,49+ months,High Value,High Value / Low Risk,8,DSL
3847-BAERP,No,0.1816,Low Risk,20.9,247.0,3.8,Month-to-month,10,0-12 months,Low Value,Low-Med Value / Low Risk,1,No
1196-AMORA,Yes,0.6485,High Risk,73.6,520.0,47.73,Month-to-month,7,0-12 months,Medium Value,Low-Med Value / High Risk,3,Fiber optic
4282-YMKNA,Yes,0.7073,High Risk,74.75,706.6,52.87,Month-to-month,9,0-12 months,Medium Value,Low-Med Value / High Risk,3,Fiber optic
1453-RZFON,No,0.2193,Low Risk,49.9,49.9,10.94,Month-to-month,1,0-12 months,Low Value,Low-Med Value / Low Risk,3,DSL
8263-OKETD,No,0.2598,Medium Risk,68.9,1370.35,17.9,Month-to-month,20,13-24 months,Medium Value,Low-Med Value / Low Risk,6,DSL
0670-KDOMA,No,0.2523,Medium Risk,20.25,20.25,5.11,Month-to-month,1,0-12 months,Low Value,Low-Med Value / Low Risk,1,No
2476-YGEFM,No,0.4432,Medium Risk,76.0,2215.25,33.68,Month-to-month,29,25-48 months,Medium Value,Low-Med Value / Low Risk,3,Fiber optic
8687-BAFGU,No,0.5367,High Risk,74.0,74.0,39.72,Month-to-month,1,0-12 months,Low Value,Low-Med Value / High Risk,3,Fiber optic
0641-EVBOJ,No,0.4132,Medium Risk,82.3,214.4,34.01,Month-to-month,3,0-12 months,Low Value,Low-Med Value / Low Risk,4,Fiber optic
0829-XXPLX,No,0.4215,Medium Risk,89.4,1871.15,37.68,Month-to-month,20,13-24 months,Medium Value,Low-Med Value / Low Risk,5,Fiber optic
9974-JFBHQ,No,0.1587,Low Risk,99.15,6171.2,15.73,Month-to-month,64,49+ months,High Value,High Value / Low Risk,6,Fiber optic
5356-RHIPP,Yes,0.2564,Medium Risk,20.2,20.2,5.18,Month-to-month,1,0-12 months,Low Value,Low-Med Value / Low Risk,1,No
6624-JDRDS,No,0.3159,Medium Risk,29.45,161.45,9.3,Month-to-month,6,0-12 months,Low Value,Low-Med Value / Low Risk,2,DSL
0608-JDVEC,No,0.0091,Low Risk,19.8,1013.2,0.18,Two year,50,49+ months,Medium Value,Low-Med Value / Low Risk,1,No
9780-FKVVF,No,0.337,Medium Risk,59.15,336.7,19.93,Month-to-month,6,0-12 months,Low Value,Low-Med Value / Low Risk,4,DSL
1919-RTPQD,No,0.3257,Medium Risk,44.75,333.65,14.58,Month-to-month,7,0-12 months,Low Value,Low-Med Value / Low Risk,2,DSL
5214-NLTIT,No,0.0597,Low Risk,90.8,6511.8,5.43,Two year,72,49+ months,High Value,High Value / Low Risk,5,Fiber optic
3345-PBBFH,No,0.3271,Medium Risk,49.55,393.45,16.21,Month-to-month,8,0-12 months,Low Value,Low-Med Value / Low Risk,3,DSL
5055-BRMNE,No,0.0345,Low Risk,106.7,7009.5,3.68,Two year,67,49+ months,High Value,High Value / Low Risk,7,Fiber optic
9189-JWSHV,Yes,0.7512,Critical Risk,93.55,2264.05,70.27,Month-to-month,24,13-24 months,Medium Value,Low-Med Value / High Risk,5,Fiber optic
2190-PHBHR,No,0.0478,Low Risk,94.45,6921.7,4.52,Two year,72,49+ months,High Value,High Value / Low Risk,6,Fiber optic
2650-GYRYL,No,0.0289,Low Risk,19.45,600.25,0.56,One year,33,25-48 months,Medium Value,Low-Med Value / Low Risk,1,No
0746-JTRFU,Yes,0.6441,High Risk,25.05,56.35,16.14,Month-to-month,2,0-12 months,Low Value,Low-Med Value / High Risk,1,DSL
5208-FVQKB,No,0.0062,Low Risk,67.95,4664.15,0.42,Two year,70,49+ months,High Value,High Value / Low Risk,6,DSL
7184-LRUUR,No,0.1062,Low Risk,65.25,1441.8,6.93,One year,22,13-24 months,Medium Value,Low-Med Value / Low Risk,5,DSL
6627-CFOSN,No,0.2091,Low Risk,99.45,5623.7,20.79,Month-to-month,59,49+ months,High Value,High Value / Low Risk,7,Fiber optic
3982-JGSFD,No,0.0294,Low Risk,20.35,695.85,0.6,One year,36,25-48 months,Medium Value,Low-Med Value / Low Risk,1,No
1574-DYCWE,No,0.0049,Low Risk,19.95,1028.75,0.1,Two year,51,49+ months,Medium Value,Low-Med Value / Low Risk,1,No
7247-XOZPB,No,0.0316,Low Risk,77.4,4155.95,2.45,One year,53,49+ months,High Value,High Value / Low Risk,7,DSL
2466-FCCPT,No,0.0358,Low Risk,19.7,395.6,0.71,One year,20,13-24 months,Low Value,Low-Med Value / Low Risk,1,No
6211-WWLTF,No,0.0496,Low Risk,99.7,6330.4,4.94,Two year,63,49+ months,High Value,High Value / Low Risk,6,Fiber optic
4826-TZEVA,No,0.1939,Low Risk,74.8,2971.7,14.51,Month-to-month,40,25-48 months,Medium Value,Low-Med Value / Low Risk,3,Fiber optic
6016-NXBNJ,No,0.0345,Low Risk,19.15,638.0,0.66,One year,35,25-48 months,Medium Value,Low-Med Value / Low Risk,1,No
9138-EFSMO,No,0.2054,Low Risk,78.95,2034.25,16.22,One year,26,25-48 months,Medium Value,Low-Med Value / Low Risk,3,Fiber optic
0576-WNXXC,Yes,0.6351,High Risk,95.55,2510.2,60.68,Month-to-month,27,25-48 months,Medium Value,Low-Med Value / High Risk,6,Fiber optic
4632-XJMEX,No,0.0107,Low Risk,62.85,3419.5,0.67,One year,53,49+ months,Medium Value,Low-Med Value / Low Risk,5,DSL
8910-LEDAG,No,0.2865,Medium Risk,71.55,2427.35,20.5,Month-to-month,34,25-48 months,Medium Value,Low-Med Value / Low Risk,2,Fiber optic
3452-GWUIN,No,0.7717,Critical Risk,94.95,1760.25,73.28,Month-to-month,19,13-24 months,Medium Value,Low-Med Value / High Risk,5,Fiber optic
2716-GFZOR,No,0.1788,Low Risk,86.1,3551.65,15.39,Month-to-month,43,25-48 months,Medium Value,Low-Med Value / Low Risk,5,Fiber optic
3724-UCSHY,No,0.1347,Low Risk,19.55,122.9,2.63,Month-to-month,6,0-12 months,Low Value,Low-Med Value / Low Risk,1,No
8626-XHBIE,No,0.0081,Low Risk,24.8,1424.2,0.2,Two year,56,49+ months,Medium Value,Low-Med Value / Low Risk,2,No
4628-CTTLA,Yes,0.1564,Low Risk,39.3,2111.45,6.14,Month-to-month,57,49+ months,Medium Value,Low-Med Value / Low Risk,3,DSL
3192-LNKRK,No,0.3833,Medium Risk,84.05,2909.95,32.22,Month-to-month,34,25-48 months,Medium Value,Low-Med Value / Low Risk,4,Fiber optic
4439-YRNVD,No,0.3303,Medium Risk,36.25,374.0,11.97,Month-to-month,10,0-12 months,Low Value,Low-Med Value / Low Risk,3,DSL
2876-VBBBL,Yes,0.2523,Medium Risk,20.25,20.25,5.11,Month-to-month,1,0-12 months,Low Value,Low-Med Value / Low Risk,1,No
6834-NXDCA,Yes,0.5218,High Risk,23.9,300.8,12.47,Month-to-month,13,13-24 months,Low Value,Low-Med Value / High Risk,1,DSL
2208-UGTGR,No,0.3889,Medium Risk,98.6,5581.05,38.34,Month-to-month,56,49+ months,High Value,High Value / Low Risk,6,Fiber optic
3005-TYFRD,No,0.3849,Medium Risk,103.65,5676.65,39.89,Month-to-month,55,49+ months,High Value,High Value / Low Risk,7,Fiber optic
8670-MEFCP,No,0.0374,Low Risk,92.9,3379.25,3.47,Two year,36,25-48 months,Medium Value,Low-Med Value / Low Risk,9,DSL
3079-BCHLN,No,0.0133,Low Risk,19.9,942.95,0.27,One year,47,25-48 months,Medium Value,Low-Med Value / Low Risk,1,No
7777-UNYHB,No,0.1294,Low Risk,20.1,232.4,2.6,Month-to-month,12,0-12 months,Low Value,Low-Med Value / Low Risk,1,No
5597-GLBUC,Yes,0.7362,High Risk,85.45,85.45,62.91,Month-to-month,1,0-12 months,Low Value,Low-Med Value / High Risk,4,Fiber optic
7278-CKDNC,No,0.6016,High Risk,80.5,2088.45,48.43,Month-to-month,24,13-24 months,Medium Value,Low-Med Value / High Risk,4,Fiber optic
2748-MYRVK,Yes,0.1426,Low Risk,99.9,6137.0,14.24,One year,63,49+ months,High Value,High Value / Low Risk,6,Fiber optic
8450-UYIBU,No,0.3848,Medium Risk,39.85,1434.6,15.33,Month-to-month,35,25-48 months,Medium Value,Low-Med Value / Low Risk,3,DSL
2969-VAPYH,No,0.0075,Low Risk,60.5,3870.0,0.45,One year,67,49+ months,High Value,High Value / Low Risk,5,DSL
4822-YCXMX,Yes,0.649,High Risk,84.8,2043.45,55.03,Month-to-month,25,25-48 months,Medium Value,Low-Med Value / High Risk,4,Fiber optic
7181-OQCUT,No,0.4861,Medium Risk,103.85,2215.0,50.48,Month-to-month,21,13-24 months,Medium Value,Low-Med Value / Low Risk,7,Fiber optic
8474-UMLNT,No,0.1375,Low Risk,67.8,842.25,9.32,Month-to-month,13,13-24 months,Medium Value,Low-Med Value / Low Risk,6,DSL
9821-POOTN,Yes,0.5054,High Risk,75.2,2576.2,38.0,Month-to-month,35,25-48 months,Medium Value,Low-Med Value / High Risk,3,Fiber optic
3836-FZSDJ,No,0.004,Low Risk,24.85,1901.0,0.1,Two year,71,49+ months,Medium Value,Low-Med Value / Low Risk,2,No
9142-XMYJH,No,0.0551,Low Risk,19.35,601.6,1.07,Month-to-month,29,25-48 months,Medium Value,Low-Med Value / Low Risk,1,No
6559-ILWKJ,Yes,0.0285,Low Risk,49.35,3515.25,1.41,Two year,71,49+ months,Medium Value,Low-Med Value / Low Risk,4,DSL
0187-QSXOE,No,0.7885,Critical Risk,89.0,605.45,70.17,Month-to-month,7,0-12 months,Medium Value,Low-Med Value / High Risk,4,Fiber optic
7733-UDMTP,No,0.2372,Low Risk,55.0,3094.05,13.05,Month-to-month,57,49+ months,Medium Value,Low-Med Value / Low Risk,5,DSL
2649-HWLYB,No,0.0113,Low Risk,76.15,4929.55,0.86,Two year,65,49+ months,High Value,High Value / Low Risk,7,DSL
5214-CHIWJ,No,0.0348,Low Risk,20.3,595.05,0.71,One year,27,25-48 months,Medium Value,Low-Med Value / Low Risk,1,No
4229-CZMLL,Yes,0.7308,High Risk,74.9,469.8,54.73,Month-to-month,6,0-12 months,Medium Value,Low-Med Value / High Risk,3,Fiber optic
6904-JLBGY,No,0.0592,Low Risk,117.35,8436.25,6.95,Two year,72,49+ months,High Value,High Value / Low Risk,9,Fiber optic
2465-BLLEU,No,0.2579,Medium Risk,19.75,19.75,5.09,Month-to-month,1,0-12 months,Low Value,Low-Med Value / Low Risk,1,No
1685-VAYJF,No,0.2469,Low Risk,45.2,492.0,11.16,Month-to-month,11,0-12 months,Medium Value,Low-Med Value / Low Risk,2,DSL
8874-EJNSR,No,0.0121,Low Risk,25.2,987.95,0.31,Two year,39,25-48 months,Medium Value,Low-Med Value / Low Risk,2,No
6917-YACBP,No,0.2572,Medium Risk,89.75,5496.9,23.08,Month-to-month,59,49+ months,High Value,High Value / Low Risk,6,Fiber optic
5049-MUBWG,No,0.0714,Low Risk,75.0,1908.35,5.36,One year,26,25-48 months,Medium Value,Low-Med Value / Low Risk,6,DSL
4223-WOZCM,No,0.3698,Medium Risk,49.95,107.1,18.47,Month-to-month,2,0-12 months,Low Value,Low-Med Value / Low Risk,3,DSL
0769-MURVM,No,0.0079,Low Risk,65.7,4575.35,0.52,Two year,72,49+ months,High Value,High Value / Low Risk,7,DSL
9253-VIFJQ,No,0.0171,Low Risk,67.05,4309.55,1.15,One year,65,49+ months,High Value,High Value / Low Risk,6,DSL
7030-FZTFM,No,0.0418,Low Risk,110.9,7922.75,4.64,Two year,72,49+ months,High Value,High Value / Low Risk,8,Fiber optic
9741-YLNTD,No,0.6247,High Risk,87.95,522.35,54.94,Month-to-month,6,0-12 months,Medium Value,Low-Med Value / High Risk,5,Fiber optic
5917-RYRMG,No,0.0284,Low Risk,19.8,587.7,0.56,One year,32,25-48 months,Medium Value,Low-Med Value / Low Risk,1,No
5120-ZBLAI,No,0.091,Low Risk,75.7,3876.2,6.89,One year,50,49+ months,High Value,High Value / Low Risk,6,DSL
1194-BHJYC,No,0.0261,Low Risk,62.15,3778.85,1.62,Two year,61,49+ months,Medium Value,Low-Med Value / Low Risk,6,DSL
3663-MITLP,Yes,0.6589,High Risk,101.25,1457.25,66.72,Month-to-month,15,13-24 months,Medium Value,Low-Med Value / High Risk,6,Fiber optic
0906-QVPMS,No,0.0398,Low Risk,115.15,8349.45,4.59,Two year,72,49+ months,High Value,High Value / Low Risk,9,Fiber optic
9025-ZRPVR,Yes,0.1957,Low Risk,18.95,185.6,3.71,Month-to-month,9,0-12 months,Low Value,Low-Med Value / Low Risk,1,No
1905-OEILC,No,0.1911,Low Risk,19.5,19.5,3.73,Month-to-month,1,0-12 months,Low Value,Low-Med Value / Low Risk,1,No
7858-GTZSP,No,0.7311,High Risk,86.55,1066.9,63.28,Month-to-month,12,0-12 months,Medium Value,Low-Med Value / High Risk,4,Fiber optic
3285-UCQVC,Yes,0.1051,Low Risk,28.6,973.55,3.01,Month-to-month,37,25-48 months,Medium Value,Low-Med Value / Low Risk,2,DSL
6248-BSHKG,No,0.0059,Low Risk,20.4,1226.45,0.12,One year,61,49+ months,Medium Value,Low-Med Value / Low Risk,1,No
4685-TFLLS,No,0.0398,Low Risk,19.8,342.3,0.79,One year,18,13-24 months,Low Value,Low-Med Value / Low Risk,1,No
3470-BTGQO,No,0.1623,Low Risk,45.65,985.05,7.41,Month-to-month,21,13-24 months,Medium Value,Low-Med Value / Low Risk,2,DSL
1209-VFFOC,No,0.0105,Low Risk,56.4,3948.45,0.59,Two year,68,49+ months,High Value,High Value / Low Risk,6,DSL
8224-DWCKX,No,0.6299,High Risk,73.3,828.05,46.17,Month-to-month,12,0-12 months,Medium Value,Low-Med Value / High Risk,3,Fiber optic
5482-PLVPE,Yes,0.5883,High Risk,24.35,41.85,14.33,Month-to-month,2,0-12 months,Low Value,Low-Med Value / High Risk,1,DSL
4553-DVPZG,No,0.4581,Medium Risk,101.35,6164.7,46.43,Month-to-month,62,49+ months,High Value,High Value / Low Risk,6,Fiber optic
4902-OHLSK,Yes,0.5547,High Risk,98.65,2862.75,54.72,Month-to-month,29,25-48 months,Medium Value,Low-Med Value / High Risk,6,Fiber optic
6917-IAYHD,No,0.3108,Medium Risk,33.6,33.6,10.44,Month-to-month,1,0-12 months,Low Value,Low-Med Value / Low Risk,3,DSL
0495-ZBNGW,Yes,0.6822,High Risk,79.9,343.95,54.51,Month-to-month,5,0-12 months,Low Value,Low-Med Value / High Risk,4,Fiber optic
8620-RJPZN,No,0.2402,Low Risk,20.7,20.7,4.97,Month-to-month,1,0-12 months,Low Value,Low-Med Value / Low Risk,1,No
7572-KPVKK,No,0.124,Low Risk,104.05,6590.5,12.9,Two year,62,49+ months,High Value,High Value / Low Risk,7,Fiber optic
2642-MAWLJ,No,0.0092,Low Risk,20.25,717.95,0.19,Two year,36,25-48 months,Medium Value,Low-Med Value / Low Risk,1,No
2357-COQEK,Yes,0.648,High Risk,103.3,2890.65,66.94,Month-to-month,28,25-48 months,Medium Value,Low-Med Value / High Risk,7,Fiber optic
7103-ZGVNT,No,0.0119,Low Risk,73.7,4885.85,0.87,One year,69,49+ months,High Value,High Value / Low Risk,7,DSL
3737-GCSPV,Yes,0.4739,Medium Risk,96.2,1222.05,45.59,Month-to-month,11,0-12 months,Medium Value,Low-Med Value / Low Risk,6,Fiber optic
2027-WKXMW,No,0.3633,Medium Risk,108.75,6871.7,39.51,Month-to-month,63,49+ months,High Value,High Value / Low Risk,8,Fiber optic
7137-NAXML,No,0.0382,Low Risk,20.15,405.6,0.77,One year,23,13-24 months,Medium Value,Low-Med Value / Low Risk,1,No
2428-ZMCTB,No,0.1248,Low Risk,19.75,208.25,2.47,Month-to-month,10,0-12 months,Low Value,Low-Med Value / Low Risk,1,No
2961-VNFKL,No,0.0045,Low Risk,25.95,1801.9,0.12,Two year,71,49+ months,Medium Value,Low-Med Value / Low Risk,2,No
1768-HNVGJ,No,0.1624,Low Risk,70.05,3062.45,11.38,Month-to-month,45,25-48 months,Medium Value,Low-Med Value / Low Risk,6,DSL
6963-KQYQB,No,0.003,Low Risk,24.05,1764.75,0.07,Two year,70,49+ months,Medium Value,Low-Med Value / Low Risk,2,No
5934-RMPOV,No,0.6153,High Risk,84.75,1816.75,52.14,Month-to-month,22,13-24 months,Medium Value,Low-Med Value / High Risk,4,Fiber optic
1207-BLKSA,No,0.0068,Low Risk,23.05,1255.1,0.16,Two year,52,49+ months,Medium Value,Low-Med Value / Low Risk,2,No
4088-YLDSU,Yes,0.286,Medium Risk,104.15,5743.05,29.79,One year,55,49+ months,High Value,High Value / Low Risk,7,Fiber optic
8316-BBQAY,No,0.0138,Low Risk,59.95,3921.1,0.83,Two year,65,49+ months,High Value,High Value / Low Risk,6,DSL
1166-PQLGG,No,0.0018,Low Risk,19.55,1463.45,0.03,Two year,72,49+ months,Medium Value,Low-Med Value / Low Risk,1,No
3146-JTQHR,No,0.0704,Low Risk,19.6,189.45,1.38,One year,10,0-12 months,Low Value,Low-Med Value / Low Risk,1,No
4291-YZODP,No,0.0655,Low Risk,20.05,96.8,1.31,One year,7,0-12 months,Low Value,Low-Med Value / Low Risk,1,No
4395-PZMSN,No,0.7164,High Risk,85.55,408.5,61.29,Month-to-month,5,0-12 months,Medium Value,Low-Med Value / High Risk,4,Fiber optic
6427-FEFIG,No,0.0611,Low Risk,78.6,1846.65,4.81,Two year,24,13-24 months,Medium Value,Low-Med Value / Low Risk,7,DSL
0017-IUDMW,No,0.0431,Low Risk,116.8,8456.75,5.03,Two year,72,49+ months,High Value,High Value / Low Risk,9,Fiber optic
8706-HRADD,No,0.264,Medium Risk,43.55,1011.5,11.5,Month-to-month,21,13-24 months,Medium Value,Low-Med Value / Low Risk,4,DSL
9955-QOPOY,No,0.0427,Low Risk,60.8,4263.4,2.6,One year,69,49+ months,High Value,High Value / Low Risk,6,DSL
4385-ZKVNW,No,0.0648,Low Risk,54.9,2549.1,3.56,Month-to-month,44,25-48 months,Medium Value,Low-Med Value / Low Risk,4,DSL
5446-DKWYW,No,0.0842,Low Risk,65.2,3965.05,5.49,One year,61,49+ months,High Value,High Value / Low Risk,5,DSL
2034-CGRHZ,Yes,0.6301,High Risk,102.95,2496.7,64.87,Month-to-month,24,13-24 months,Medium Value,Low-Med Value / High Risk,7,Fiber optic
5797-APWZC,Yes,0.7146,High Risk,90.6,90.6,64.74,Month-to-month,1,0-12 months,Low Value,Low-Med Value / High Risk,4,Fiber optic
3683-QKIUE,Yes,0.2876,Medium Risk,50.8,288.05,14.61,Month-to-month,6,0-12 months,Low Value,Low-Med Value / Low Risk,3,DSL
4228-ZGYUW,Yes,0.7535,Critical Risk,90.05,368.1,67.85,Month-to-month,4,0-12 months,Low Value,Low-Med Value / High Risk,5,Fiber optic
9031-ZVQPT,No,0.1101,Low Risk,108.2,7840.6,11.91,Two year,72,49+ months,High Value,High Value / Low Risk,8,Fiber optic
2990-IAJSV,No,0.0119,Low Risk,92.0,6632.75,1.09,Two year,72,49+ months,High Value,High Value / Low Risk,9,DSL
8107-KNCIM,No,0.7065,High Risk,75.1,1013.35,53.06,Month-to-month,14,13-24 months,Medium Value,Low-Med Value / High Risk,3,Fiber optic
9027-YFHQJ,No,0.2459,Low Risk,25.05,152.95,6.16,Month-to-month,7,0-12 months,Low Value,Low-Med Value / Low Risk,2,No
5176-LDKUH,No,0.1271,Low Risk,75.15,3772.65,9.55,One year,48,25-48 months,Medium Value,Low-Med Value / Low Risk,3,Fiber optic
4644-OBGFZ,No,0.0078,Low Risk,19.5,1026.35,0.15,One year,55,49+ months,Medium Value,Low-Med Value / Low Risk,1,No
7926-IJOOU,No,0.179,Low Risk,19.3,19.3,3.46,Month-to-month,1,0-12 months,Low Value,Low-Med Value / Low Risk,1,No
6480-YAGIY,No,0.0895,Low Risk,112.2,5031.85,10.05,One year,45,25-48 months,High Value,High Value / Low Risk,8,Fiber optic
4029-HPFVY,No,0.62,High Risk,70.3,220.4,43.59,Month-to-month,3,0-12 months,Low Value,Low-Med Value / High Risk,2,Fiber optic
7602-DBTOU,No,0.0025,Low Risk,19.6,1416.5,0.05,Two year,71,49+ months,Medium Value,Low-Med Value / Low Risk,1,No
5345-BMKWB,No,0.1493,Low Risk,20.25,158.35,3.02,Month-to-month,8,0-12 months,Low Value,Low-Med Value / Low Risk,1,No
3519-ZKXGG,Yes,0.7476,High Risk,75.85,256.6,56.71,Month-to-month,3,0-12 months,Low Value,Low-Med Value / High Risk,3,Fiber optic
5457-COLHT,No,0.0071,Low Risk,80.65,5542.55,0.57,Two year,69,49+ months,High Value,High Value / Low Risk,7,DSL
6416-TVAIH,Yes,0.6673,High Risk,68.5,68.5,45.71,Month-to-month,1,0-12 months,Low Value,Low-Med Value / High Risk,2,Fiber optic
5451-YHYPW,No,0.0621,Low Risk,115.75,8443.7,7.19,Two year,72,49+ months,High Value,High Value / Low Risk,9,Fiber optic
5108-ADXWO,Yes,0.5328,High Risk,73.5,791.75,39.16,Month-to-month,11,0-12 months,Medium Value,Low-Med Value / High Risk,3,Fiber optic
7998-WNZEM,No,0.0083,Low Risk,80.6,5708.2,0.67,Two year,71,49+ months,High Value,High Value / Low Risk,8,DSL
3066-RRJIO,Yes,0.6324,High Risk,69.95,69.95,44.24,Month-to-month,1,0-12 months,Low Value,Low-Med Value / High Risk,2,Fiber optic
4664-NJCMS,No,0.0471,Low Risk,59.55,2016.3,2.8,Two year,33,25-48 months,Medium Value,Low-Med Value / Low Risk,6,DSL
0307-BCOPK,No,0.0562,Low Risk,19.05,326.65,1.07,One year,16,13-24 months,Low Value,Low-Med Value / Low Risk,1,No
7629-WFGLW,No,0.0875,Low Risk,95.65,5471.75,8.37,One year,56,49+ months,High Value,High Value / Low Risk,7,Fiber optic
2542-HYGIQ,No,0.1744,Low Risk,19.95,19.95,3.48,Month-to-month,1,0-12 months,Low Value,Low-Med Value / Low Risk,1,No
6715-OFDBP,Yes,0.5851,High Risk,70.05,346.4,40.99,Month-to-month,5,0-12 months,Low Value,Low-Med Value / High Risk,5,DSL
5016-LIPDW,No,0.0071,Low Risk,19.4,1061.6,0.14,One year,57,49+ months,Medium Value,Low-Med Value / Low Risk,1,No
6481-LXPWL,No,0.0365,Low Risk,36.1,1971.5,1.32,One year,56,49+ months,Medium Value,Low-Med Value / Low Risk,3,DSL
1567-DSCIC,Yes,0.7278,High Risk,94.0,773.65,68.41,Month-to-month,8,0-12 months,Medium Value,Low-Med Value / High Risk,6,Fiber optic
2150-UWTFY,Yes,0.0957,Low Risk,61.15,1422.05,5.85,Month-to-month,22,13-24 months,Medium Value,Low-Med Value / Low Risk,5,DSL
6124-ACRHJ,No,0.1904,Low Risk,19.75,19.75,3.76,Month-to-month,1,0-12 months,Low Value,Low-Med Value / Low Risk,1,No
9362-MWODR,No,0.0704,Low Risk,64.1,2460.35,4.51,Month-to-month,40,25-48 months,Medium Value,Low-Med Value / Low Risk,5,DSL
9975-GPKZU,No,0.0057,Low Risk,19.75,856.5,0.11,Two year,46,25-48 months,Medium Value,Low-Med Value / Low Risk,1,No
9625-RZFUK,No,0.0029,Low Risk,19.7,1275.85,0.06,Two year,63,49+ months,Medium Value,Low-Med Value / Low Risk,1,No
5153-LXKDT,No,0.0924,Low Risk,110.2,7467.5,10.18,Two year,68,49+ months,High Value,High Value / Low Risk,8,Fiber optic
5161-UBZXI,No,0.0311,Low Risk,106.35,7261.75,3.31,Two year,69,49+ months,High Value,High Value / Low Risk,7,Fiber optic
1020-JPQOW,No,0.1895,Low Risk,90.55,5116.6,17.16,Month-to-month,56,49+ months,High Value,High Value / Low Risk,6,Fiber optic
7919-ZODZZ,No,0.1856,Low Risk,65.9,660.05,12.23,One year,10,0-12 months,Medium Value,Low-Med Value / Low Risk,5,DSL
0565-JUPYD,No,0.0593,Low Risk,104.5,6590.8,6.2,One year,63,49+ months,High Value,High Value / Low Risk,8,Fiber optic
6867-ACCZI,No,0.0529,Low Risk,52.5,1208.15,2.78,Two year,24,13-24 months,Medium Value,Low-Med Value / Low Risk,6,DSL
5939-XAIXZ,No,0.3277,Medium Risk,56.1,1033.9,18.39,Month-to-month,19,13-24 months,Medium Value,Low-Med Value / Low Risk,4,DSL
9054-FOWNV,No,0.623,High Risk,88.75,1885.15,55.29,Month-to-month,22,13-24 months,Medium Value,Low-Med Value / High Risk,5,Fiber optic
2683-BPJSO,Yes,0.4287,Medium Risk,84.45,2467.1,36.21,Month-to-month,29,25-48 months,Medium Value,Low-Med Value / Low Risk,5,Fiber optic
2157-MXBJS,Yes,0.3506,Medium Risk,75.3,989.45,26.4,One year,13,13-24 months,Medium Value,Low-Med Value / Low Risk,6,DSL
8207-VVMYB,No,0.0052,Low Risk,26.0,2006.95,0.14,Two year,70,49+ months,Medium Value,Low-Med Value / Low Risk,2,No
9732-EQMWY,No,0.3624,Medium Risk,99.4,5025.0,36.02,Month-to-month,49,49+ months,High Value,High Value / Low Risk,6,Fiber optic
9360-AHGNL,Yes,0.2432,Low Risk,109.55,4830.25,26.64,One year,43,25-48 months,High Value,High Value / Low Risk,8,Fiber optic
1087-UDSIH,Yes,0.2373,Low Risk,19.6,59.75,4.65,Month-to-month,3,0-12 months,Low Value,Low-Med Value / Low Risk,1,No
5269-NRGDP,No,0.0746,Low Risk,73.15,3088.25,5.46,One year,42,25-48 months,Medium Value,Low-Med Value / Low Risk,6,DSL
6195-MELTI,No,0.0263,Low Risk,54.65,3134.7,1.44,One year,57,49+ months,Medium Value,Low-Med Value / Low Risk,4,DSL
5485-WUYWF,Yes,0.3024,Medium Risk,66.4,94.55,20.08,Month-to-month,2,0-12 months,Low Value,Low-Med Value / Low Risk,5,DSL
2121-JAFOM,No,0.0528,Low Risk,115.55,8312.4,6.11,Two year,72,49+ months,High Value,High Value / Low Risk,9,Fiber optic
8818-DOPVL,No,0.5814,High Risk,104.45,4863.85,60.73,Month-to-month,46,25-48 months,High Value,High Value / High Risk,7,Fiber optic
2632-UCGVD,Yes,0.3166,Medium Risk,100.05,6871.9,31.68,Month-to-month,66,49+ months,High Value,High Value / Low Risk,6,Fiber optic
5445-PZWGX,Yes,0.0902,Low Risk,102.0,6529.25,9.2,One year,62,49+ months,High Value,High Value / Low Risk,7,Fiber optic
1227-UDMZR,No,0.0174,Low Risk,91.15,6637.9,1.58,Two year,72,49+ months,High Value,High Value / Low Risk,9,DSL
5198-HQAEN,No,0.2032,Low Risk,89.7,3165.6,18.22,One year,35,25-48 months,Medium Value,Low-Med Value / Low Risk,5,Fiber optic
9170-CCKOU,Yes,0.3204,Medium Risk,90.2,1454.15,28.9,Month-to-month,17,13-24 months,Medium Value,Low-Med Value / Low Risk,6,Fiber optic
2167-FQSTQ,No,0.0255,Low Risk,92.4,6786.1,2.35,Two year,72,49+ months,High Value,High Value / Low Risk,9,DSL
2819-GWENI,No,0.0265,Low Risk,19.9,543.0,0.53,One year,28,25-48 months,Medium Value,Low-Med Value / Low Risk,1,No
1043-YCUTE,Yes,0.009,Low Risk,25.15,1327.15,0.23,Two year,56,49+ months,Medium Value,Low-Med Value / Low Risk,2,No
3814-MLAXC,Yes,0.3447,Medium Risk,79.85,2404.15,27.52,Month-to-month,31,25-48 months,Medium Value,Low-Med Value / Low Risk,4,Fiber optic
3572-UUHRS,No,0.0145,Low Risk,18.85,867.3,0.27,One year,45,25-48 months,Medium Value,Low-Med Value / Low Risk,1,No
2692-PFYTJ,No,0.3081,Medium Risk,25.75,25.75,7.93,Month-to-month,1,0-12 months,Low Value,Low-Med Value / Low Risk,2,No
1226-UDFZR,Yes,0.3882,Medium Risk,49.6,114.7,19.26,Month-to-month,2,0-12 months,Low Value,Low-Med Value / Low Risk,3,DSL
5955-EPOAZ,No,0.2085,Low Risk,20.95,109.5,4.37,Month-to-month,6,0-12 months,Low Value,Low-Med Value / Low Risk,1,No
6821-JPCDC,No,0.2953,Medium Risk,97.05,4692.95,28.66,One year,48,25-48 months,High Value,High Value / Low Risk,6,Fiber optic
8815-LMFLX,No,0.1033,Low Risk,25.4,546.85,2.62,Month-to-month,25,25-48 months,Medium Value,Low-Med Value / Low Risk,2,No
9135-HSWOC,No,0.0037,Low Risk,19.7,1274.05,0.07,Two year,64,49+ months,Medium Value,Low-Med Value / Low Risk,1,No
8582-KRHPJ,No,0.0851,Low Risk,35.0,1782.4,2.98,Month-to-month,50,49+ months,Medium Value,Low-Med Value / Low Risk,3,DSL
5811-IWXYM,No,0.1793,Low Risk,101.25,5301.1,18.15,One year,52,49+ months,High Value,High Value / Low Risk,6,Fiber optic
7044-YAACC,No,0.7176,High Risk,70.2,280.35,50.37,Month-to-month,4,0-12 months,Low Value,Low-Med Value / High Risk,2,Fiber optic
8189-XRIKE,No,0.5311,High Risk,90.95,2897.95,48.31,Month-to-month,32,25-48 months,Medium Value,Low-Med Value / High Risk,4,Fiber optic
1506-YJTYT,No,0.0153,Low Risk,73.85,3371.0,1.13,Two year,45,25-48 months,Medium Value,Low-Med Value / Low Risk,7,DSL
4123-DVHPH,No,0.6834,High Risk,88.05,801.3,60.17,Month-to-month,9,0-12 months,Medium Value,Low-Med Value / High Risk,5,Fiber optic
6425-YQLLO,Yes,0.1802,Low Risk,105.95,6975.25,19.1,One year,66,49+ months,High Value,High Value / Low Risk,7,Fiber optic
5442-UTCVD,Yes,0.6567,High Risk,91.85,257.05,60.31,Month-to-month,3,0-12 months,Low Value,Low-Med Value / High Risk,5,Fiber optic
2228-BZDEE,No,0.0053,Low Risk,20.1,1079.45,0.11,Two year,54,49+ months,Medium Value,Low-Med Value / Low Risk,1,No
7734-DBOAI,Yes,0.472,Medium Risk,40.1,40.1,18.93,Month-to-month,1,0-12 months,Low Value,Low-Med Value / Low Risk,3,DSL
2789-CZANW,No,0.0358,Low Risk,110.3,6997.3,3.94,Two year,64,49+ months,High Value,High Value / Low Risk,8,Fiber optic
2091-RFFBA,Yes,0.5668,High Risk,73.9,2217.15,41.89,Month-to-month,31,25-48 months,Medium Value,Low-Med Value / High Risk,3,Fiber optic
2114-MGINA,Yes,0.6379,High Risk,89.8,1129.1,57.29,Month-to-month,14,13-24 months,Medium Value,Low-Med Value / High Risk,4,Fiber optic
7596-LDUXP,No,0.3072,Medium Risk,85.15,979.05,26.16,One year,12,0-12 months,Medium Value,Low-Med Value / Low Risk,4,Fiber optic
3740-RLMVT,No,0.0141,Low Risk,60.95,4119.4,0.86,One year,67,49+ months,High Value,High Value / Low Risk,5,DSL
4489-SNOJF,Yes,0.1239,Low Risk,72.25,2568.55,8.95,Month-to-month,35,25-48 months,Medium Value,Low-Med Value / Low Risk,7,DSL
2192-OZITF,No,0.0221,Low Risk,73.55,3349.1,1.63,Two year,45,25-48 months,Medium Value,Low-Med Value / Low Risk,6,DSL
5651-CPDND,No,0.2742,Medium Risk,46.0,492.1,12.61,Month-to-month,10,0-12 months,Medium Value,Low-Med Value / Low Risk,2,DSL
2186-QZEYA,No,0.1813,Low Risk,58.55,1718.95,10.61,Month-to-month,29,25-48 months,Medium Value,Low-Med Value / Low Risk,5,DSL
1131-ALZWV,No,0.0494,Low Risk,24.6,605.25,1.22,One year,24,13-24 months,Medium Value,Low-Med Value / Low Risk,2,No
7729-XBTWX,No,0.0037,Low Risk,19.75,1344.5,0.07,Two year,66,49+ months,Medium Value,Low-Med Value / Low Risk,1,No
9134-WYRVP,No,0.0904,Low Risk,86.35,4267.15,7.81,One year,51,49+ months,High Value,High Value / Low Risk,4,Fiber optic
3284-SVCRO,No,0.0113,Low Risk,25.5,1121.05,0.29,Two year,45,25-48 months,Medium Value,Low-Med Value / Low Risk,2,No
9732-OUYRN,No,0.0115,Low Risk,19.0,918.7,0.22,One year,49,49+ months,Medium Value,Low-Med Value / Low Risk,1,No
0559-CKHUS,No,0.0243,Low Risk,19.55,521.8,0.47,Two year,29,25-48 months,Medium Value,Low-Med Value / Low Risk,1,No
2931-SVLTV,No,0.274,Medium Risk,110.1,4469.1,30.16,Month-to-month,40,25-48 months,High Value,High Value / Low Risk,8,Fiber optic
6899-PPEEA,Yes,0.6619,High Risk,96.55,3580.3,63.91,Month-to-month,37,25-48 months,Medium Value,Low-Med Value / High Risk,5,Fiber optic
7504-UWHNB,No,0.4178,Medium Risk,69.75,1729.35,29.14,Month-to-month,25,25-48 months,Medium Value,Low-Med Value / Low Risk,2,Fiber optic
2582-FFFZR,No,0.5432,High Risk,50.6,1073.3,27.48,Month-to-month,22,13-24 months,Medium Value,Low-Med Value / High Risk,4,DSL
8908-NMQTX,No,0.0143,Low Risk,65.6,4566.5,0.94,Two year,72,49+ months,High Value,High Value / Low Risk,7,DSL
2187-LZGPL,Yes,0.4993,Medium Risk,40.1,293.3,20.02,Month-to-month,7,0-12 months,Low Value,Low-Med Value / Low Risk,3,DSL
1431-AIDJQ,No,0.0302,Low Risk,82.1,2603.1,2.48,Two year,33,25-48 months,Medium Value,Low-Med Value / Low Risk,7,DSL
6288-LBEAR,No,0.327,Medium Risk,79.1,1783.75,25.87,Month-to-month,23,13-24 months,Medium Value,Low-Med Value / Low Risk,4,Fiber optic
4597-NUCQV,Yes,0.7151,High Risk,101.25,2440.15,72.4,Month-to-month,24,13-24 months,Medium Value,Low-Med Value / High Risk,6,Fiber optic
9019-QVLZD,Yes,0.6714,High Risk,79.55,79.55,53.41,Month-to-month,1,0-12 months,Low Value,Low-Med Value / High Risk,3,Fiber optic
8413-YNHNV,No,0.0141,Low Risk,90.65,6322.1,1.27,Two year,69,49+ months,High Value,High Value / Low Risk,9,DSL
5808-TOTXO,No,0.0992,Low Risk,20.55,57.4,2.04,One year,3,0-12 months,Low Value,Low-Med Value / Low Risk,1,No
4369-NYSCF,No,0.0502,Low Risk,75.75,4284.65,3.8,One year,56,49+ months,High Value,High Value / Low Risk,6,DSL
6333-YDVLT,No,0.1212,Low Risk,110.0,7138.65,13.34,One year,65,49+ months,High Value,High Value / Low Risk,8,Fiber optic
5324-KTGCG,No,0.0065,Low Risk,20.85,1539.75,0.14,One year,71,49+ months,Medium Value,Low-Med Value / Low Risk,1,No
5599-HVLTW,No,0.6036,High Risk,80.35,1058.1,48.5,Month-to-month,14,13-24 months,Medium Value,Low-Med Value / High Risk,4,Fiber optic
7394-LWLYN,No,0.6927,High Risk,70.15,123.8,48.59,Month-to-month,2,0-12 months,Low Value,Low-Med Value / High Risk,2,Fiber optic
3707-LRWZD,Yes,0.3457,Medium Risk,84.05,2781.85,29.05,One year,32,25-48 months,Medium Value,Low-Med Value / Low Risk,4,Fiber optic
6873-UDNLD,No,0.1245,Low Risk,67.45,2731.0,8.4,Month-to-month,40,25-48 months,Medium Value,Low-Med Value / Low Risk,5,DSL
2700-LUEVA,No,0.1753,Low Risk,20.75,20.75,3.64,Month-to-month,1,0-12 months,Low Value,Low-Med Value / Low Risk,1,No
1455-ESIQH,Yes,0.7916,Critical Risk,89.1,89.1,70.53,Month-to-month,1,0-12 months,Low Value,Low-Med Value / High Risk,4,Fiber optic
0958-YHXGP,No,0.5832,High Risk,69.9,497.3,40.77,Month-to-month,7,0-12 months,Medium Value,Low-Med Value / High Risk,2,Fiber optic
1101-SSWAG,No,0.447,Medium Risk,51.1,711.15,22.84,Month-to-month,15,13-24 months,Medium Value,Low-Med Value / Low Risk,3,DSL
2979-SXESE,Yes,0.4662,Medium Risk,94.4,1607.2,44.01,Month-to-month,17,13-24 months,Medium Value,Low-Med Value / Low Risk,6,Fiber optic
4013-TLDHQ,Yes,0.5241,High Risk,78.25,1490.95,41.01,Month-to-month,19,13-24 months,Medium Value,Low-Med Value / High Risk,4,Fiber optic
5743-KHMNA,No,0.0034,Low Risk,25.55,1898.1,0.09,Two year,71,49+ months,Medium Value,Low-Med Value / Low Risk,2,No
4194-FJARJ,No,0.0091,Low Risk,60.0,3273.95,0.54,Two year,54,49+ months,Medium Value,Low-Med Value / Low Risk,5,DSL
5325-UWTWJ,No,0.2508,Medium Risk,90.55,2929.75,22.71,Month-to-month,31,25-48 months,Medium Value,Low-Med Value / Low Risk,6,Fiber optic
3969-GYXEL,No,0.4256,Medium Risk,76.4,838.7,32.51,Month-to-month,11,0-12 months,Medium Value,Low-Med Value / Low Risk,3,Fiber optic
9208-OLGAQ,No,0.6518,High Risk,84.95,1443.65,55.37,Month-to-month,18,13-24 months,Medium Value,Low-Med Value / High Risk,4,Fiber optic
3244-CQPHU,No,0.057,Low Risk,110.1,7746.7,6.28,Two year,72,49+ months,High Value,High Value / Low Risk,8,Fiber optic
2674-MLXMN,No,0.3012,Medium Risk,99.65,6951.15,30.02,Month-to-month,71,49+ months,High Value,High Value / Low Risk,6,Fiber optic
9708-HPXWZ,No,0.4084,Medium Risk,45.4,214.75,18.54,Month-to-month,5,0-12 months,Low Value,Low-Med Value / Low Risk,4,DSL
6992-TKNYO,No,0.0723,Low Risk,69.0,2669.45,4.99,One year,38,25-48 months,Medium Value,Low-Med Value / Low Risk,6,DSL
4468-YDOVK,No,0.262,Medium Risk,48.65,235.2,12.75,Month-to-month,5,0-12 months,Low Value,Low-Med Value / Low Risk,3,DSL
3754-DXMRT,Yes,0.5505,High Risk,44.15,92.65,24.3,Month-to-month,2,0-12 months,Low Value,Low-Med Value / High Risk,2,DSL
5792-JALQC,No,0.019,Low Risk,59.85,3103.25,1.14,Two year,52,49+ months,Medium Value,Low-Med Value / Low Risk,5,DSL
7130-VTEWQ,Yes,0.7383,High Risk,75.75,606.25,55.93,Month-to-month,8,0-12 months,Medium Value,Low-Med Value / High Risk,3,Fiber optic
2200-DSAAL,No,0.049,Low Risk,80.65,5330.2,3.95,Two year,68,49+ months,High Value,High Value / Low Risk,7,DSL
4302-ZYFEL,No,0.0053,Low Risk,20.55,1403.1,0.11,One year,69,49+ months,Medium Value,Low-Med Value / Low Risk,1,No
9351-LZYGF,No,0.074,Low Risk,66.4,2727.8,4.92,Month-to-month,42,25-48 months,Medium Value,Low-Med Value / Low Risk,6,DSL
4366-CTOUZ,No,0.0954,Low Risk,100.2,5038.45,9.56,Two year,50,49+ months,High Value,High Value / Low Risk,6,Fiber optic
6121-VZNQB,Yes,0.2562,Medium Risk,19.1,19.1,4.89,Month-to-month,1,0-12 months,Low Value,Low-Med Value / Low Risk,1,No
7903-CMPEY,Yes,0.7101,High Risk,80.3,80.3,57.02,Month-to-month,1,0-12 months,Low Value,Low-Med Value / High Risk,4,Fiber optic
1518-OMDIK,No,0.1663,Low Risk,44.55,1462.6,7.41,Month-to-month,33,25-48 months,Medium Value,Low-Med Value / Low Risk,2,DSL
6671-NGWON,No,0.15,Low Risk,20.35,150.6,3.05,Month-to-month,7,0-12 months,Low Value,Low-Med Value / Low Risk,1,No
0595-ITUDF,No,0.1716,Low Risk,91.8,5960.5,15.75,Month-to-month,64,49+ months,High Value,High Value / Low Risk,6,Fiber optic
6996-KNSML,Yes,0.693,High Risk,74.9,74.9,51.9,Month-to-month,1,0-12 months,Low Value,Low-Med Value / High Risk,3,Fiber optic
1955-IBMMB,No,0.0058,Low Risk,20.2,1192.3,0.12,Two year,59,49+ months,Medium Value,Low-Med Value / Low Risk,1,No
0096-BXERS,No,0.4499,Medium Risk,50.35,314.55,22.65,Month-to-month,6,0-12 months,Low Value,Low-Med Value / Low Risk,3,DSL
3806-YAZOV,No,0.1789,Low Risk,18.8,56.0,3.36,Month-to-month,3,0-12 months,Low Value,Low-Med Value / Low Risk,1,No
7998-ZLXWN,No,0.1009,Low Risk,20.45,330.8,2.06,Month-to-month,15,13-24 months,Low Value,Low-Med Value / Low Risk,1,No
6253-WRFHY,No,0.3125,Medium Risk,64.75,877.35,20.23,One year,13,13-24 months,Medium Value,Low-Med Value / Low Risk,4,DSL
9133-AYJZG,No,0.5964,High Risk,98.7,2249.1,58.86,Month-to-month,23,13-24 months,Medium Value,Low-Med Value / High Risk,6,Fiber optic
2675-OTVVJ,No,0.4655,Medium Risk,89.45,2807.65,41.64,Month-to-month,31,25-48 months,Medium Value,Low-Med Value / Low Risk,5,Fiber optic
8680-CGLTP,No,0.0683,Low Risk,58.75,1696.2,4.01,One year,29,25-48 months,Medium Value,Low-Med Value / Low Risk,5,DSL
8430-TWCBX,No,0.0115,Low Risk,20.7,1032.05,0.24,One year,49,49+ months,Medium Value,Low-Med Value / Low Risk,1,No
5018-GWURO,No,0.3323,Medium Risk,85.6,4902.8,28.44,Month-to-month,56,49+ months,High Value,High Value / Low Risk,4,Fiber optic
6741-QRLUP,No,0.0145,Low Risk,80.3,4995.35,1.16,Two year,63,49+ months,High Value,High Value / Low Risk,8,DSL
4737-HOBAX,No,0.0239,Low Risk,79.8,5034.05,1.91,Two year,63,49+ months,High Value,High Value / Low Risk,7,DSL
0537-QYZZN,No,0.4788,Medium Risk,79.85,1857.75,38.23,Month-to-month,24,13-24 months,Medium Value,Low-Med Value / Low Risk,4,Fiber optic
3340-QBBFM,No,0.0489,Low Risk,54.1,1992.85,2.65,One year,36,25-48 months,Medium Value,Low-Med Value / Low Risk,4,DSL
1704-NRWYE,Yes,0.7218,High Risk,80.85,751.65,58.35,Month-to-month,9,0-12 months,Medium Value,Low-Med Value / High Risk,3,Fiber optic
2592-SEIFQ,Yes,0.5449,High Risk,24.75,66.95,13.49,Month-to-month,3,0-12 months,Low Value,Low-Med Value / High Risk,1,DSL
8200-KLNYW,No,0.0874,Low Risk,80.9,1714.95,7.07,One year,21,13-24 months,Medium Value,Low-Med Value / Low Risk,7,DSL
3372-CDXFJ,No,0.0667,Low Risk,24.5,343.6,1.63,One year,13,13-24 months,Low Value,Low-Med Value / Low Risk,2,No
4781-ZXYGU,No,0.2082,Low Risk,20.15,20.15,4.19,Month-to-month,1,0-12 months,Low Value,Low-Med Value / Low Risk,1,No
7632-YUTXB,No,0.0305,Low Risk,20.05,520.1,0.61,One year,25,25-48 months,Medium Value,Low-Med Value / Low Risk,1,No
2718-YSKCS,No,0.0027,Low Risk,19.6,1387.45,0.05,Two year,71,49+ months,Medium Value,Low-Med Value / Low Risk,1,No
9896-UYMIE,No,0.1089,Low Risk,114.3,7383.7,12.45,One year,66,49+ months,High Value,High Value / Low Risk,9,Fiber optic
0853-NWIFK,No,0.2266,Low Risk,100.3,4483.95,22.73,One year,45,25-48 months,High Value,High Value / Low Risk,6,Fiber optic
8212-CRQXP,No,0.4963,Medium Risk,80.0,1706.45,39.7,Month-to-month,22,13-24 months,Medium Value,Low-Med Value / Low Risk,3,Fiber optic
6980-CDGFC,No,0.0074,Low Risk,20.85,1327.4,0.15,One year,67,49+ months,Medium Value,Low-Med Value / Low Risk,1,No
7691-XVTZH,No,0.0818,Low Risk,89.95,5974.3,7.36,Two year,68,49+ months,High Value,High Value / Low Risk,5,Fiber optic
2520-SGTTA,No,0.0505,Low Risk,20.0,0.0,1.01,Two year,0,0-12 months,Low Value,Low-Med Value / Low Risk,1,No
7481-ATQQS,Yes,0.4035,Medium Risk,90.85,4515.85,36.66,Month-to-month,49,49+ months,High Value,High Value / Low Risk,5,Fiber optic
2277-VWCNI,No,0.428,Medium Risk,48.75,179.85,20.86,Month-to-month,4,0-12 months,Low Value,Low-Med Value / Low Risk,3,DSL
1088-CNNKB,No,0.0199,Low Risk,80.0,5040.2,1.59,One year,63,49+ months,High Value,High Value / Low Risk,8,DSL
8642-GVWRF,Yes,0.4707,Medium Risk,79.7,165.0,37.51,Month-to-month,2,0-12 months,Low Value,Low-Med Value / Low Risk,4,Fiber optic
1930-BZLHI,No,0.0637,Low Risk,20.35,422.7,1.3,One year,21,13-24 months,Medium Value,Low-Med Value / Low Risk,1,No
3400-ESFUW,Yes,0.0055,Low Risk,57.55,3046.4,0.32,Two year,55,49+ months,Medium Value,Low-Med Value / Low Risk,5,DSL
5868-YTYKS,No,0.2156,Low Risk,20.25,20.25,4.37,Month-to-month,1,0-12 months,Low Value,Low-Med Value / Low Risk,1,No
3525-DVKFN,No,0.0292,Low Risk,19.4,358.05,0.57,Two year,17,13-24 months,Low Value,Low-Med Value / Low Risk,1,No
1482-OXZSY,No,0.4925,Medium Risk,100.4,2936.25,49.44,Month-to-month,30,25-48 months,Medium Value,Low-Med Value / Low Risk,6,Fiber optic
0377-JBKKT,No,0.1028,Low Risk,57.95,1271.8,5.96,Month-to-month,22,13-24 months,Medium Value,Low-Med Value / Low Risk,5,DSL
5778-BVOFB,No,0.3184,Medium Risk,59.5,530.05,18.94,Month-to-month,9,0-12 months,Medium Value,Low-Med Value / Low Risk,4,DSL
3373-YZZYM,No,0.1649,Low Risk,19.2,19.2,3.17,Month-to-month,1,0-12 months,Low Value,Low-Med Value / Low Risk,1,No
2057-ZBLPD,Yes,0.6758,High Risk,86.5,1808.7,58.46,Month-to-month,21,13-24 months,Medium Value,Low-Med Value / High Risk,4,Fiber optic
0228-MAUWC,No,0.2538,Medium Risk,59.55,1144.6,15.12,Month-to-month,19,13-24 months,Medium Value,Low-Med Value / Low Risk,5,DSL
5502-RLUYV,Yes,0.3573,Medium Risk,103.95,7446.9,37.14,Month-to-month,69,49+ months,High Value,High Value / Low Risk,7,Fiber optic
0023-HGHWL,Yes,0.6859,High Risk,25.1,25.1,17.22,Month-to-month,1,0-12 months,Low Value,Low-Med Value / High Risk,1,DSL
7663-YJHSN,No,0.0386,Low Risk,103.95,7556.9,4.01,Two year,72,49+ months,High Value,High Value / Low Risk,8,Fiber optic
4915-BFSXL,No,0.0101,Low Risk,68.95,4858.7,0.69,Two year,70,49+ months,High Value,High Value / Low Risk,6,DSL
3086-RUCRN,No,0.1401,Low Risk,103.1,6595.0,14.44,Month-to-month,66,49+ months,High Value,High Value / Low Risk,8,Fiber optic
5215-LNLDJ,No,0.5349,High Risk,24.7,149.05,13.21,Month-to-month,7,0-12 months,Low Value,Low-Med Value / High Risk,1,DSL
7576-JMYWV,No,0.3487,Medium Risk,110.2,4972.1,38.42,Month-to-month,46,25-48 months,High Value,High Value / Low Risk,8,Fiber optic
9039-RBEEE,Yes,0.1159,Low Risk,48.95,1880.85,5.67,Month-to-month,39,25-48 months,Medium Value,Low-Med Value / Low Risk,5,DSL
0257-KXZGU,No,0.1202,Low Risk,62.45,2045.55,7.51,Month-to-month,32,25-48 months,Medium Value,Low-Med Value / Low Risk,5,DSL
1307-ATKGB,No,0.5496,High Risk,89.55,2187.15,49.22,Month-to-month,24,13-24 months,Medium Value,Low-Med Value / High Risk,5,Fiber optic
8417-FMLZI,Yes,0.5401,High Risk,83.55,477.55,45.12,Month-to-month,6,0-12 months,Medium Value,Low-Med Value / High Risk,4,Fiber optic
3714-XPXBW,No,0.118,Low Risk,78.9,2976.95,9.31,Month-to-month,37,25-48 months,Medium Value,Low-Med Value / Low Risk,8,DSL
1850-AKQEP,No,0.1208,Low Risk,20.35,178.7,2.46,Month-to-month,8,0-12 months,Low Value,Low-Med Value / Low Risk,1,No
2824-DXNKN,No,0.0133,Low Risk,71.45,5025.85,0.95,Two year,72,49+ months,High Value,High Value / Low Risk,6,DSL
5227-JSCFE,No,0.0057,Low Risk,46.35,3353.4,0.26,Two year,71,49+ months,Medium Value,Low-Med Value / Low Risk,5,DSL
0848-ZGQIJ,No,0.5796,High Risk,94.65,1461.15,54.86,Month-to-month,16,13-24 months,Medium Value,Low-Med Value / High Risk,5,Fiber optic
3621-CHYVB,No,0.0699,Low Risk,49.9,2782.4,3.49,Month-to-month,57,49+ months,Medium Value,Low-Med Value / Low Risk,5,DSL
8042-RNLKO,No,0.0078,Low Risk,25.45,1699.15,0.2,One year,66,49+ months,Medium Value,Low-Med Value / Low Risk,2,No
1792-UXAFY,Yes,0.6291,High Risk,89.15,1496.9,56.08,Month-to-month,17,13-24 months,Medium Value,Low-Med Value / High Risk,5,Fiber optic
5372-FBKBN,No,0.0683,Low Risk,20.75,452.2,1.42,Month-to-month,21,13-24 months,Medium Value,Low-Med Value / Low Risk,1,No
0420-TXVSG,No,0.0131,Low Risk,66.1,4428.45,0.86,Two year,66,49+ months,High Value,High Value / Low Risk,6,DSL
6217-TOWGS,No,0.4312,Medium Risk,75.4,1322.55,32.51,Month-to-month,17,13-24 months,Medium Value,Low-Med Value / Low Risk,6,DSL
0515-YPMCW,Yes,0.5813,High Risk,70.45,70.45,40.95,Month-to-month,1,0-12 months,Low Value,Low-Med Value / High Risk,2,Fiber optic
0378-XSZPU,Yes,0.016,Low Risk,60.3,3563.8,0.96,One year,58,49+ months,Medium Value,Low-Med Value / Low Risk,5,DSL
1045-LTCYT,No,0.1081,Low Risk,21.05,139.75,2.28,Month-to-month,8,0-12 months,Low Value,Low-Med Value / Low Risk,1,No
1544-JJMYL,No,0.0522,Low Risk,69.35,1927.3,3.62,One year,27,25-48 months,Medium Value,Low-Med Value / Low Risk,6,DSL
4636-JGAAI,No,0.3909,Medium Risk,88.85,3000.25,34.73,Month-to-month,34,25-48 months,Medium Value,Low-Med Value / Low Risk,5,Fiber optic
6874-SGLHU,No,0.3178,Medium Risk,97.0,3021.3,30.83,One year,30,25-48 months,Medium Value,Low-Med Value / Low Risk,5,Fiber optic
5951-AOFIH,No,0.1849,Low Risk,66.4,2245.4,12.28,Month-to-month,33,25-48 months,Medium Value,Low-Med Value / Low Risk,5,DSL
4729-XKASR,Yes,0.5116,High Risk,24.75,24.75,12.66,Month-to-month,1,0-12 months,Low Value,Low-Med Value / High Risk,1,DSL
3059-NGMXB,No,0.2067,Low Risk,69.2,944.65,14.31,Month-to-month,14,13-24 months,Medium Value,Low-Med Value / Low Risk,6,DSL
8652-YHIYU,No,0.2591,Medium Risk,79.5,1264.2,20.6,One year,16,13-24 months,Medium Value,Low-Med Value / Low Risk,4,Fiber optic
5278-PNYOX,No,0.0708,Low Risk,100.65,4917.75,7.12,Two year,49,49+ months,High Value,High Value / Low Risk,6,Fiber optic
5449-FIBXJ,Yes,0.5416,High Risk,103.3,2012.7,55.95,Month-to-month,19,13-24 months,Medium Value,Low-Med Value / High Risk,7,Fiber optic
3486-HOOGQ,No,0.0072,Low Risk,79.7,5743.3,0.57,Two year,70,49+ months,High Value,High Value / Low Risk,8,DSL
5061-PBXFW,No,0.0448,Low Risk,61.4,1864.65,2.75,Month-to-month,32,25-48 months,Medium Value,Low-Med Value / Low Risk,5,DSL
8630-FJLIB,No,0.5637,High Risk,69.8,1221.65,39.35,Month-to-month,18,13-24 months,Medium Value,Low-Med Value / High Risk,2,Fiber optic
3891-NLXJB,No,0.029,Low Risk,40.55,1390.85,1.17,Two year,37,25-48 months,Medium Value,Low-Med Value / Low Risk,4,DSL
4749-OJKQU,No,0.7365,High Risk,75.65,302.35,55.72,Month-to-month,4,0-12 months,Low Value,Low-Med Value / High Risk,3,Fiber optic
0577-WHMEV,No,0.4177,Medium Risk,90.7,1374.9,37.89,Month-to-month,16,13-24 months,Medium Value,Low-Med Value / Low Risk,6,Fiber optic
5453-AXEPF,No,0.523,High Risk,80.5,1336.9,42.1,Month-to-month,17,13-24 months,Medium Value,Low-Med Value / High Risk,4,Fiber optic
3639-XJHKQ,No,0.19,Low Risk,60.6,1297.8,11.51,Month-to-month,19,13-24 months,Medium Value,Low-Med Value / Low Risk,5,DSL
3716-LRGXK,No,0.102,Low Risk,101.15,6067.4,10.31,Two year,60,49+ months,High Value,High Value / Low Risk,6,Fiber optic
2263-SFSQZ,No,0.0101,Low Risk,24.95,1222.25,0.25,Two year,51,49+ months,Medium Value,Low-Med Value / Low Risk,2,No
9950-MTGYX,No,0.0185,Low Risk,20.3,487.95,0.37,Two year,28,25-48 months,Medium Value,Low-Med Value / Low Risk,1,No
3397-AVTKU,No,0.0592,Low Risk,60.0,2548.55,3.55,Two year,43,25-48 months,Medium Value,Low-Med Value / Low Risk,4,DSL
4825-FUREZ,No,0.0129,Low Risk,20.25,835.5,0.26,Two year,42,25-48 months,Medium Value,Low-Med Value / Low Risk,1,No
9837-BMCLM,Yes,0.7425,High Risk,78.5,242.05,58.29,Month-to-month,3,0-12 months,Low Value,Low-Med Value / High Risk,3,Fiber optic
2672-OJQZP,No,0.3508,Medium Risk,44.75,44.75,15.7,Month-to-month,1,0-12 months,Low Value,Low-Med Value / Low Risk,2,DSL
0137-UDEUO,Yes,0.1764,Low Risk,19.85,63.75,3.5,Month-to-month,3,0-12 months,Low Value,Low-Med Value / Low Risk,1,No
3134-DSHVC,No,0.043,Low Risk,98.0,6218.45,4.22,Two year,63,49+ months,High Value,High Value / Low Risk,7,Fiber optic
6161-UUUTA,Yes,0.7655,Critical Risk,79.9,260.9,61.17,Month-to-month,3,0-12 months,Low Value,Low-Med Value / High Risk,3,Fiber optic
7821-DPRQE,No,0.2579,Medium Risk,107.7,7320.9,27.78,Month-to-month,68,49+ months,High Value,High Value / Low Risk,8,Fiber optic
6543-XRMYR,Yes,0.6777,High Risk,99.7,2967.35,67.57,Month-to-month,30,25-48 months,Medium Value,Low-Med Value / High Risk,6,Fiber optic
2001-EWBQU,No,0.1313,Low Risk,104.7,6333.8,13.75,Two year,60,49+ months,High Value,High Value / Low Risk,7,Fiber optic
4925-LMHOK,Yes,0.2525,Medium Risk,58.6,939.7,14.8,Month-to-month,15,13-24 months,Medium Value,Low-Med Value / Low Risk,5,DSL
1608-GMEWB,No,0.5238,High Risk,93.9,4200.25,49.19,Month-to-month,45,25-48 months,High Value,High Value / High Risk,5,Fiber optic
6695-AMZUF,No,0.0082,Low Risk,86.45,5950.2,0.71,Two year,70,49+ months,High Value,High Value / Low Risk,8,DSL
1455-UGQVH,Yes,0.7972,Critical Risk,98.5,1037.75,78.52,Month-to-month,10,0-12 months,Medium Value,Low-Med Value / High Risk,6,Fiber optic
8410-BGQXN,No,0.1741,Low Risk,19.4,93.4,3.38,Month-to-month,4,0-12 months,Low Value,Low-Med Value / Low Risk,1,No
8280-MQRQN,Yes,0.4256,Medium Risk,50.45,50.45,21.47,Month-to-month,1,0-12 months,Low Value,Low-Med Value / Low Risk,3,DSL
1619-YWUBB,No,0.0052,Low Risk,24.95,1614.9,0.13,Two year,68,49+ months,Medium Value,Low-Med Value / Low Risk,2,No
7611-YKYTC,No,0.2261,Low Risk,75.0,1573.95,16.96,Month-to-month,22,13-24 months,Medium Value,Low-Med Value / Low Risk,3,Fiber optic
2037-SGXHH,Yes,0.4741,Medium Risk,94.65,3624.3,44.87,Month-to-month,38,25-48 months,Medium Value,Low-Med Value / Low Risk,6,Fiber optic
3178-FESZO,Yes,0.7286,High Risk,100.25,100.25,73.04,Month-to-month,1,0-12 months,Low Value,Low-Med Value / High Risk,6,Fiber optic
0365-GXEZS,No,0.4001,Medium Risk,78.2,1468.75,31.29,Month-to-month,18,13-24 months,Medium Value,Low-Med Value / Low Risk,4,Fiber optic
0082-OQIQY,No,0.5277,High Risk,94.2,2607.6,49.71,Month-to-month,29,25-48 months,Medium Value,Low-Med Value / High Risk,5,Fiber optic
6087-MVHJH,Yes,0.7091,High Risk,88.45,1422.1,62.72,Month-to-month,16,13-24 months,Medium Value,Low-Med Value / High Risk,5,Fiber optic
4603-JANFB,Yes,0.7062,High Risk,69.85,69.85,49.33,Month-to-month,1,0-12 months,Low Value,Low-Med Value / High Risk,2,Fiber optic
3018-TFTSU,Yes,0.32,Medium Risk,81.7,858.6,26.15,Month-to-month,12,0-12 months,Medium Value,Low-Med Value / Low Risk,4,Fiber optic
3606-SBKRY,No,0.3011,Medium Risk,50.05,1523.4,15.07,One year,31,25-48 months,Medium Value,Low-Med Value / Low Risk,4,DSL
4806-KEXQR,Yes,0.7314,High Risk,79.9,324.3,58.44,Month-to-month,4,0-12 months,Low Value,Low-Med Value / High Risk,3,Fiber optic
0667-NSRGI,No,0.0801,Low Risk,69.55,3435.6,5.57,One year,48,25-48 months,Medium Value,Low-Med Value / Low Risk,6,DSL
7083-YNSKY,Yes,0.1771,Low Risk,25.4,399.6,4.5,Month-to-month,15,13-24 months,Medium Value,Low-Med Value / Low Risk,2,No
6893-ODYYE,No,0.0618,Low Risk,90.1,4549.45,5.57,One year,50,49+ months,High Value,High Value / Low Risk,6,Fiber optic
8242-JSVBO,No,0.3698,Medium Risk,44.65,322.5,16.51,Month-to-month,7,0-12 months,Low Value,Low-Med Value / Low Risk,2,DSL
2479-BRAMR,Yes,0.3098,Medium Risk,83.75,3273.55,25.94,Month-to-month,41,25-48 months,Medium Value,Low-Med Value / Low Risk,5,Fiber optic
9541-ZPSEA,No,0.0162,Low Risk,80.35,5375.15,1.3,Two year,68,49+ months,High Value,High Value / Low Risk,4,Fiber optic
2665-NPTGL,No,0.656,High Risk,98.1,2510.7,64.36,Month-to-month,26,25-48 months,Medium Value,Low-Med Value / High Risk,6,Fiber optic
1139-WUOAH,No,0.0273,Low Risk,53.35,3090.05,1.45,Two year,57,49+ months,Medium Value,Low-Med Value / Low Risk,5,DSL
4693-VWVBO,No,0.2273,Low Risk,19.55,61.05,4.44,Month-to-month,3,0-12 months,Low Value,Low-Med Value / Low Risk,1,No
7434-SHXLS,Yes,0.1873,Low Risk,20.9,20.9,3.92,Month-to-month,1,0-12 months,Low Value,Low-Med Value / Low Risk,1,No
6937-GCDGQ,No,0.0904,Low Risk,48.95,955.6,4.43,One year,19,13-24 months,Medium Value,Low-Med Value / Low Risk,3,DSL
0988-JRWWP,No,0.5538,High Risk,54.2,140.4,30.02,Month-to-month,3,0-12 months,Low Value,Low-Med Value / High Risk,3,DSL
5075-JSDKI,No,0.0082,Low Risk,24.45,1493.1,0.2,Two year,59,49+ months,Medium Value,Low-Med Value / Low Risk,2,No
7908-QCBCA,Yes,0.6395,High Risk,69.4,69.4,44.38,Month-to-month,1,0-12 months,Low Value,Low-Med Value / High Risk,2,Fiber optic
8644-XYTSV,No,0.1605,Low Risk,40.15,1626.05,6.44,Month-to-month,42,25-48 months,Medium Value,Low-Med Value / Low Risk,3,DSL
6711-FLDFB,Yes,0.7198,High Risk,74.9,541.15,53.91,Month-to-month,7,0-12 months,Medium Value,Low-Med Value / High Risk,3,Fiber optic
3873-WOSBC,No,0.0039,Low Risk,25.6,1784.9,0.1,Two year,67,49+ months,Medium Value,Low-Med Value / Low Risk,2,No
7465-ZZRVX,No,0.7044,High Risk,70.35,70.35,49.56,Month-to-month,1,0-12 months,Low Value,Low-Med Value / High Risk,2,Fiber optic
7975-JMZNT,No,0.0145,Low Risk,91.7,6075.9,1.33,Two year,66,49+ months,High Value,High Value / Low Risk,9,DSL
7251-XFOIL,No,0.2393,Low Risk,89.2,5500.6,21.35,Month-to-month,61,49+ months,High Value,High Value / Low Risk,5,Fiber optic
4116-IQRFR,No,0.0936,Low Risk,24.1,73.1,2.26,One year,4,0-12 months,Low Value,Low-Med Value / Low Risk,2,No
3714-JTVOV,Yes,0.2369,Low Risk,74.15,3229.4,17.57,Month-to-month,42,25-48 months,Medium Value,Low-Med Value / Low Risk,3,Fiber optic
8259-DZLIZ,No,0.0286,Low Risk,53.85,3399.85,1.54,One year,64,49+ months,Medium Value,Low-Med Value / Low Risk,4,DSL
0442-ZXKVS,No,0.1697,Low Risk,115.6,6431.05,19.62,One year,54,49+ months,High Value,High Value / Low Risk,9,Fiber optic
7853-WNZSY,No,0.2384,Low Risk,19.75,19.75,4.71,Month-to-month,1,0-12 months,Low Value,Low-Med Value / Low Risk,1,No
3120-FAZKD,No,0.0083,Low Risk,24.05,1230.9,0.2,Two year,54,49+ months,Medium Value,Low-Med Value / Low Risk,2,No
8606-OEGQZ,No,0.0267,Low Risk,25.3,454.65,0.68,Two year,18,13-24 months,Medium Value,Low-Med Value / Low Risk,2,No
0225-ZORZP,No,0.6216,High Risk,84.3,235.05,52.4,Month-to-month,3,0-12 months,Low Value,Low-Med Value / High Risk,4,Fiber optic
4702-IOQDC,Yes,0.701,High Risk,70.1,70.1,49.14,Month-to-month,1,0-12 months,Low Value,Low-Med Value / High Risk,2,Fiber optic
9489-JMTTN,No,0.0094,Low Risk,89.75,6595.9,0.85,Two year,72,49+ months,High Value,High Value / Low Risk,9,DSL
0575-CUQOV,No,0.2572,Medium Risk,97.95,5867.0,25.19,One year,60,49+ months,High Value,High Value / Low Risk,6,Fiber optic
0967-BMLBD,No,0.0796,Low Risk,20.0,196.35,1.59,One year,11,0-12 months,Low Value,Low-Med Value / Low Risk,1,No
6178-KFNHS,Yes,0.5372,High Risk,78.3,909.25,42.07,Month-to-month,12,0-12 months,Medium Value,Low-Med Value / High Risk,4,Fiber optic
2830-LEWOA,No,0.074,Low Risk,103.9,6449.15,7.69,One year,61,49+ months,High Value,High Value / Low Risk,7,Fiber optic
5006-MXVRN,No,0.0093,Low Risk,20.7,762.45,0.19,Two year,39,25-48 months,Medium Value,Low-Med Value / Low Risk,1,No
1264-BYWMS,Yes,0.5048,High Risk,96.8,5283.95,48.86,Month-to-month,55,49+ months,High Value,High Value / High Risk,5,Fiber optic
9658-WYUFB,Yes,0.5764,High Risk,94.4,1617.5,54.41,Month-to-month,17,13-24 months,Medium Value,Low-Med Value / High Risk,6,Fiber optic
8327-WKMIE,No,0.02,Low Risk,20.15,785.75,0.4,One year,37,25-48 months,Medium Value,Low-Med Value / Low Risk,1,No
6917-FIJHC,No,0.0048,Low Risk,26.0,1776.0,0.12,Two year,72,49+ months,Medium Value,Low-Med Value / Low Risk,2,No
5329-KRDTM,No,0.0124,Low Risk,77.35,5396.25,0.96,Two year,72,49+ months,High Value,High Value / Low Risk,7,DSL
7797-EJMDP,No,0.1789,Low Risk,66.05,574.5,11.81,Month-to-month,8,0-12 months,Medium Value,Low-Med Value / Low Risk,5,DSL
3530-VWVGU,No,0.0666,Low Risk,19.9,400.3,1.32,Month-to-month,22,13-24 months,Medium Value,Low-Med Value / Low Risk,1,No
2013-SGDXK,Yes,0.6326,High Risk,84.3,84.3,53.32,Month-to-month,1,0-12 months,Low Value,Low-Med Value / High Risk,4,Fiber optic
6368-NWMCE,No,0.1166,Low Risk,68.15,2656.3,7.95,Month-to-month,38,25-48 months,Medium Value,Low-Med Value / Low Risk,6,DSL
3633-CDBUW,No,0.1339,Low Risk,80.85,1445.95,10.82,One year,17,13-24 months,Medium Value,Low-Med Value / Low Risk,7,DSL
0707-HOVVN,No,0.0194,Low Risk,75.5,5212.65,1.46,Two year,70,49+ months,High Value,High Value / Low Risk,7,DSL
8580-QVLOC,Yes,0.01,Low Risk,92.45,6440.25,0.93,Two year,72,49+ months,High Value,High Value / Low Risk,9,DSL
3956-MGXOG,No,0.547,High Risk,80.6,2244.95,44.09,Month-to-month,28,25-48 months,Medium Value,Low-Med Value / High Risk,3,Fiber optic
9274-UARKJ,No,0.5201,High Risk,83.2,1130.0,43.27,Month-to-month,15,13-24 months,Medium Value,Low-Med Value / High Risk,4,Fiber optic
4077-HWUYD,No,0.0145,Low Risk,87.55,6463.15,1.27,Two year,72,49+ months,High Value,High Value / Low Risk,9,DSL
2012-NWRPA,Yes,0.8093,Critical Risk,99.55,1131.2,80.56,Month-to-month,11,0-12 months,Medium Value,Low-Med Value / High Risk,6,Fiber optic
8808-ELEHO,Yes,0.7313,High Risk,81.25,585.95,59.42,Month-to-month,8,0-12 months,Medium Value,Low-Med Value / High Risk,4,Fiber optic
0103-CSITQ,No,0.1855,Low Risk,109.4,6252.7,20.29,One year,57,49+ months,High Value,High Value / Low Risk,8,Fiber optic
3506-LCJDC,Yes,0.1542,Low Risk,19.95,19.95,3.08,Month-to-month,1,0-12 months,Low Value,Low-Med Value / Low Risk,1,No
8671-KKKOS,No,0.1243,Low Risk,45.55,2062.15,5.66,Month-to-month,46,25-48 months,Medium Value,Low-Med Value / Low Risk,4,DSL
7305-ZWMAJ,No,0.0274,Low Risk,20.7,587.1,0.57,One year,30,25-48 months,Medium Value,Low-Med Value / Low Risk,1,No
9518-XXBXE,No,0.4825,Medium Risk,75.3,720.45,36.33,Month-to-month,10,0-12 months,Medium Value,Low-Med Value / Low Risk,3,Fiber optic
3934-HXCFZ,Yes,0.5337,High Risk,99.25,2186.4,52.97,Month-to-month,23,13-24 months,Medium Value,Low-Med Value / High Risk,7,Fiber optic
6578-KRMAW,No,0.2998,Medium Risk,93.4,2979.3,28.0,Month-to-month,32,25-48 months,Medium Value,Low-Med Value / Low Risk,6,Fiber optic
4860-IJUDE,No,0.4125,Medium Risk,73.75,956.65,30.42,Month-to-month,13,13-24 months,Medium Value,Low-Med Value / Low Risk,3,Fiber optic
7666-WKRON,Yes,0.1079,Low Risk,80.45,3201.55,8.68,Two year,39,25-48 months,Medium Value,Low-Med Value / Low Risk,4,Fiber optic
9688-YGXVR,No,0.3058,Medium Risk,88.15,3973.2,26.96,Month-to-month,44,25-48 months,High Value,High Value / Low Risk,5,Fiber optic
0423-UDIJQ,No,0.2438,Low Risk,49.2,447.9,11.99,Month-to-month,9,0-12 months,Medium Value,Low-Med Value / Low Risk,3,DSL
1945-XISKS,No,0.003,Low Risk,19.65,1335.2,0.06,Two year,67,49+ months,Medium Value,Low-Med Value / Low Risk,1,No
4910-AQFFX,Yes,0.5676,High Risk,79.35,661.25,45.04,Month-to-month,9,0-12 months,Medium Value,Low-Med Value / High Risk,4,Fiber optic
2154-KVJFF,Yes,0.6208,High Risk,79.75,1111.85,49.51,Month-to-month,15,13-24 months,Medium Value,Low-Med Value / High Risk,4,Fiber optic
5360-LJCNJ,No,0.103,Low Risk,105.15,7555.0,10.83,Two year,71,49+ months,High Value,High Value / Low Risk,7,Fiber optic
2607-FBDFF,No,0.257,Medium Risk,49.0,49.0,12.59,Month-to-month,1,0-12 months,Low Value,Low-Med Value / Low Risk,3,DSL
9647-ERGBE,Yes,0.6317,High Risk,100.05,3046.15,63.2,Month-to-month,30,25-48 months,Medium Value,Low-Med Value / High Risk,6,Fiber optic
3428-XZMAZ,Yes,0.7081,High Risk,69.35,69.35,49.1,Month-to-month,1,0-12 months,Low Value,Low-Med Value / High Risk,2,Fiber optic
1100-DDVRV,No,0.4958,Medium Risk,49.8,836.35,24.69,Month-to-month,17,13-24 months,Medium Value,Low-Med Value / Low Risk,4,DSL
0378-TOVMS,Yes,0.5641,High Risk,85.8,272.2,48.4,Month-to-month,3,0-12 months,Low Value,Low-Med Value / High Risk,4,Fiber optic
4355-HBJHH,Yes,0.0342,Low Risk,79.7,5293.4,2.73,Two year,67,49+ months,High Value,High Value / Low Risk,7,DSL
6728-WYQBC,No,0.1802,Low Risk,20.95,20.95,3.78,Month-to-month,1,0-12 months,Low Value,Low-Med Value / Low Risk,1,No
9058-CBREO,Yes,0.4505,Medium Risk,50.55,50.55,22.77,Month-to-month,1,0-12 months,Low Value,Low-Med Value / Low Risk,3,DSL
9029-FEGVJ,No,0.3987,Medium Risk,79.3,2570.0,31.61,Month-to-month,32,25-48 months,Medium Value,Low-Med Value / Low Risk,4,Fiber optic
7216-KAOID,No,0.0141,Low Risk,19.5,798.2,0.27,One year,41,25-48 months,Medium Value,Low-Med Value / Low Risk,1,No
0318-QUUOB,Yes,0.7518,Critical Risk,80.55,80.55,60.56,Month-to-month,1,0-12 months,Low Value,Low-Med Value / High Risk,3,Fiber optic
6145-NNPNO,No,0.338,Medium Risk,44.15,44.15,14.92,Month-to-month,1,0-12 months,Low Value,Low-Med Value / Low Risk,2,DSL
5520-FVEWJ,Yes,0.5885,High Risk,84.5,916.9,49.73,Month-to-month,12,0-12 months,Medium Value,Low-Med Value / High Risk,5,Fiber optic
5339-TJFEK,No,0.3007,Medium Risk,105.5,6487.2,31.73,Month-to-month,62,49+ months,High Value,High Value / Low Risk,7,Fiber optic
5572-ZDXHY,Yes,0.4847,Medium Risk,84.3,1855.65,40.86,Month-to-month,22,13-24 months,Medium Value,Low-Med Value / Low Risk,4,Fiber optic
2074-GUHPQ,No,0.3497,Medium Risk,92.7,1556.85,32.42,Month-to-month,17,13-24 months,Medium Value,Low-Med Value / Low Risk,6,Fiber optic
4625-XMOYM,No,0.0037,Low Risk,26.25,1988.05,0.1,Two year,72,49+ months,Medium Value,Low-Med Value / Low Risk,2,No
5827-MWCZK,No,0.1987,Low Risk,96.95,5432.2,19.26,Month-to-month,56,49+ months,High Value,High Value / Low Risk,6,Fiber optic
1385-TQOZW,No,0.1717,Low Risk,20.45,147.55,3.51,Month-to-month,9,0-12 months,Low Value,Low-Med Value / Low Risk,1,No
5914-XRFQB,No,0.057,Low Risk,115.8,8424.9,6.6,Two year,72,49+ months,High Value,High Value / Low Risk,9,Fiber optic
4329-YPDDQ,No,0.3703,Medium Risk,108.2,2203.7,40.07,Month-to-month,20,13-24 months,Medium Value,Low-Med Value / Low Risk,8,Fiber optic
4804-NCPET,No,0.0219,Low Risk,20.2,387.4,0.44,Two year,19,13-24 months,Low Value,Low-Med Value / Low Risk,1,No
3750-CKVKH,Yes,0.7057,High Risk,67.75,116.65,47.81,Month-to-month,2,0-12 months,Low Value,Low-Med Value / High Risk,2,Fiber optic
5944-UGLLK,No,0.0588,Low Risk,54.9,3045.75,3.23,One year,53,49+ months,Medium Value,Low-Med Value / Low Risk,5,DSL
8063-GBATB,Yes,0.665,High Risk,85.25,2287.25,56.69,Month-to-month,27,25-48 months,Medium Value,Low-Med Value / High Risk,4,Fiber optic
7787-BNTZM,No,0.1505,Low Risk,20.15,130.5,3.03,Month-to-month,6,0-12 months,Low Value,Low-Med Value / Low Risk,1,No
2252-ISRNH,No,0.5469,High Risk,90.35,767.9,49.42,One year,9,0-12 months,Medium Value,Low-Med Value / High Risk,5,Fiber optic
9415-TPKRV,No,0.3357,Medium Risk,55.75,446.8,18.71,Month-to-month,8,0-12 months,Medium Value,Low-Med Value / Low Risk,4,DSL
5322-TEUJK,No,0.0315,Low Risk,114.6,8100.25,3.61,Two year,71,49+ months,High Value,High Value / Low Risk,9,Fiber optic
4547-KQRTM,Yes,0.5741,High Risk,80.05,830.7,45.96,Month-to-month,10,0-12 months,Medium Value,Low-Med Value / High Risk,4,Fiber optic
4877-EVATK,Yes,0.1929,Low Risk,20.0,20.0,3.86,Month-to-month,1,0-12 months,Low Value,Low-Med Value / Low Risk,1,No
1866-DIOQZ,No,0.0196,Low Risk,66.8,4689.15,1.31,One year,71,49+ months,High Value,High Value / Low Risk,7,DSL
8375-KVTHK,No,0.1439,Low Risk,100.3,6754.35,14.43,One year,68,49+ months,High Value,High Value / Low Risk,6,Fiber optic
2697-NQBPF,No,0.5399,High Risk,105.35,3540.65,56.88,Month-to-month,34,25-48 months,Medium Value,Low-Med Value / High Risk,7,Fiber optic
3709-OIJEA,No,0.2312,Low Risk,85.2,2184.6,19.7,One year,26,25-48 months,Medium Value,Low-Med Value / Low Risk,5,Fiber optic
7639-SUPCW,Yes,0.1681,Low Risk,48.8,1054.6,8.2,Month-to-month,22,13-24 months,Medium Value,Low-Med Value / Low Risk,3,DSL
1386-ZIKUV,No,0.2102,Low Risk,18.95,130.55,3.98,Month-to-month,7,0-12 months,Low Value,Low-Med Value / Low Risk,1,No
0599-XNYDO,No,0.4675,Medium Risk,69.8,1540.35,32.63,Month-to-month,20,13-24 months,Medium Value,Low-Med Value / Low Risk,2,Fiber optic
6377-WHAOX,No,0.4548,Medium Risk,106.15,6411.25,48.28,Month-to-month,60,49+ months,High Value,High Value / Low Risk,7,Fiber optic
6855-VLGOS,No,0.0026,Low Risk,20.55,1432.55,0.05,Two year,72,49+ months,Medium Value,Low-Med Value / Low Risk,1,No
8999-XXGNS,No,0.1876,Low Risk,105.75,7629.85,19.83,One year,72,49+ months,High Value,High Value / Low Risk,7,Fiber optic
8746-OQQRW,No,0.2167,Low Risk,25.25,101.9,5.47,Month-to-month,4,0-12 months,Low Value,Low-Med Value / Low Risk,2,No
3181-MIZBN,No,0.1173,Low Risk,19.75,313.4,2.32,Month-to-month,16,13-24 months,Low Value,Low-Med Value / Low Risk,1,No
0471-ARVMX,No,0.2538,Medium Risk,104.85,6312.9,26.61,One year,62,49+ months,High Value,High Value / Low Risk,7,Fiber optic
7766-CLTIC,No,0.3212,Medium Risk,60.95,629.55,19.58,Month-to-month,10,0-12 months,Medium Value,Low-Med Value / Low Risk,4,DSL
5650-YLIBA,No,0.5066,High Risk,81.15,2640.55,41.11,Month-to-month,31,25-48 months,Medium Value,Low-Med Value / High Risk,4,Fiber optic
0825-CPPQH,No,0.0022,Low Risk,19.1,1372.45,0.04,Two year,71,49+ months,Medium Value,Low-Med Value / Low Risk,1,No
9084-OAYKL,No,0.0045,Low Risk,20.8,1212.25,0.09,Two year,58,49+ months,Medium Value,Low-Med Value / Low Risk,1,No
6122-LJADA,No,0.014,Low Risk,90.15,6237.05,1.26,Two year,70,49+ months,High Value,High Value / Low Risk,9,DSL
2400-XIWIO,No,0.0174,Low Risk,90.1,6310.9,1.57,Two year,71,49+ months,High Value,High Value / Low Risk,9,DSL
7524-VRLPL,No,0.0107,Low Risk,74.1,5031.0,0.79,Two year,69,49+ months,High Value,High Value / Low Risk,7,DSL
1069-XAIEM,Yes,0.8185,Critical Risk,85.05,85.05,69.61,Month-to-month,1,0-12 months,Low Value,Low-Med Value / High Risk,4,Fiber optic
7569-NMZYQ,No,0.0453,Low Risk,118.75,8672.45,5.38,Two year,72,49+ months,High Value,High Value / Low Risk,9,Fiber optic
5201-USSQZ,No,0.2957,Medium Risk,85.9,2196.45,25.4,Month-to-month,26,25-48 months,Medium Value,Low-Med Value / Low Risk,4,Fiber optic
2105-PHWON,No,0.3992,Medium Risk,95.0,3008.15,37.92,Month-to-month,33,25-48 months,Medium Value,Low-Med Value / Low Risk,6,Fiber optic
1494-EJZDW,No,0.0324,Low Risk,20.15,220.8,0.65,Two year,10,0-12 months,Low Value,Low-Med Value / Low Risk,1,No
4884-TVUQF,No,0.0469,Low Risk,101.3,5779.6,4.75,Two year,57,49+ months,High Value,High Value / Low Risk,7,Fiber optic
8003-EWNDZ,No,0.2307,Low Risk,21.2,222.65,4.89,Month-to-month,10,0-12 months,Low Value,Low-Med Value / Low Risk,1,No
1897-RCFUM,No,0.0319,Low Risk,24.2,914.6,0.77,One year,39,25-48 months,Medium Value,Low-Med Value / Low Risk,2,No
9256-JTBNZ,No,0.121,Low Risk,20.3,246.3,2.46,Month-to-month,11,0-12 months,Low Value,Low-Med Value / Low Risk,1,No
4658-HCOHW,Yes,0.496,Medium Risk,102.8,2110.15,50.99,Month-to-month,21,13-24 months,Medium Value,Low-Med Value / Low Risk,7,Fiber optic
2211-RMNHO,No,0.0142,Low Risk,85.3,5560.0,1.22,Two year,68,49+ months,High Value,High Value / Low Risk,8,DSL
2432-TFSMK,No,0.4332,Medium Risk,89.6,1633.0,38.82,One year,18,13-24 months,Medium Value,Low-Med Value / Low Risk,5,Fiber optic
3440-JPSCL,Yes,0.6031,High Risk,99.95,547.65,60.28,Month-to-month,6,0-12 months,Medium Value,Low-Med Value / High Risk,6,Fiber optic
4929-ROART,No,0.195,Low Risk,56.25,969.85,10.97,Month-to-month,18,13-24 months,Medium Value,Low-Med Value / Low Risk,4,DSL
1834-ABKHQ,No,0.0361,Low Risk,50.95,2610.65,1.84,One year,52,49+ months,Medium Value,Low-Med Value / Low Risk,3,DSL
1741-WTPON,No,0.0497,Low Risk,115.85,6567.9,5.76,Two year,56,49+ months,High Value,High Value / Low Risk,9,Fiber optic
3932-IJWDZ,No,0.4166,Medium Risk,103.65,4747.85,43.18,Month-to-month,45,25-48 months,High Value,High Value / Low Risk,7,Fiber optic
1240-HCBOH,No,0.006,Low Risk,26.1,1759.55,0.16,Two year,67,49+ months,Medium Value,Low-Med Value / Low Risk,2,No
3594-KADLU,No,0.2865,Medium Risk,35.1,101.1,10.06,Month-to-month,3,0-12 months,Low Value,Low-Med Value / Low Risk,3,DSL
8065-BVEPF,No,0.2889,Medium Risk,99.1,6496.15,28.63,Month-to-month,65,49+ months,High Value,High Value / Low Risk,6,Fiber optic
3796-ENZGF,No,0.0163,Low Risk,67.25,4234.15,1.1,Two year,63,49+ months,High Value,High Value / Low Risk,6,DSL
1734-ZMNTZ,No,0.0414,Low Risk,25.0,300.7,1.03,Two year,11,0-12 months,Low Value,Low-Med Value / Low Risk,2,No
2853-CWQFQ,No,0.3541,Medium Risk,59.55,59.55,21.08,Month-to-month,1,0-12 months,Low Value,Low-Med Value / Low Risk,4,DSL
0813-TAXXS,No,0.0597,Low Risk,77.8,4323.35,4.65,Two year,55,49+ months,High Value,High Value / Low Risk,6,DSL
2519-TWKFS,No,0.1077,Low Risk,55.1,1466.1,5.93,One year,25,25-48 months,Medium Value,Low-Med Value / Low Risk,4,DSL
2889-FPWRM,Yes,0.1046,Low Risk,117.8,8684.8,12.32,One year,72,49+ months,High Value,High Value / Low Risk,9,Fiber optic
0626-QXNGV,No,0.0044,Low Risk,24.15,1776.45,0.11,Two year,72,49+ months,Medium Value,Low-Med Value / Low Risk,2,No
6723-CEGQI,No,0.0105,Low Risk,45.25,2933.95,0.47,Two year,65,49+ months,Medium Value,Low-Med Value / Low Risk,4,DSL
6987-XQSJT,Yes,0.3558,Medium Risk,79.5,4370.25,28.29,Month-to-month,54,49+ months,High Value,High Value / Low Risk,4,Fiber optic
4732-RRJZC,No,0.128,Low Risk,20.25,144.35,2.59,Month-to-month,7,0-12 months,Low Value,Low-Med Value / Low Risk,1,No
9499-XPZXM,No,0.0055,Low Risk,64.75,4804.75,0.35,Two year,72,49+ months,High Value,High Value / Low Risk,6,DSL
4338-EYCER,No,0.2332,Low Risk,54.6,1125.2,12.73,Month-to-month,21,13-24 months,Medium Value,Low-Med Value / Low Risk,3,DSL
3007-FDPEA,No,0.2301,Low Risk,20.7,39.85,4.76,Month-to-month,2,0-12 months,Low Value,Low-Med Value / Low Risk,1,No
6350-XFYGW,No,0.794,Critical Risk,94.75,422.4,75.23,Month-to-month,4,0-12 months,Medium Value,Low-Med Value / High Risk,5,Fiber optic
4290-BSXUX,Yes,0.5917,High Risk,79.65,251.75,47.13,Month-to-month,3,0-12 months,Low Value,Low-Med Value / High Risk,4,Fiber optic
8513-OLYGY,No,0.0379,Low Risk,115.8,8332.15,4.38,Two year,72,49+ months,High Value,High Value / Low Risk,9,Fiber optic
0311-QYWSS,No,0.3664,Medium Risk,49.45,314.6,18.12,Month-to-month,6,0-12 months,Low Value,Low-Med Value / Low Risk,3,DSL
8705-DWKTI,No,0.2769,Medium Risk,83.8,4331.4,23.2,Month-to-month,52,49+ months,High Value,High Value / Low Risk,4,Fiber optic
8755-IWJHN,No,0.2557,Medium Risk,95.35,6382.0,24.38,Month-to-month,69,49+ months,High Value,High Value / Low Risk,6,Fiber optic
0325-XBFAC,Yes,0.7455,High Risk,94.7,740.3,70.6,Month-to-month,8,0-12 months,Medium Value,Low-Med Value / High Risk,5,Fiber optic
4480-QQRHC,No,0.5888,High Risk,74.05,600.15,43.6,Month-to-month,8,0-12 months,Medium Value,Low-Med Value / High Risk,3,Fiber optic
0929-PECLO,No,0.308,Medium Risk,89.6,5538.8,27.6,Month-to-month,63,49+ months,High Value,High Value / Low Risk,5,Fiber optic
3680-CTHUH,No,0.1244,Low Risk,116.6,7049.5,14.51,One year,60,49+ months,High Value,High Value / Low Risk,9,Fiber optic
1202-KKGFU,No,0.1339,Low Risk,54.2,690.5,7.26,Month-to-month,12,0-12 months,Medium Value,Low-Med Value / Low Risk,4,DSL
6112-KTHFQ,No,0.1648,Low Risk,19.3,279.3,3.18,Month-to-month,13,13-24 months,Low Value,Low-Med Value / Low Risk,1,No
1852-XEMDW,No,0.1526,Low Risk,65.05,1427.55,9.93,Month-to-month,22,13-24 months,Medium Value,Low-Med Value / Low Risk,6,DSL
2462-XIIJB,Yes,0.7643,Critical Risk,92.5,452.7,70.69,Month-to-month,5,0-12 months,Medium Value,Low-Med Value / High Risk,5,Fiber optic
4760-XOHVN,Yes,0.1615,Low Risk,19.45,19.45,3.14,Month-to-month,1,0-12 months,Low Value,Low-Med Value / Low Risk,1,No
1820-DJFPH,No,0.0036,Low Risk,24.05,1709.15,0.09,Two year,72,49+ months,Medium Value,Low-Med Value / Low Risk,2,No
9426-SXNHE,No,0.1766,Low Risk,18.75,53.15,3.31,Month-to-month,2,0-12 months,Low Value,Low-Med Value / Low Risk,1,No
9068-FHQHD,No,0.0076,Low Risk,20.15,777.35,0.15,Two year,40,25-48 months,Medium Value,Low-Med Value / Low Risk,1,No
1269-FOYWN,No,0.0122,Low Risk,20.0,860.85,0.24,One year,44,25-48 months,Medium Value,Low-Med Value / Low Risk,1,No
9470-YFUYI,No,0.0176,Low Risk,71.0,5012.1,1.25,One year,71,49+ months,High Value,High Value / Low Risk,6,DSL
7817-BOQPW,Yes,0.7503,Critical Risk,75.55,166.3,56.69,Month-to-month,2,0-12 months,Low Value,Low-Med Value / High Risk,3,Fiber optic
7402-EYFXX,No,0.7376,High Risk,93.6,2404.1,69.04,Month-to-month,26,25-48 months,Medium Value,Low-Med Value / High Risk,5,Fiber optic
1853-UDXBW,Yes,0.6614,High Risk,70.0,70.0,46.3,Month-to-month,1,0-12 months,Low Value,Low-Med Value / High Risk,2,Fiber optic
9895-VFOXH,No,0.4865,Medium Risk,24.4,24.4,11.87,Month-to-month,1,0-12 months,Low Value,Low-Med Value / Low Risk,1,DSL
5458-CQJTA,Yes,0.0128,Low Risk,74.8,4820.15,0.95,Two year,65,49+ months,High Value,High Value / Low Risk,6,DSL
1230-QAJDW,No,0.4576,Medium Risk,65.25,209.9,29.86,Month-to-month,3,0-12 months,Low Value,Low-Med Value / Low Risk,5,DSL
5701-ZIKJE,No,0.2501,Medium Risk,50.55,610.75,12.64,Month-to-month,13,13-24 months,Medium Value,Low-Med Value / Low Risk,3,DSL
5219-YIPTK,Yes,0.6299,High Risk,104.4,3409.6,65.76,Month-to-month,33,25-48 months,Medium Value,Low-Med Value / High Risk,7,Fiber optic
5032-MIYKT,No,0.6293,High Risk,70.7,70.7,44.49,Month-to-month,1,0-12 months,Low Value,Low-Med Value / High Risk,2,Fiber optic
7396-VJUZB,No,0.2815,Medium Risk,45.25,155.35,12.74,Month-to-month,4,0-12 months,Low Value,Low-Med Value / Low Risk,2,DSL
9717-QEBGU,No,0.6975,High Risk,70.3,144.0,49.03,Month-to-month,2,0-12 months,Low Value,Low-Med Value / High Risk,2,Fiber optic
5172-RKOCB,No,0.0523,Low Risk,108.95,7875.0,5.7,Two year,72,49+ months,High Value,High Value / Low Risk,8,Fiber optic
6509-TSGWN,No,0.046,Low Risk,26.45,911.6,1.22,Month-to-month,37,25-48 months,Medium Value,Low-Med Value / Low Risk,2,No
3540-RZJYU,Yes,0.455,Medium Risk,86.2,1270.2,39.22,Month-to-month,15,13-24 months,Medium Value,Low-Med Value / Low Risk,4,Fiber optic
3178-CIFOT,No,0.0527,Low Risk,19.65,478.1,1.04,One year,23,13-24 months,Medium Value,Low-Med Value / Low Risk,1,No
2091-MJTFX,Yes,0.1887,Low Risk,51.2,1561.5,9.66,Month-to-month,30,25-48 months,Medium Value,Low-Med Value / Low Risk,4,DSL
4530-NDRKU,No,0.0273,Low Risk,19.05,761.85,0.52,One year,42,25-48 months,Medium Value,Low-Med Value / Low Risk,1,No
5985-TBABQ,No,0.1118,Low Risk,74.75,2282.95,8.36,One year,32,25-48 months,Medium Value,Low-Med Value / Low Risk,6,DSL
9800-ONTFE,No,0.4565,Medium Risk,75.8,1615.1,34.61,Month-to-month,22,13-24 months,Medium Value,Low-Med Value / Low Risk,3,Fiber optic
6743-HHQPF,No,0.1669,Low Risk,25.1,1097.15,4.19,Month-to-month,42,25-48 months,Medium Value,Low-Med Value / Low Risk,1,DSL
8455-HIRAQ,No,0.2905,Medium Risk,44.45,369.3,12.91,Month-to-month,8,0-12 months,Low Value,Low-Med Value / Low Risk,2,DSL
6616-AALSR,No,0.0725,Low Risk,104.3,6725.3,7.56,Two year,65,49+ months,High Value,High Value / Low Risk,7,Fiber optic
0883-EIBTI,Yes,0.1838,Low Risk,19.5,31.55,3.58,Month-to-month,2,0-12 months,Low Value,Low-Med Value / Low Risk,1,No
9415-ZNBSX,No,0.0147,Low Risk,89.0,6293.2,1.31,Two year,70,49+ months,High Value,High Value / Low Risk,9,DSL
4018-KJYUY,No,0.0605,Low Risk,20.15,432.5,1.22,Month-to-month,22,13-24 months,Medium Value,Low-Med Value / Low Risk,1,No
0722-TROQR,Yes,0.7669,Critical Risk,74.9,321.75,57.44,Month-to-month,4,0-12 months,Low Value,Low-Med Value / High Risk,3,Fiber optic
7571-YXDAD,Yes,0.5796,High Risk,74.9,147.15,43.41,Month-to-month,2,0-12 months,Low Value,Low-Med Value / High Risk,3,Fiber optic
3884-UEBXB,No,0.0061,Low Risk,36.15,2434.45,0.22,Two year,67,49+ months,Medium Value,Low-Med Value / Low Risk,3,DSL
8780-RSYYU,No,0.0927,Low Risk,19.2,532.1,1.78,Month-to-month,25,25-48 months,Medium Value,Low-Med Value / Low Risk,1,No
5537-UXXVS,No,0.0852,Low Risk,19.25,375.25,1.64,Month-to-month,20,13-24 months,Low Value,Low-Med Value / Low Risk,1,No
1791-PQHBB,No,0.3012,Medium Risk,61.2,125.95,18.43,Month-to-month,2,0-12 months,Low Value,Low-Med Value / Low Risk,4,DSL
8701-DGLVH,No,0.0062,Low Risk,20.45,1042.65,0.13,Two year,51,49+ months,Medium Value,Low-Med Value / Low Risk,1,No
8741-LQOBK,No,0.0536,Low Risk,35.05,1620.25,1.88,Month-to-month,46,25-48 months,Medium Value,Low-Med Value / Low Risk,3,DSL
3393-FMZPV,Yes,0.6703,High Risk,100.25,2387.75,67.19,Month-to-month,25,25-48 months,Medium Value,Low-Med Value / High Risk,6,Fiber optic
8082-GHXOP,No,0.2178,Low Risk,44.0,659.35,9.58,Month-to-month,13,13-24 months,Medium Value,Low-Med Value / Low Risk,2,DSL
6402-ZFPPI,Yes,0.5554,High Risk,102.8,2660.2,57.1,Month-to-month,25,25-48 months,Medium Value,Low-Med Value / High Risk,7,Fiber optic
0980-FEXWF,No,0.0735,Low Risk,50.35,1285.8,3.7,One year,26,25-48 months,Medium Value,Low-Med Value / Low Risk,3,DSL
7486-KSRVI,Yes,0.3427,Medium Risk,100.0,4211.55,34.27,One year,43,25-48 months,High Value,High Value / Low Risk,6,Fiber optic
3011-WQKSZ,No,0.1403,Low Risk,20.0,377.55,2.81,Month-to-month,19,13-24 months,Low Value,Low-Med Value / Low Risk,1,No
8443-WVPSS,Yes,0.6315,High Risk,99.85,990.9,63.06,Month-to-month,10,0-12 months,Medium Value,Low-Med Value / High Risk,6,Fiber optic
3006-XIMLN,Yes,0.7241,High Risk,94.2,193.8,68.21,Month-to-month,2,0-12 months,Low Value,Low-Med Value / High Risk,5,Fiber optic
8218-FFJDS,No,0.0158,Low Risk,86.4,6058.95,1.36,Two year,72,49+ months,High Value,High Value / Low Risk,8,DSL
1986-PHGZF,No,0.2433,Low Risk,58.4,964.9,14.21,Month-to-month,18,13-24 months,Medium Value,Low-Med Value / Low Risk,5,DSL
9965-YOKZB,Yes,0.7863,Critical Risk,83.85,790.15,65.93,Month-to-month,9,0-12 months,Medium Value,Low-Med Value / High Risk,4,Fiber optic
0504-HHAPI,Yes,0.4833,Medium Risk,88.3,2467.75,42.67,Month-to-month,27,25-48 months,Medium Value,Low-Med Value / Low Risk,5,Fiber optic
9360-OMDZZ,No,0.7238,High Risk,94.1,2322.85,68.11,Month-to-month,24,13-24 months,Medium Value,Low-Med Value / High Risk,5,Fiber optic
6305-YLBMM,Yes,0.1055,Low Risk,104.05,7262.0,10.98,One year,69,49+ months,High Value,High Value / Low Risk,7,Fiber optic
0345-XMMUG,No,0.1295,Low Risk,108.9,4854.3,14.1,Two year,46,25-48 months,High Value,High Value / Low Risk,8,Fiber optic
8024-XNAFQ,No,0.0427,Low Risk,107.4,7748.75,4.59,Two year,72,49+ months,High Value,High Value / Low Risk,8,Fiber optic
3647-GMGDH,Yes,0.5588,High Risk,94.7,1914.9,52.92,Month-to-month,22,13-24 months,Medium Value,Low-Med Value / High Risk,5,Fiber optic
2988-GBIVW,No,0.2777,Medium Risk,90.85,6470.1,25.23,Month-to-month,70,49+ months,High Value,High Value / Low Risk,5,Fiber optic
2832-SCUCO,No,0.2351,Low Risk,19.9,57.4,4.68,Month-to-month,2,0-12 months,Low Value,Low-Med Value / Low Risk,1,No
7036-ZZKBD,No,0.1662,Low Risk,66.4,2019.8,11.04,Month-to-month,31,25-48 months,Medium Value,Low-Med Value / Low Risk,5,DSL
3791-LGQCY,Yes,0.4516,Medium Risk,100.65,5688.05,45.45,Month-to-month,56,49+ months,High Value,High Value / Low Risk,6,Fiber optic
0265-PSUAE,No,0.3608,Medium Risk,100.7,1522.7,36.34,Month-to-month,16,13-24 months,Medium Value,Low-Med Value / Low Risk,6,Fiber optic
0463-TXOAK,No,0.006,Low Risk,25.6,1334.5,0.15,Two year,52,49+ months,Medium Value,Low-Med Value / Low Risk,2,No
0594-UFTUL,No,0.139,Low Risk,19.85,252.0,2.76,Month-to-month,13,13-24 months,Low Value,Low-Med Value / Low Risk,1,No
9509-MPYOD,No,0.0233,Low Risk,20.75,700.45,0.48,One year,35,25-48 months,Medium Value,Low-Med Value / Low Risk,1,No
9128-CPXKI,No,0.1068,Low Risk,95.8,5655.45,10.23,Two year,59,49+ months,High Value,High Value / Low Risk,5,Fiber optic
0129-KPTWJ,No,0.3148,Medium Risk,94.65,6747.35,29.8,Month-to-month,72,49+ months,High Value,High Value / Low Risk,5,Fiber optic
8166-ZZTFS,Yes,0.0435,Low Risk,80.55,5265.1,3.5,Two year,66,49+ months,High Value,High Value / Low Risk,7,DSL
5855-EIBDE,No,0.0452,Low Risk,106.65,5174.35,4.82,Two year,49,49+ months,High Value,High Value / Low Risk,8,Fiber optic
5365-LLFYV,No,0.425,Medium Risk,45.85,105.6,19.48,Month-to-month,2,0-12 months,Low Value,Low-Med Value / Low Risk,2,DSL
5956-YHHRX,No,0.7361,High Risk,104.35,2271.85,76.81,Month-to-month,21,13-24 months,Medium Value,Low-Med Value / High Risk,7,Fiber optic
6008-NAIXK,No,0.1517,Low Risk,55.45,2966.95,8.41,One year,54,49+ months,Medium Value,Low-Med Value / Low Risk,5,DSL
2956-GGUCQ,Yes,0.5347,High Risk,78.85,1772.25,42.16,Month-to-month,24,13-24 months,Medium Value,Low-Med Value / High Risk,4,Fiber optic
1928-BXYIV,No,0.3492,Medium Risk,61.15,61.15,21.35,Month-to-month,1,0-12 months,Low Value,Low-Med Value / Low Risk,5,DSL
5760-FXFVO,No,0.5332,High Risk,78.95,494.95,42.1,Month-to-month,6,0-12 months,Medium Value,Low-Med Value / High Risk,4,Fiber optic
6595-COKXZ,Yes,0.4402,Medium Risk,44.45,44.45,19.56,Month-to-month,1,0-12 months,Low Value,Low-Med Value / Low Risk,2,DSL
0961-ZWLVI,No,0.1673,Low Risk,109.2,5290.45,18.27,One year,49,49+ months,High Value,High Value / Low Risk,8,Fiber optic
5181-OABFK,No,0.01,Low Risk,61.3,3346.8,0.61,Two year,56,49+ months,Medium Value,Low-Med Value / Low Risk,5,DSL
4007-NHVHI,No,0.3215,Medium Risk,96.85,5219.65,31.14,Month-to-month,56,49+ months,High Value,High Value / Low Risk,6,Fiber optic
7816-VGHTO,No,0.0823,Low Risk,40.55,217.5,3.34,Two year,6,0-12 months,Low Value,Low-Med Value / Low Risk,4,DSL
5871-DGTXZ,No,0.0275,Low Risk,19.8,607.7,0.54,One year,32,25-48 months,Medium Value,Low-Med Value / Low Risk,1,No
7550-WIQVA,No,0.2371,Low Risk,108.25,5431.4,25.67,One year,50,49+ months,High Value,High Value / Low Risk,8,Fiber optic
7544-ZVIKX,No,0.164,Low Risk,105.05,6004.85,17.23,One year,58,49+ months,High Value,High Value / Low Risk,7,Fiber optic
0016-QLJIS,No,0.0183,Low Risk,90.45,5957.9,1.65,Two year,65,49+ months,High Value,High Value / Low Risk,9,DSL
7508-DQAKK,No,0.0203,Low Risk,86.4,5442.05,1.75,Two year,64,49+ months,High Value,High Value / Low Risk,9,DSL
5176-OLSKT,No,0.009,Low Risk,66.9,4370.25,0.6,Two year,66,49+ months,High Value,High Value / Low Risk,6,DSL
9356-AXGMP,No,0.3088,Medium Risk,110.7,4428.6,34.19,One year,38,25-48 months,High Value,High Value / Low Risk,8,Fiber optic
3556-BVQGL,No,0.0672,Low Risk,20.0,416.45,1.34,One year,20,13-24 months,Medium Value,Low-Med Value / Low Risk,1,No
0362-ZBZWJ,Yes,0.5717,High Risk,84.9,3067.2,48.53,Month-to-month,36,25-48 months,Medium Value,Low-Med Value / High Risk,4,Fiber optic
8979-CAMGB,No,0.2036,Low Risk,102.1,6688.1,20.78,One year,64,49+ months,High Value,High Value / Low Risk,7,Fiber optic
4211-MMAZN,Yes,0.1923,Low Risk,20.25,20.25,3.89,Month-to-month,1,0-12 months,Low Value,Low-Med Value / Low Risk,1,No
7581-EBBOU,No,0.0302,Low Risk,70.15,4224.7,2.12,One year,60,49+ months,High Value,High Value / Low Risk,6,DSL
4274-OWWYO,Yes,0.6705,High Risk,74.35,74.35,49.85,Month-to-month,1,0-12 months,Low Value,Low-Med Value / High Risk,3,Fiber optic
5073-RZGBK,No,0.0353,Low Risk,80.05,4042.2,2.83,One year,50,49+ months,High Value,High Value / Low Risk,8,DSL
1541-ETJZO,Yes,0.3172,Medium Risk,62.05,62.05,19.68,Month-to-month,1,0-12 months,Low Value,Low-Med Value / Low Risk,5,DSL
2192-CKRLV,No,0.0198,Low Risk,49.2,3580.95,0.97,Two year,72,49+ months,Medium Value,Low-Med Value / Low Risk,5,DSL
3154-HMWUU,No,0.0056,Low Risk,20.5,1198.8,0.11,Two year,60,49+ months,Medium Value,Low-Med Value / Low Risk,1,No
6119-SPUDB,No,0.0166,Low Risk,38.25,1755.35,0.63,Two year,46,25-48 months,Medium Value,Low-Med Value / Low Risk,4,DSL
6522-OIQSX,No,0.0238,Low Risk,54.95,3772.5,1.31,Two year,69,49+ months,Medium Value,Low-Med Value / Low Risk,5,DSL
7813-ZGGAW,No,0.4542,Medium Risk,96.6,2877.95,43.88,Month-to-month,31,25-48 months,Medium Value,Low-Med Value / Low Risk,6,Fiber optic
8748-HFWBO,No,0.0404,Low Risk,19.9,357.7,0.8,One year,19,13-24 months,Low Value,Low-Med Value / Low Risk,1,No
1052-QJIBV,No,0.0018,Low Risk,19.9,1397.3,0.03,Two year,71,49+ months,Medium Value,Low-Med Value / Low Risk,1,No
1319-YLZJG,No,0.4753,Medium Risk,84.6,959.9,40.21,Month-to-month,12,0-12 months,Medium Value,Low-Med Value / Low Risk,5,Fiber optic
4106-HADHQ,Yes,0.0385,Low Risk,80.0,3182.95,3.08,One year,39,25-48 months,Medium Value,Low-Med Value / Low Risk,7,DSL
0723-FDLAY,No,0.0988,Low Risk,85.25,3704.15,8.42,One year,44,25-48 months,Medium Value,Low-Med Value / Low Risk,8,DSL
3050-RLLXC,No,0.0105,Low Risk,81.25,4620.4,0.86,Two year,56,49+ months,High Value,High Value / Low Risk,8,DSL
9298-WGMRW,No,0.0548,Low Risk,115.5,8312.75,6.33,Two year,72,49+ months,High Value,High Value / Low Risk,9,Fiber optic
2369-UAPKZ,Yes,0.6499,High Risk,104.1,541.9,67.65,Month-to-month,5,0-12 months,Medium Value,Low-Med Value / High Risk,7,Fiber optic
3088-LHEFH,No,0.5098,High Risk,79.0,929.3,40.27,Month-to-month,11,0-12 months,Medium Value,Low-Med Value / High Risk,4,Fiber optic
2778-OCLGR,Yes,0.2511,Medium Risk,39.1,971.3,9.82,Month-to-month,24,13-24 months,Medium Value,Low-Med Value / Low Risk,3,DSL
6583-KQJLK,No,0.7018,High Risk,94.65,1285.05,66.42,Month-to-month,15,13-24 months,Medium Value,Low-Med Value / High Risk,5,Fiber optic
8544-JNBOX,No,0.0034,Low Risk,20.8,1521.2,0.07,Two year,72,49+ months,Medium Value,Low-Med Value / Low Risk,1,No
6681-ZSEXG,No,0.0186,Low Risk,59.5,3389.25,1.1,Two year,56,49+ months,Medium Value,Low-Med Value / Low Risk,5,DSL
6139-ZZRBQ,No,0.0052,Low Risk,20.05,1198.05,0.1,Two year,64,49+ months,Medium Value,Low-Med Value / Low Risk,1,No
6116-RFVHN,No,0.6547,High Risk,100.45,3414.65,65.76,Month-to-month,34,25-48 months,Medium Value,Low-Med Value / High Risk,6,Fiber optic
0637-KVDLV,Yes,0.7508,Critical Risk,76.5,162.45,57.44,Month-to-month,2,0-12 months,Low Value,Low-Med Value / High Risk,3,Fiber optic
8884-FEEWR,No,0.0226,Low Risk,20.6,754.0,0.47,One year,35,25-48 months,Medium Value,Low-Med Value / Low Risk,1,No
3125-RAHBV,No,0.0391,Low Risk,20.3,467.15,0.79,One year,22,13-24 months,Medium Value,Low-Med Value / Low Risk,1,No
6633-MPWBS,Yes,0.3908,Medium Risk,49.2,216.9,19.23,Month-to-month,5,0-12 months,Low Value,Low-Med Value / Low Risk,3,DSL
0373-AIVNJ,No,0.1544,Low Risk,39.55,373.0,6.11,One year,9,0-12 months,Low Value,Low-Med Value / Low Risk,4,DSL
8785-EPNCG,Yes,0.1575,Low Risk,23.15,245.2,3.65,Month-to-month,11,0-12 months,Low Value,Low-Med Value / Low Risk,2,No
1682-VCOIO,No,0.0412,Low Risk,20.45,481.1,0.84,One year,23,13-24 months,Medium Value,Low-Med Value / Low Risk,1,No
5729-KLZAR,Yes,0.5949,High Risk,80.85,302.75,48.1,Month-to-month,4,0-12 months,Low Value,Low-Med Value / High Risk,3,Fiber optic
2072-ZVJJX,No,0.0039,Low Risk,25.25,1728.2,0.1,Two year,68,49+ months,Medium Value,Low-Med Value / Low Risk,2,No
8849-AYPTR,No,0.4951,Medium Risk,91.25,2964.05,45.18,Month-to-month,33,25-48 months,Medium Value,Low-Med Value / Low Risk,4,Fiber optic
9518-IMLHK,No,0.1094,Low Risk,72.45,2156.25,7.92,Month-to-month,31,25-48 months,Medium Value,Low-Med Value / Low Risk,7,DSL
1582-RAFML,Yes,0.2961,Medium Risk,60.1,60.1,17.79,Month-to-month,1,0-12 months,Low Value,Low-Med Value / Low Risk,5,DSL
3646-ITDGM,No,0.0044,Low Risk,19.7,1051.9,0.09,Two year,56,49+ months,Medium Value,Low-Med Value / Low Risk,1,No
8740-CRYFY,Yes,0.7531,Critical Risk,78.95,78.95,59.46,Month-to-month,1,0-12 months,Low Value,Low-Med Value / High Risk,3,Fiber optic
3569-VLDHH,No,0.0222,Low Risk,75.1,5013.0,1.67,One year,66,49+ months,High Value,High Value / Low Risk,7,DSL
8224-KDLKN,No,0.0025,Low Risk,25.0,1738.9,0.06,Two year,72,49+ months,Medium Value,Low-Med Value / Low Risk,2,No
7594-LZNWR,No,0.2837,Medium Risk,69.15,2275.1,19.62,Month-to-month,34,25-48 months,Medium Value,Low-Med Value / Low Risk,2,Fiber optic
4001-TSBTV,No,0.2638,Medium Risk,91.55,5511.65,24.15,Month-to-month,58,49+ months,High Value,High Value / Low Risk,5,Fiber optic
2962-XPMCQ,Yes,0.5103,High Risk,45.15,98.5,23.04,Month-to-month,2,0-12 months,Low Value,Low-Med Value / High Risk,2,DSL
8727-XDPUD,No,0.0569,Low Risk,35.8,1316.9,2.04,Two year,37,25-48 months,Medium Value,Low-Med Value / Low Risk,2,DSL
1043-UXOVO,No,0.0528,Low Risk,113.15,7993.3,5.97,Two year,71,49+ months,High Value,High Value / Low Risk,9,Fiber optic
1064-FBXNK,No,0.0811,Low Risk,19.85,19.85,1.61,One year,1,0-12 months,Low Value,Low-Med Value / Low Risk,1,No
3996-ZNWYK,No,0.0021,Low Risk,19.8,1388.45,0.04,Two year,71,49+ months,Medium Value,Low-Med Value / Low Risk,1,No
2878-DHMIN,No,0.0266,Low Risk,19.9,666.0,0.53,One year,35,25-48 months,Medium Value,Low-Med Value / Low Risk,1,No
7762-ONLJY,No,0.0705,Low Risk,19.7,94.45,1.39,One year,6,0-12 months,Low Value,Low-Med Value / Low Risk,1,No
1678-FYZOW,Yes,0.7356,High Risk,79.4,244.65,58.4,Month-to-month,3,0-12 months,Low Value,Low-Med Value / High Risk,3,Fiber optic
5795-BKOYE,No,0.0091,Low Risk,59.1,4134.7,0.54,One year,69,49+ months,High Value,High Value / Low Risk,5,DSL
8627-EHGIP,Yes,0.1445,Low Risk,53.95,2375.4,7.8,One year,44,25-48 months,Medium Value,Low-Med Value / Low Risk,5,DSL
7402-PWYJJ,No,0.2225,Low Risk,91.15,4862.5,20.28,One year,53,49+ months,High Value,High Value / Low Risk,5,Fiber optic
5480-TBGPH,Yes,0.5161,High Risk,99.3,2431.35,51.25,Month-to-month,24,13-24 months,Medium Value,Low-Med Value / High Risk,6,Fiber optic
0018-NYROU,No,0.6802,High Risk,68.95,351.5,46.9,Month-to-month,5,0-12 months,Low Value,Low-Med Value / High Risk,2,Fiber optic
7501-VTYLJ,No,0.2521,Medium Risk,51.55,106.2,13.0,Month-to-month,2,0-12 months,Low Value,Low-Med Value / Low Risk,3,DSL
7608-RGIRO,No,0.006,Low Risk,24.4,1413.0,0.15,Two year,62,49+ months,Medium Value,Low-Med Value / Low Risk,2,No
0480-BIXDE,No,0.6701,High Risk,96.8,1743.05,64.86,Month-to-month,19,13-24 months,Medium Value,Low-Med Value / High Risk,5,Fiber optic
5895-QSXOD,No,0.4798,Medium Risk,70.05,657.5,33.61,Month-to-month,9,0-12 months,Medium Value,Low-Med Value / Low Risk,2,Fiber optic
9814-AOUDH,No,0.0051,Low Risk,19.5,1050.5,0.1,Two year,53,49+ months,Medium Value,Low-Med Value / Low Risk,1,No
6175-IRFIT,No,0.5776,High Risk,78.75,426.35,45.48,Month-to-month,5,0-12 months,Medium Value,Low-Med Value / High Risk,3,Fiber optic
8760-ZRHKE,No,0.0273,Low Risk,69.2,4982.5,1.89,One year,71,49+ months,High Value,High Value / Low Risk,6,DSL
1622-HSHSF,No,0.2547,Medium Risk,19.55,19.55,4.98,Month-to-month,1,0-12 months,Low Value,Low-Med Value / Low Risk,1,No
8854-CCVSQ,Yes,0.6043,High Risk,80.65,1451.9,48.73,Month-to-month,18,13-24 months,Medium Value,Low-Med Value / High Risk,4,Fiber optic
6749-UTDVX,No,0.143,Low Risk,103.65,7634.8,14.82,Two year,72,49+ months,High Value,High Value / Low Risk,7,Fiber optic
5542-DHSXL,No,0.2131,Low Risk,54.7,235.05,11.66,Month-to-month,4,0-12 months,Low Value,Low-Med Value / Low Risk,4,DSL
9102-OXKFY,No,0.0176,Low Risk,54.15,3116.15,0.95,Two year,59,49+ months,Medium Value,Low-Med Value / Low Risk,4,DSL
0511-JTEOY,Yes,0.5381,High Risk,71.1,71.1,38.26,Month-to-month,1,0-12 months,Low Value,Low-Med Value / High Risk,2,Fiber optic
5216-WASFJ,No,0.6433,High Risk,84.85,2633.4,54.58,Month-to-month,31,25-48 months,Medium Value,Low-Med Value / High Risk,4,Fiber optic
7808-DVWEP,No,0.1719,Low Risk,20.0,49.65,3.44,Month-to-month,3,0-12 months,Low Value,Low-Med Value / Low Risk,1,No
7067-KSAZT,Yes,0.2991,Medium Risk,106.25,6979.8,31.78,One year,65,49+ months,High Value,High Value / Low Risk,7,Fiber optic
2284-VFLKH,No,0.182,Low Risk,99.25,4920.8,18.06,One year,49,49+ months,High Value,High Value / Low Risk,6,Fiber optic
0366-NQSHS,No,0.1878,Low Risk,19.35,46.35,3.63,Month-to-month,2,0-12 months,Low Value,Low-Med Value / Low Risk,1,No
6532-YLWSI,Yes,0.0097,Low Risk,20.8,1021.8,0.2,One year,53,49+ months,Medium Value,Low-Med Value / Low Risk,1,No
3807-BPOMJ,No,0.2063,Low Risk,94.75,5276.1,19.55,One year,55,49+ months,High Value,High Value / Low Risk,5,Fiber optic
3892-NXAZG,No,0.0443,Low Risk,114.05,8289.2,5.06,Two year,72,49+ months,High Value,High Value / Low Risk,9,Fiber optic
4948-WBBKL,No,0.4302,Medium Risk,74.9,2659.45,32.22,Month-to-month,36,25-48 months,Medium Value,Low-Med Value / Low Risk,3,Fiber optic
4182-BGSIQ,No,0.1456,Low Risk,19.8,196.75,2.88,Month-to-month,10,0-12 months,Low Value,Low-Med Value / Low Risk,1,No
9300-AGZNL,Yes,0.8541,Critical Risk,94.0,94.0,80.29,Month-to-month,1,0-12 months,Low Value,Low-Med Value / High Risk,5,Fiber optic
0988-AADSA,No,0.0065,Low Risk,80.85,5824.75,0.52,Two year,72,49+ months,High Value,High Value / Low Risk,8,DSL
9972-NKTFD,No,0.0934,Low Risk,54.65,1517.5,5.11,Month-to-month,28,25-48 months,Medium Value,Low-Med Value / Low Risk,4,DSL
3717-LNXKW,No,0.2881,Medium Risk,91.7,3479.05,26.42,Month-to-month,38,25-48 months,Medium Value,Low-Med Value / Low Risk,5,Fiber optic
5734-EJKXG,No,0.1725,Low Risk,118.6,7365.7,20.46,One year,61,49+ months,High Value,High Value / Low Risk,9,Fiber optic
2207-RYYRL,No,0.0069,Low Risk,24.55,1331.05,0.17,Two year,52,49+ months,Medium Value,Low-Med Value / Low Risk,2,No
6729-FZWSY,No,0.0078,Low Risk,19.45,1195.95,0.15,One year,67,49+ months,Medium Value,Low-Med Value / Low Risk,1,No
9695-IDRZR,No,0.0982,Low Risk,116.15,3946.9,11.41,Two year,34,25-48 months,High Value,High Value / Low Risk,9,Fiber optic
8144-DGHXP,No,0.0225,Low Risk,80.6,4299.95,1.82,Two year,54,49+ months,High Value,High Value / Low Risk,7,DSL
7814-LEEVE,No,0.2436,Low Risk,20.3,20.3,4.94,Month-to-month,1,0-12 months,Low Value,Low-Med Value / Low Risk,1,No
1112-CUNAO,Yes,0.6362,High Risk,89.85,1424.95,57.17,Month-to-month,15,13-24 months,Medium Value,Low-Med Value / High Risk,5,Fiber optic
5175-AOBHI,Yes,0.4044,Medium Risk,46.0,193.6,18.6,Month-to-month,4,0-12 months,Low Value,Low-Med Value / Low Risk,2,DSL
5174-RNGBH,Yes,0.2226,Low Risk,66.25,620.55,14.74,Month-to-month,9,0-12 months,Medium Value,Low-Med Value / Low Risk,5,DSL
8631-WUXGY,No,0.3908,Medium Risk,99.8,4391.25,39.0,Month-to-month,46,25-48 months,High Value,High Value / Low Risk,6,Fiber optic
7270-BDIOA,Yes,0.5881,High Risk,90.0,1993.8,52.93,Month-to-month,22,13-24 months,Medium Value,Low-Med Value / High Risk,5,Fiber optic
9565-JSNFM,Yes,0.1814,Low Risk,70.45,2597.6,12.78,One year,38,25-48 months,Medium Value,Low-Med Value / Low Risk,2,Fiber optic
5906-DVAPM,No,0.0289,Low Risk,75.0,4213.9,2.16,One year,55,49+ months,High Value,High Value / Low Risk,7,DSL
6654-QGBZZ,No,0.19,Low Risk,19.9,19.9,3.78,Month-to-month,1,0-12 months,Low Value,Low-Med Value / Low Risk,1,No
8348-JLBUG,No,0.0483,Low Risk,80.3,5017.7,3.88,One year,64,49+ months,High Value,High Value / Low Risk,4,Fiber optic
0607-DAAHE,Yes,0.0042,Low Risk,19.75,1052.35,0.08,Two year,53,49+ months,Medium Value,Low-Med Value / Low Risk,1,No
5641-DMBFJ,No,0.0418,Low Risk,84.3,4916.4,3.52,Two year,58,49+ months,High Value,High Value / Low Risk,8,DSL
9200-NLNPD,No,0.0756,Low Risk,54.05,2959.8,4.09,One year,56,49+ months,Medium Value,Low-Med Value / Low Risk,5,DSL
2664-XJZNO,No,0.0335,Low Risk,104.9,7559.55,3.51,Two year,72,49+ months,High Value,High Value / Low Risk,7,Fiber optic
9732-KPKBW,Yes,0.3319,Medium Risk,53.95,53.95,17.91,Month-to-month,1,0-12 months,Low Value,Low-Med Value / Low Risk,4,DSL
3339-EAQNV,No,0.1891,Low Risk,97.25,7133.1,18.39,One year,72,49+ months,High Value,High Value / Low Risk,6,Fiber optic
0921-OHLVP,No,0.5921,High Risk,83.05,1799.3,49.17,Month-to-month,22,13-24 months,Medium Value,Low-Med Value / High Risk,4,Fiber optic
3389-YGYAI,Yes,0.7881,Critical Risk,105.5,829.55,83.14,Month-to-month,8,0-12 months,Medium Value,Low-Med Value / High Risk,7,Fiber optic
9560-ARGQJ,Yes,0.5871,High Risk,81.0,1312.15,47.55,Month-to-month,16,13-24 months,Medium Value,Low-Med Value / High Risk,3,Fiber optic
8350-NYMVI,No,0.089,Low Risk,41.1,1597.05,3.66,Month-to-month,39,25-48 months,Medium Value,Low-Med Value / Low Risk,4,DSL
1600-DILPE,No,0.3168,Medium Risk,45.0,524.35,14.26,Month-to-month,12,0-12 months,Medium Value,Low-Med Value / Low Risk,2,DSL
0536-ESJEP,No,0.0293,Low Risk,74.55,4191.45,2.18,Two year,54,49+ months,High Value,High Value / Low Risk,6,DSL
4654-GGUII,No,0.1112,Low Risk,40.2,711.95,4.47,One year,18,13-24 months,Medium Value,Low-Med Value / Low Risk,4,DSL
6478-HRRCZ,No,0.0422,Low Risk,70.5,2201.75,2.98,One year,32,25-48 months,Medium Value,Low-Med Value / Low Risk,6,DSL
8510-BBWMU,No,0.0258,Low Risk,19.75,806.95,0.51,One year,41,25-48 months,Medium Value,Low-Med Value / Low Risk,1,No
6857-TKDJV,No,0.0032,Low Risk,24.65,1620.45,0.08,Two year,67,49+ months,Medium Value,Low-Med Value / Low Risk,2,No
2360-RDGRO,No,0.3684,Medium Risk,104.25,6812.95,38.41,Month-to-month,65,49+ months,High Value,High Value / Low Risk,7,Fiber optic
0584-BJQGZ,No,0.1657,Low Risk,78.35,1837.9,12.99,Month-to-month,25,25-48 months,Medium Value,Low-Med Value / Low Risk,8,DSL
5134-IKDAY,Yes,0.6576,High Risk,69.8,69.8,45.9,Month-to-month,1,0-12 months,Low Value,Low-Med Value / High Risk,2,Fiber optic
1360-XFJMR,No,0.1444,Low Risk,109.7,7344.45,15.84,One year,67,49+ months,High Value,High Value / Low Risk,8,Fiber optic
3070-DVEYC,Yes,0.6102,High Risk,73.75,545.15,45.0,Month-to-month,7,0-12 months,Medium Value,Low-Med Value / High Risk,3,Fiber optic
5730-RIITO,No,0.1155,Low Risk,33.45,1500.25,3.86,Month-to-month,43,25-48 months,Medium Value,Low-Med Value / Low Risk,3,DSL
9058-MJLZC,No,0.5531,High Risk,94.6,2283.15,52.32,Month-to-month,24,13-24 months,Medium Value,Low-Med Value / High Risk,5,Fiber optic
5707-ORNDZ,Yes,0.3588,Medium Risk,54.55,494.05,19.57,Month-to-month,9,0-12 months,Medium Value,Low-Med Value / Low Risk,4,DSL
0902-XKXPN,No,0.002,Low Risk,20.2,1376.5,0.04,Two year,69,49+ months,Medium Value,Low-Med Value / Low Risk,1,No
5177-RVZNU,No,0.0161,Low Risk,20.3,755.4,0.33,One year,37,25-48 months,Medium Value,Low-Med Value / Low Risk,1,No
0056-EPFBG,No,0.0507,Low Risk,39.4,825.4,2.0,Two year,20,13-24 months,Medium Value,Low-Med Value / Low Risk,4,DSL
8993-IZEUX,No,0.4828,Medium Risk,69.15,488.65,33.38,Month-to-month,7,0-12 months,Medium Value,Low-Med Value / Low Risk,2,Fiber optic
8696-JKZNU,Yes,0.5164,High Risk,76.25,2841.55,39.37,Month-to-month,37,25-48 months,Medium Value,Low-Med Value / High Risk,3,Fiber optic
5380-AFSSK,Yes,0.7646,Critical Risk,93.9,486.85,71.8,Month-to-month,5,0-12 months,Medium Value,Low-Med Value / High Risk,5,Fiber optic
8190-ZTQFB,No,0.223,Low Risk,51.35,2075.1,11.45,One year,41,25-48 months,Medium Value,Low-Med Value / Low Risk,4,DSL
0931-MHTEM,No,0.1289,Low Risk,100.05,5299.65,12.9,One year,54,49+ months,High Value,High Value / Low Risk,6,Fiber optic
2055-PDADH,Yes,0.7152,High Risk,70.4,204.7,50.35,Month-to-month,3,0-12 months,Low Value,Low-Med Value / High Risk,2,Fiber optic
7515-LODFU,No,0.0028,Low Risk,20.3,1356.3,0.06,Two year,69,49+ months,Medium Value,Low-Med Value / Low Risk,1,No
0440-UEDAI,No,0.1071,Low Risk,94.45,5042.75,10.11,One year,53,49+ months,High Value,High Value / Low Risk,6,Fiber optic
1337-BOZWO,No,0.1474,Low Risk,46.4,812.4,6.84,One year,18,13-24 months,Medium Value,Low-Med Value / Low Risk,4,DSL
0868-VJRDR,No,0.0444,Low Risk,104.05,6605.55,4.62,Two year,64,49+ months,High Value,High Value / Low Risk,7,Fiber optic
8714-EUHJO,Yes,0.5257,High Risk,91.15,2995.45,47.92,Month-to-month,31,25-48 months,Medium Value,Low-Med Value / High Risk,5,Fiber optic
6344-SFJVH,No,0.2636,Medium Risk,24.9,505.95,6.56,Month-to-month,20,13-24 months,Medium Value,Low-Med Value / Low Risk,1,DSL
3950-VPYJB,No,0.0107,Low Risk,59.6,3509.4,0.64,One year,57,49+ months,Medium Value,Low-Med Value / Low Risk,5,DSL
8041-TMEID,No,0.0741,Low Risk,108.5,6991.9,8.04,Two year,63,49+ months,High Value,High Value / Low Risk,8,Fiber optic
7321-ZNSLA,No,0.0454,Low Risk,40.55,590.35,1.84,Two year,13,13-24 months,Medium Value,Low-Med Value / Low Risk,4,DSL
6941-KXRRV,No,0.0728,Low Risk,58.95,2789.7,4.29,One year,48,25-48 months,Medium Value,Low-Med Value / Low Risk,4,DSL
3721-CNEYS,Yes,0.6904,High Risk,70.95,137.95,48.98,Month-to-month,2,0-12 months,Low Value,Low-Med Value / High Risk,2,Fiber optic
8727-JQFHV,No,0.0037,Low Risk,20.75,1123.15,0.08,Two year,57,49+ months,Medium Value,Low-Med Value / Low Risk,1,No
9475-NNDGC,No,0.1364,Low Risk,113.15,7953.25,15.43,One year,71,49+ months,High Value,High Value / Low Risk,8,Fiber optic
1355-KUSBG,No,0.3912,Medium Risk,48.8,349.8,19.09,Month-to-month,7,0-12 months,Low Value,Low-Med Value / Low Risk,3,DSL
3688-FTHLT,No,0.4021,Medium Risk,63.05,1067.05,25.35,Month-to-month,16,13-24 months,Medium Value,Low-Med Value / Low Risk,4,DSL
0899-LIIBW,No,0.5768,High Risk,100.85,3527.3,58.17,Month-to-month,34,25-48 months,Medium Value,Low-Med Value / High Risk,6,Fiber optic
2568-OIADY,Yes,0.642,High Risk,99.5,3762.0,63.88,Month-to-month,37,25-48 months,Medium Value,Low-Med Value / High Risk,6,Fiber optic
1384-RCUXW,No,0.5418,High Risk,80.55,1248.9,43.65,Month-to-month,16,13-24 months,Medium Value,Low-Med Value / High Risk,4,Fiber optic
5825-XJOCM,No,0.0366,Low Risk,64.4,3035.35,2.35,One year,48,25-48 months,Medium Value,Low-Med Value / Low Risk,6,DSL
6848-YLDFR,No,0.0366,Low Risk,75.2,4300.8,2.75,One year,58,49+ months,High Value,High Value / Low Risk,6,DSL
8125-QPFJD,No,0.0185,Low Risk,84.9,6065.3,1.57,Two year,72,49+ months,High Value,High Value / Low Risk,8,DSL
2320-YKQBO,No,0.1523,Low Risk,19.3,144.95,2.94,Month-to-month,7,0-12 months,Low Value,Low-Med Value / Low Risk,1,No
1193-RTSLK,Yes,0.2067,Low Risk,83.9,3233.6,17.34,Month-to-month,38,25-48 months,Medium Value,Low-Med Value / Low Risk,5,Fiber optic
2302-ANTDP,Yes,0.3004,Medium Risk,117.45,5438.9,35.29,Month-to-month,48,25-48 months,High Value,High Value / Low Risk,9,Fiber optic
5923-GXUOC,Yes,0.6115,High Risk,104.4,1081.45,63.84,Month-to-month,10,0-12 months,Medium Value,Low-Med Value / High Risk,7,Fiber optic
4973-RLZVI,No,0.0404,Low Risk,74.65,2308.6,3.02,One year,30,25-48 months,Medium Value,Low-Med Value / Low Risk,7,DSL
7869-ZYDST,No,0.2894,Medium Risk,59.05,1882.8,17.09,Month-to-month,31,25-48 months,Medium Value,Low-Med Value / Low Risk,4,DSL
4501-UYKBC,No,0.0868,Low Risk,69.1,3255.35,6.0,One year,46,25-48 months,Medium Value,Low-Med Value / Low Risk,6,DSL
1215-EXRMO,No,0.0066,Low Risk,20.55,1067.65,0.14,Two year,50,49+ months,Medium Value,Low-Med Value / Low Risk,1,No
2305-MRGLV,No,0.2361,Low Risk,76.55,2065.4,18.08,Month-to-month,28,25-48 months,Medium Value,Low-Med Value / Low Risk,3,Fiber optic
8404-VIOMB,No,0.0181,Low Risk,62.5,4136.4,1.13,Two year,66,49+ months,High Value,High Value / Low Risk,7,DSL
5233-GEEAX,Yes,0.6079,High Risk,29.4,221.9,17.87,Month-to-month,8,0-12 months,Low Value,Low-Med Value / High Risk,2,DSL
2359-KLTEK,No,0.378,Medium Risk,94.9,3848.0,35.87,Month-to-month,41,25-48 months,High Value,High Value / Low Risk,5,Fiber optic
5304-EFJLP,No,0.0876,Low Risk,111.65,8022.85,9.78,Two year,72,49+ months,High Value,High Value / Low Risk,8,Fiber optic
2673-ZALNP,No,0.0823,Low Risk,19.9,173.15,1.64,One year,7,0-12 months,Low Value,Low-Med Value / Low Risk,1,No
9184-GALIL,No,0.0329,Low Risk,20.45,781.25,0.67,Month-to-month,38,25-48 months,Medium Value,Low-Med Value / Low Risk,1,No
4393-RYCRE,No,0.2304,Low Risk,106.05,4510.8,24.43,One year,44,25-48 months,High Value,High Value / Low Risk,7,Fiber optic
9746-MDMBK,No,0.1417,Low Risk,113.45,5317.8,16.08,One year,47,25-48 months,High Value,High Value / Low Risk,9,Fiber optic
3162-ZJZFU,No,0.2189,Low Risk,92.55,4779.45,20.26,Month-to-month,53,49+ months,High Value,High Value / Low Risk,5,Fiber optic
8404-GFGCZ,No,0.5198,High Risk,65.6,250.1,34.1,Month-to-month,4,0-12 months,Low Value,Low-Med Value / High Risk,5,DSL
8875-AKBYH,No,0.7219,High Risk,84.35,1745.2,60.9,Month-to-month,20,13-24 months,Medium Value,Low-Med Value / High Risk,4,Fiber optic
4432-ADRLB,Yes,0.3458,Medium Risk,44.65,74.9,15.44,Month-to-month,2,0-12 months,Low Value,Low-Med Value / Low Risk,2,DSL
0533-UCAAU,No,0.0756,Low Risk,71.1,4140.1,5.38,One year,57,49+ months,High Value,High Value / Low Risk,6,DSL
1394-SUIUH,No,0.2103,Low Risk,85.15,3670.5,17.9,Month-to-month,44,25-48 months,Medium Value,Low-Med Value / Low Risk,5,Fiber optic
3521-MNKLV,No,0.2346,Low Risk,49.7,1167.8,11.66,Month-to-month,24,13-24 months,Medium Value,Low-Med Value / Low Risk,3,DSL
2533-TIBIX,No,0.271,Medium Risk,30.2,469.65,8.18,Month-to-month,15,13-24 months,Medium Value,Low-Med Value / Low Risk,2,DSL
8993-PHFWD,Yes,0.5371,High Risk,25.25,58.9,13.56,Month-to-month,3,0-12 months,Low Value,Low-Med Value / High Risk,1,DSL
1565-RHDJD,Yes,0.4672,Medium Risk,84.05,333.55,39.27,Month-to-month,4,0-12 months,Low Value,Low-Med Value / Low Risk,5,Fiber optic
7137-RYLPP,Yes,0.602,High Risk,85.7,3171.15,51.59,Month-to-month,37,25-48 months,Medium Value,Low-Med Value / High Risk,4,Fiber optic
3765-JXVKY,Yes,0.6646,High Risk,74.7,74.7,49.64,Month-to-month,1,0-12 months,Low Value,Low-Med Value / High Risk,3,Fiber optic
5092-STPKP,No,0.0819,Low Risk,56.35,1381.2,4.61,Month-to-month,24,13-24 months,Medium Value,Low-Med Value / Low Risk,4,DSL
7330-WZLNC,Yes,0.7413,High Risk,90.8,455.5,67.31,Month-to-month,5,0-12 months,Medium Value,Low-Med Value / High Risk,5,Fiber optic
0114-PEGZZ,No,0.5348,High Risk,107.55,3645.5,57.52,Month-to-month,33,25-48 months,Medium Value,Low-Med Value / High Risk,7,Fiber optic
3359-DSRKA,No,0.0052,Low Risk,19.85,1158.85,0.1,Two year,58,49+ months,Medium Value,Low-Med Value / Low Risk,1,No
8639-NHQEI,No,0.0392,Low Risk,95.9,6954.15,3.76,Two year,72,49+ months,High Value,High Value / Low Risk,6,Fiber optic
7161-DFHUF,No,0.0035,Low Risk,23.85,1672.1,0.08,Two year,71,49+ months,Medium Value,Low-Med Value / Low Risk,2,No
3957-LXOLK,Yes,0.6943,High Risk,106.15,3152.5,73.7,Month-to-month,28,25-48 months,Medium Value,Low-Med Value / High Risk,7,Fiber optic
3720-DBRWL,No,0.0226,Low Risk,83.85,4307.1,1.9,Two year,51,49+ months,High Value,High Value / Low Risk,8,DSL
6635-MYYYZ,Yes,0.0536,Low Risk,85.35,2530.4,4.57,One year,30,25-48 months,Medium Value,Low-Med Value / Low Risk,8,DSL
8565-WUXZU,No,0.0199,Low Risk,84.8,6141.65,1.69,Two year,72,49+ months,High Value,High Value / Low Risk,5,Fiber optic
5281-BUZGT,Yes,0.5045,High Risk,90.85,3186.7,45.83,Month-to-month,36,25-48 months,Medium Value,Low-Med Value / High Risk,5,Fiber optic
4994-OBRSZ,No,0.0302,Low Risk,76.1,1054.8,2.3,Two year,14,13-24 months,Medium Value,Low-Med Value / Low Risk,7,DSL
0562-FGDCR,No,0.0067,Low Risk,74.55,5430.65,0.5,Two year,72,49+ months,High Value,High Value / Low Risk,7,DSL
2436-QBZFP,No,0.3138,Medium Risk,39.2,849.9,12.3,Month-to-month,22,13-24 months,Medium Value,Low-Med Value / Low Risk,3,DSL
3420-YJLQT,No,0.6384,High Risk,79.55,151.75,50.78,Month-to-month,2,0-12 months,Low Value,Low-Med Value / High Risk,4,Fiber optic
6040-CGACY,No,0.1095,Low Risk,19.6,299.4,2.15,Month-to-month,15,13-24 months,Low Value,Low-Med Value / Low Risk,1,No
6582-PLFUU,No,0.0046,Low Risk,19.55,1086.75,0.09,Two year,51,49+ months,Medium Value,Low-Med Value / Low Risk,1,No
8242-PDSGJ,No,0.008,Low Risk,39.15,2692.75,0.31,Two year,70,49+ months,Medium Value,Low-Med Value / Low Risk,4,DSL
0264-CNITK,No,0.0018,Low Risk,20.1,1389.6,0.04,Two year,71,49+ months,Medium Value,Low-Med Value / Low Risk,1,No
0089-IIQKO,No,0.3772,Medium Risk,99.95,3767.4,37.7,Month-to-month,39,25-48 months,Medium Value,Low-Med Value / Low Risk,6,Fiber optic
7839-NUIAA,No,0.0448,Low Risk,59.8,3641.5,2.68,Month-to-month,61,49+ months,Medium Value,Low-Med Value / Low Risk,5,DSL
6075-QMNRR,No,0.059,Low Risk,49.75,2535.55,2.94,Month-to-month,52,49+ months,Medium Value,Low-Med Value / Low Risk,3,DSL
5378-IKEEG,Yes,0.6956,High Risk,35.75,35.75,24.87,Month-to-month,1,0-12 months,Low Value,Low-Med Value / High Risk,2,DSL
5966-EMAZU,No,0.1374,Low Risk,108.5,6880.85,14.9,One year,64,49+ months,High Value,High Value / Low Risk,8,Fiber optic
0440-EKDCF,No,0.0111,Low Risk,60.15,3753.2,0.67,Two year,62,49+ months,Medium Value,Low-Med Value / Low Risk,5,DSL
4774-HHGGS,No,0.017,Low Risk,19.05,637.55,0.32,Two year,30,25-48 months,Medium Value,Low-Med Value / Low Risk,1,No
2718-GAXQD,Yes,0.3758,Medium Risk,46.0,181.6,17.29,Month-to-month,4,0-12 months,Low Value,Low-Med Value / Low Risk,2,DSL
2055-BFOCC,No,0.0347,Low Risk,84.0,5329.55,2.91,One year,63,49+ months,High Value,High Value / Low Risk,8,DSL
8180-AKMJV,No,0.4142,Medium Risk,44.55,44.55,18.45,Month-to-month,1,0-12 months,Low Value,Low-Med Value / Low Risk,2,DSL
4298-OYIFC,No,0.7015,High Risk,103.45,1539.8,72.57,Month-to-month,15,13-24 months,Medium Value,Low-Med Value / High Risk,7,Fiber optic
5566-SOEZD,No,0.1319,Low Risk,80.65,2209.75,10.64,One year,27,25-48 months,Medium Value,Low-Med Value / Low Risk,4,Fiber optic
9842-EFSYY,No,0.4539,Medium Risk,57.2,223.75,25.96,Month-to-month,4,0-12 months,Low Value,Low-Med Value / Low Risk,6,DSL
2272-WUSPA,No,0.0973,Low Risk,110.75,7751.7,10.78,Two year,72,49+ months,High Value,High Value / Low Risk,8,Fiber optic
4584-LBNMK,No,0.0229,Low Risk,24.7,1174.35,0.57,One year,45,25-48 months,Medium Value,Low-Med Value / Low Risk,2,No
3898-GUYTS,No,0.3387,Medium Risk,97.05,4385.05,32.87,Month-to-month,45,25-48 months,High Value,High Value / Low Risk,7,Fiber optic
0930-EHUZA,No,0.0492,Low Risk,76.35,2606.35,3.76,One year,36,25-48 months,Medium Value,Low-Med Value / Low Risk,7,DSL
6413-XKKPU,Yes,0.4886,Medium Risk,89.4,1539.45,43.68,Month-to-month,17,13-24 months,Medium Value,Low-Med Value / Low Risk,5,Fiber optic
9975-SKRNR,No,0.196,Low Risk,18.9,18.9,3.7,Month-to-month,1,0-12 months,Low Value,Low-Med Value / Low Risk,1,No
3703-KBKZP,No,0.6094,High Risk,74.45,1261.35,45.37,Month-to-month,16,13-24 months,Medium Value,Low-Med Value / High Risk,3,Fiber optic
1449-XQEMT,Yes,0.2403,Low Risk,19.8,58.15,4.76,Month-to-month,3,0-12 months,Low Value,Low-Med Value / Low Risk,1,No
2626-URJFX,Yes,0.5087,High Risk,50.9,225.6,25.89,Month-to-month,4,0-12 months,Low Value,Low-Med Value / High Risk,3,DSL
4973-MGTON,No,0.0118,Low Risk,84.4,5969.3,0.99,Two year,71,49+ months,High Value,High Value / Low Risk,8,DSL
3682-YEUWS,No,0.2015,Low Risk,24.4,253.9,4.92,Month-to-month,10,0-12 months,Low Value,Low-Med Value / Low Risk,2,No
1223-UNPKS,No,0.0209,Low Risk,20.05,400.0,0.42,Two year,20,13-24 months,Medium Value,Low-Med Value / Low Risk,1,No
2612-RRIDN,Yes,0.7283,High Risk,81.0,340.85,59.0,Month-to-month,4,0-12 months,Low Value,Low-Med Value / High Risk,3,Fiber optic
4735-ASGMA,Yes,0.7061,High Risk,98.35,2515.3,69.44,Month-to-month,26,25-48 months,Medium Value,Low-Med Value / High Risk,6,Fiber optic
3446-QDSZF,No,0.3488,Medium Risk,55.5,227.35,19.36,Month-to-month,4,0-12 months,Low Value,Low-Med Value / Low Risk,3,DSL
3669-LVWZB,Yes,0.6062,High Risk,51.0,305.95,30.92,Month-to-month,5,0-12 months,Low Value,Low-Med Value / High Risk,4,DSL
6892-EZDTG,Yes,0.7482,High Risk,91.65,365.4,68.57,Month-to-month,4,0-12 months,Low Value,Low-Med Value / High Risk,5,Fiber optic
5117-IFGPS,No,0.6588,High Risk,84.3,2357.75,55.54,Month-to-month,29,25-48 months,Medium Value,Low-Med Value / High Risk,4,Fiber optic
7379-FNIUJ,No,0.5783,High Risk,100.2,198.5,57.95,Month-to-month,2,0-12 months,Low Value,Low-Med Value / High Risk,6,Fiber optic
1627-AFWVJ,No,0.0167,Low Risk,19.4,554.25,0.32,Two year,29,25-48 months,Medium Value,Low-Med Value / Low Risk,1,No
9725-SCPZG,Yes,0.746,High Risk,90.85,90.85,67.78,Month-to-month,1,0-12 months,Low Value,Low-Med Value / High Risk,4,Fiber optic
5884-GCYMI,Yes,0.5506,High Risk,69.4,69.4,38.21,Month-to-month,1,0-12 months,Low Value,Low-Med Value / High Risk,2,Fiber optic
3217-FZDMN,Yes,0.6873,High Risk,94.45,742.95,64.91,Month-to-month,8,0-12 months,Medium Value,Low-Med Value / High Risk,5,Fiber optic
4486-EFAEB,No,0.2115,Low Risk,20.4,251.65,4.31,Month-to-month,13,13-24 months,Low Value,Low-Med Value / Low Risk,1,No
0060-FUALY,No,0.2894,Medium Risk,94.75,5597.65,27.42,Month-to-month,59,49+ months,High Value,High Value / Low Risk,6,Fiber optic
7853-GVUDZ,Yes,0.1988,Low Risk,20.15,20.15,4.01,Month-to-month,1,0-12 months,Low Value,Low-Med Value / Low Risk,1,No
7480-QNVZJ,Yes,0.5819,High Risk,95.7,4816.7,55.69,Month-to-month,50,49+ months,High Value,High Value / High Risk,5,Fiber optic
6954-OOYZZ,No,0.2758,Medium Risk,44.35,768.05,12.23,Month-to-month,18,13-24 months,Medium Value,Low-Med Value / Low Risk,2,DSL
7088-FBAWU,No,0.1785,Low Risk,74.55,1215.8,13.3,Month-to-month,17,13-24 months,Medium Value,Low-Med Value / Low Risk,6,DSL
8313-AFGBW,No,0.0527,Low Risk,73.6,3522.65,3.88,Two year,47,25-48 months,Medium Value,Low-Med Value / Low Risk,6,DSL
3943-KDREE,Yes,0.4732,Medium Risk,74.95,1834.95,35.46,Month-to-month,26,25-48 months,Medium Value,Low-Med Value / Low Risk,3,Fiber optic
9239-ZBZZV,Yes,0.7027,High Risk,47.95,305.1,33.69,Month-to-month,6,0-12 months,Low Value,Low-Med Value / High Risk,4,DSL
3097-IDVPU,No,0.2067,Low Risk,50.1,910.45,10.35,Month-to-month,19,13-24 months,Medium Value,Low-Med Value / Low Risk,3,DSL
4398-HSCJH,Yes,0.5347,High Risk,63.6,155.65,34.0,Month-to-month,3,0-12 months,Low Value,Low-Med Value / High Risk,5,DSL
2197-OMWGI,No,0.0434,Low Risk,53.0,3656.25,2.3,Two year,68,49+ months,Medium Value,Low-Med Value / Low Risk,5,DSL
2303-PJYHN,No,0.1767,Low Risk,19.85,52.0,3.51,Month-to-month,2,0-12 months,Low Value,Low-Med Value / Low Risk,1,No
9795-VOWON,No,0.3241,Medium Risk,24.35,150.85,7.89,One year,7,0-12 months,Low Value,Low-Med Value / Low Risk,1,DSL
1237-WIYYZ,No,0.135,Low Risk,19.55,389.25,2.64,Month-to-month,18,13-24 months,Low Value,Low-Med Value / Low Risk,1,No
1987-AUELQ,No,0.0033,Low Risk,25.05,1873.7,0.08,Two year,71,49+ months,Medium Value,Low-Med Value / Low Risk,2,No
7852-LECYP,No,0.4601,Medium Risk,93.8,1261.0,43.16,Month-to-month,13,13-24 months,Medium Value,Low-Med Value / Low Risk,6,Fiber optic
4430-UZIPO,Yes,0.415,Medium Risk,36.85,108.7,15.29,Month-to-month,3,0-12 months,Low Value,Low-Med Value / Low Risk,3,DSL
4822-LPTYJ,No,0.0981,Low Risk,103.75,7346.2,10.18,Two year,72,49+ months,High Value,High Value / Low Risk,7,Fiber optic
8165-CBKXO,No,0.0269,Low Risk,56.75,3708.4,1.53,Two year,66,49+ months,Medium Value,Low-Med Value / Low Risk,5,DSL
6527-PZFPV,No,0.0412,Low Risk,20.8,469.65,0.86,One year,24,13-24 months,Medium Value,Low-Med Value / Low Risk,1,No
4855-SNKMY,Yes,0.5195,High Risk,44.1,44.1,22.91,Month-to-month,1,0-12 months,Low Value,Low-Med Value / High Risk,2,DSL
9593-CVZKR,No,0.0081,Low Risk,24.45,1385.85,0.2,Two year,56,49+ months,Medium Value,Low-Med Value / Low Risk,2,No
8595-SIZNC,No,0.0618,Low Risk,25.6,548.8,1.58,One year,22,13-24 months,Medium Value,Low-Med Value / Low Risk,2,No
8008-HAWED,Yes,0.6263,High Risk,50.75,712.75,31.78,Month-to-month,14,13-24 months,Medium Value,Low-Med Value / High Risk,4,DSL
7124-UGSUR,Yes,0.2378,Low Risk,104.4,6405.0,24.83,One year,61,49+ months,High Value,High Value / Low Risk,7,Fiber optic
1862-SKORY,Yes,0.3142,Medium Risk,39.3,1637.4,12.35,Month-to-month,40,25-48 months,Medium Value,Low-Med Value / Low Risk,3,DSL
5236-XMZJY,No,0.055,Low Risk,59.65,2536.55,3.28,Month-to-month,42,25-48 months,Medium Value,Low-Med Value / Low Risk,5,DSL
4827-DPADN,No,0.0152,Low Risk,83.3,6042.7,1.26,Two year,72,49+ months,High Value,High Value / Low Risk,8,DSL
2694-CIUMO,No,0.4995,Medium Risk,79.55,958.25,39.74,Month-to-month,12,0-12 months,Medium Value,Low-Med Value / Low Risk,4,Fiber optic
5846-ABOBJ,No,0.0034,Low Risk,24.45,1730.65,0.08,Two year,71,49+ months,Medium Value,Low-Med Value / Low Risk,2,No
1439-LCGVL,No,0.0362,Low Risk,19.2,459.6,0.69,One year,26,25-48 months,Medium Value,Low-Med Value / Low Risk,1,No
0909-SDHNU,No,0.273,Medium Risk,29.8,201.95,8.13,Month-to-month,7,0-12 months,Low Value,Low-Med Value / Low Risk,2,DSL
4647-XXZAM,No,0.2623,Medium Risk,45.5,285.2,11.94,Month-to-month,6,0-12 months,Low Value,Low-Med Value / Low Risk,2,DSL
1502-XFCVR,Yes,0.1724,Low Risk,106.45,6145.85,18.35,One year,58,49+ months,High Value,High Value / Low Risk,7,Fiber optic
7740-KKCXF,No,0.105,Low Risk,30.05,1529.45,3.15,Month-to-month,51,49+ months,Medium Value,Low-Med Value / Low Risk,2,DSL
5360-XGYAZ,No,0.0119,Low Risk,65.65,4664.5,0.78,Two year,72,49+ months,High Value,High Value / Low Risk,7,DSL
9692-TUSXH,Yes,0.5909,High Risk,96.05,1740.7,56.76,Month-to-month,18,13-24 months,Medium Value,Low-Med Value / High Risk,5,Fiber optic
7912-SYRQT,Yes,0.6372,High Risk,75.1,552.95,47.85,Month-to-month,7,0-12 months,Medium Value,Low-Med Value / High Risk,3,Fiber optic
3557-HTYWR,No,0.0188,Low Risk,74.05,3496.3,1.4,Two year,47,25-48 months,Medium Value,Low-Med Value / Low Risk,7,DSL
4816-JBHOV,Yes,0.5481,High Risk,44.7,93.7,24.5,Month-to-month,2,0-12 months,Low Value,Low-Med Value / High Risk,2,DSL
8920-NAVAY,No,0.1933,Low Risk,110.75,7053.35,21.41,One year,62,49+ months,High Value,High Value / Low Risk,8,Fiber optic
1699-TLDLZ,No,0.0247,Low Risk,19.7,301.55,0.49,Two year,16,13-24 months,Low Value,Low-Med Value / Low Risk,1,No
5600-PDUJF,No,0.2901,Medium Risk,49.5,312.7,14.36,Month-to-month,6,0-12 months,Low Value,Low-Med Value / Low Risk,3,DSL
8292-TYSPY,Yes,0.1914,Low Risk,55.0,1046.5,10.53,Month-to-month,19,13-24 months,Medium Value,Low-Med Value / Low Risk,4,DSL
0567-XRHCU,No,0.0127,Low Risk,43.95,2960.1,0.56,Two year,69,49+ months,Medium Value,Low-Med Value / Low Risk,4,DSL
1867-BDVFH,Yes,0.653,High Risk,74.35,834.2,48.55,Month-to-month,11,0-12 months,Medium Value,Low-Med Value / High Risk,3,Fiber optic
2067-QYTCF,No,0.3461,Medium Risk,111.15,6953.4,38.47,Month-to-month,64,49+ months,High Value,High Value / Low Risk,8,Fiber optic
2359-QWQUL,Yes,0.1639,Low Risk,104.7,4134.85,17.16,One year,39,25-48 months,High Value,High Value / Low Risk,7,Fiber optic
9103-TCIHJ,Yes,0.2846,Medium Risk,55.7,899.8,15.85,Month-to-month,15,13-24 months,Medium Value,Low-Med Value / Low Risk,4,DSL
7407-SUJIZ,No,0.0725,Low Risk,20.6,541.5,1.49,Month-to-month,25,25-48 months,Medium Value,Low-Med Value / Low Risk,1,No
9150-KPBJQ,No,0.0428,Low Risk,19.65,116.85,0.84,Two year,6,0-12 months,Low Value,Low-Med Value / Low Risk,1,No
0052-DCKON,No,0.0873,Low Risk,115.8,7942.15,10.11,One year,66,49+ months,High Value,High Value / Low Risk,9,Fiber optic
3654-ARMGP,No,0.0213,Low Risk,88.65,5321.25,1.89,Two year,61,49+ months,High Value,High Value / Low Risk,8,DSL
9699-UBQFS,No,0.4339,Medium Risk,94.5,4156.8,41.0,Month-to-month,43,25-48 months,High Value,High Value / Low Risk,6,Fiber optic
9367-TCUYN,No,0.1225,Low Risk,20.1,223.6,2.46,Month-to-month,12,0-12 months,Low Value,Low-Med Value / Low Risk,1,No
1261-FWTTE,No,0.4199,Medium Risk,34.65,768.45,14.55,Month-to-month,23,13-24 months,Medium Value,Low-Med Value / Low Risk,2,DSL
3528-HFRIQ,No,0.1174,Low Risk,52.3,3765.05,6.14,Month-to-month,71,49+ months,Medium Value,Low-Med Value / Low Risk,5,DSL
0708-SJDIS,No,0.1561,Low Risk,65.0,2157.5,10.14,Month-to-month,34,25-48 months,Medium Value,Low-Med Value / Low Risk,5,DSL
4140-WJAWW,Yes,0.1496,Low Risk,19.85,108.05,2.97,Month-to-month,5,0-12 months,Low Value,Low-Med Value / Low Risk,1,No
2073-QBVBI,No,0.0464,Low Risk,35.45,1391.65,1.64,One year,41,25-48 months,Medium Value,Low-Med Value / Low Risk,3,DSL
6928-ONTRW,No,0.0017,Low Risk,19.7,1379.8,0.03,Two year,72,49+ months,Medium Value,Low-Med Value / Low Risk,1,No
3320-VEOYC,No,0.7939,Critical Risk,95.6,1273.3,75.89,Month-to-month,14,13-24 months,Medium Value,Low-Med Value / High Risk,5,Fiber optic
5231-FIQPA,No,0.0138,Low Risk,19.85,810.45,0.27,Two year,41,25-48 months,Medium Value,Low-Med Value / Low Risk,1,No
6617-WLBQC,No,0.1516,Low Risk,81.85,1810.85,12.41,One year,23,13-24 months,Medium Value,Low-Med Value / Low Risk,4,Fiber optic
2599-CIPQE,No,0.022,Low Risk,109.3,7782.85,2.4,Two year,71,49+ months,High Value,High Value / Low Risk,8,Fiber optic
6653-CBBOM,Yes,0.7003,High Risk,70.3,70.3,49.23,Month-to-month,1,0-12 months,Low Value,Low-Med Value / High Risk,2,Fiber optic
8774-GSBUN,No,0.0034,Low Risk,25.4,1797.1,0.09,Two year,72,49+ months,Medium Value,Low-Med Value / Low Risk,2,No
7326-RIGQZ,No,0.6199,High Risk,69.8,377.85,43.27,Month-to-month,6,0-12 months,Low Value,Low-Med Value / High Risk,2,Fiber optic
1401-FTHFQ,No,0.0436,Low Risk,20.0,445.3,0.87,One year,23,13-24 months,Medium Value,Low-Med Value / Low Risk,1,No
3247-ZVOUO,Yes,0.7083,High Risk,85.55,851.75,60.59,Month-to-month,10,0-12 months,Medium Value,Low-Med Value / High Risk,4,Fiber optic
0254-FNMCI,No,0.051,Low Risk,109.9,7624.2,5.6,Two year,72,49+ months,High Value,High Value / Low Risk,8,Fiber optic
1848-LBZHY,No,0.2763,Medium Risk,50.3,355.1,13.9,Month-to-month,7,0-12 months,Low Value,Low-Med Value / Low Risk,3,DSL
6101-IMRMM,Yes,0.5582,High Risk,94.5,575.45,52.75,Month-to-month,6,0-12 months,Medium Value,Low-Med Value / High Risk,5,Fiber optic
8118-TJAFG,No,0.578,High Risk,101.5,906.85,58.67,Month-to-month,9,0-12 months,Medium Value,Low-Med Value / High Risk,6,Fiber optic
5429-LWCMV,No,0.7035,High Risk,89.15,1057.55,62.72,Month-to-month,12,0-12 months,Medium Value,Low-Med Value / High Risk,5,Fiber optic
7298-IZWLY,No,0.2552,Medium Risk,19.4,19.4,4.95,Month-to-month,1,0-12 months,Low Value,Low-Med Value / Low Risk,1,No
9758-MFWGD,No,0.0413,Low Risk,29.9,1388.75,1.24,One year,48,25-48 months,Medium Value,Low-Med Value / Low Risk,2,DSL
3955-JBZZM,No,0.535,High Risk,78.8,1641.3,42.16,Month-to-month,20,13-24 months,Medium Value,Low-Med Value / High Risk,3,Fiber optic
1268-ASBGA,Yes,0.6543,High Risk,85.35,1375.15,55.85,Month-to-month,16,13-24 months,Medium Value,Low-Med Value / High Risk,4,Fiber optic
8943-URTMR,Yes,0.6761,High Risk,79.65,152.7,53.85,Month-to-month,2,0-12 months,Low Value,Low-Med Value / High Risk,3,Fiber optic
4815-TUMEQ,No,0.1014,Low Risk,19.3,185.2,1.96,One year,10,0-12 months,Low Value,Low-Med Value / Low Risk,1,No
4713-LZDRV,Yes,0.7692,Critical Risk,79.6,195.05,61.23,Month-to-month,2,0-12 months,Low Value,Low-Med Value / High Risk,3,Fiber optic
9909-IDLEK,No,0.3417,Medium Risk,96.8,1826.7,33.07,Month-to-month,20,13-24 months,Medium Value,Low-Med Value / Low Risk,6,Fiber optic
4092-OFQZS,No,0.0478,Low Risk,20.65,417.5,0.99,One year,20,13-24 months,Medium Value,Low-Med Value / Low Risk,1,No
1561-BWHIN,No,0.0404,Low Risk,19.8,344.5,0.8,One year,19,13-24 months,Low Value,Low-Med Value / Low Risk,1,No
4325-NFSKC,Yes,0.631,High Risk,90.6,1660.0,57.17,Month-to-month,19,13-24 months,Medium Value,Low-Med Value / High Risk,5,Fiber optic
9927-DSWDF,No,0.4452,Medium Risk,104.6,2180.55,46.57,Month-to-month,22,13-24 months,Medium Value,Low-Med Value / Low Risk,7,Fiber optic
9500-LTVBP,No,0.246,Low Risk,80.05,2835.9,19.7,Month-to-month,35,25-48 months,Medium Value,Low-Med Value / Low Risk,4,Fiber optic
7252-NTGSS,No,0.3492,Medium Risk,45.15,45.15,15.77,Month-to-month,1,0-12 months,Low Value,Low-Med Value / Low Risk,2,DSL
8149-AIQCG,No,0.3662,Medium Risk,73.15,2730.85,26.79,Month-to-month,39,25-48 months,Medium Value,Low-Med Value / Low Risk,3,Fiber optic
1360-JYXKQ,No,0.2508,Medium Risk,99.1,5437.1,24.85,One year,54,49+ months,High Value,High Value / Low Risk,6,Fiber optic
2955-PSXOE,Yes,0.2401,Low Risk,20.2,20.2,4.85,Month-to-month,1,0-12 months,Low Value,Low-Med Value / Low Risk,1,No
7762-URZQH,Yes,0.0891,Low Risk,106.05,6981.35,9.45,Two year,66,49+ months,High Value,High Value / Low Risk,7,Fiber optic
0899-WZRSD,No,0.2684,Medium Risk,105.35,5794.45,28.28,Month-to-month,56,49+ months,High Value,High Value / Low Risk,7,Fiber optic
3255-GRXMG,No,0.2179,Low Risk,45.65,747.2,9.95,Month-to-month,18,13-24 months,Medium Value,Low-Med Value / Low Risk,2,DSL
4828-FAZPK,No,0.4633,Medium Risk,79.95,1267.95,37.04,Month-to-month,16,13-24 months,Medium Value,Low-Med Value / Low Risk,4,Fiber optic
6094-ZIVKX,No,0.0165,Low Risk,54.45,3674.95,0.9,One year,68,49+ months,Medium Value,Low-Med Value / Low Risk,4,DSL
6925-BAYGL,No,0.0082,Low Risk,25.1,1275.6,0.2,Two year,53,49+ months,Medium Value,Low-Med Value / Low Risk,2,No
3262-EIDHV,No,0.0096,Low Risk,84.7,5893.9,0.81,Two year,72,49+ months,High Value,High Value / Low Risk,8,DSL
7354-OIJLX,No,0.7084,High Risk,75.85,724.65,53.73,Month-to-month,9,0-12 months,Medium Value,Low-Med Value / High Risk,3,Fiber optic
1376-HHBDV,No,0.1429,Low Risk,48.8,1536.75,6.97,Month-to-month,30,25-48 months,Medium Value,Low-Med Value / Low Risk,3,DSL
6907-NZZIJ,Yes,0.6112,High Risk,99.15,3615.6,60.6,Month-to-month,36,25-48 months,Medium Value,Low-Med Value / High Risk,6,Fiber optic
6133-OZILE,No,0.3683,Medium Risk,35.2,607.3,12.96,Month-to-month,18,13-24 months,Medium Value,Low-Med Value / Low Risk,3,DSL
4135-FRWKJ,No,0.0382,Low Risk,76.25,4154.55,2.91,One year,55,49+ months,High Value,High Value / Low Risk,7,DSL
2911-UREFD,Yes,0.2282,Low Risk,55.9,2184.35,12.76,Month-to-month,39,25-48 months,Medium Value,Low-Med Value / Low Risk,5,DSL
3744-ZRRDZ,Yes,0.5825,High Risk,82.35,1852.85,47.97,Month-to-month,21,13-24 months,Medium Value,Low-Med Value / High Risk,4,Fiber optic
5673-TIYIB,Yes,0.3963,Medium Risk,40.4,77.15,16.01,Month-to-month,2,0-12 months,Low Value,Low-Med Value / Low Risk,4,DSL
6551-ZCOTS,No,0.0557,Low Risk,24.9,847.8,1.39,One year,33,25-48 months,Medium Value,Low-Med Value / Low Risk,2,No
7191-ADRGF,No,0.0556,Low Risk,54.3,2390.45,3.02,Two year,44,25-48 months,Medium Value,Low-Med Value / Low Risk,5,DSL
5018-LXQQG,No,0.0728,Low Risk,66.3,1923.5,4.82,Month-to-month,30,25-48 months,Medium Value,Low-Med Value / Low Risk,5,DSL
6892-BOGQE,No,0.0033,Low Risk,20.9,1493.2,0.07,Two year,71,49+ months,Medium Value,Low-Med Value / Low Risk,1,No
1602-IJQQE,Yes,0.6619,High Risk,75.35,338.1,49.88,Month-to-month,4,0-12 months,Low Value,Low-Med Value / High Risk,3,Fiber optic
4628-WQCQQ,Yes,0.2856,Medium Risk,85.15,3030.6,24.32,One year,35,25-48 months,Medium Value,Low-Med Value / Low Risk,4,Fiber optic
1746-TGTWV,No,0.5153,High Risk,75.35,75.35,38.83,Month-to-month,1,0-12 months,Low Value,Low-Med Value / High Risk,3,Fiber optic
5995-SNNEW,No,0.7155,High Risk,104.45,2184.85,74.73,Month-to-month,23,13-24 months,Medium Value,Low-Med Value / High Risk,7,Fiber optic
8050-WYBND,No,0.2407,Low Risk,49.45,1031.4,11.9,One year,22,13-24 months,Medium Value,Low-Med Value / Low Risk,4,DSL
2821-WARNZ,No,0.0089,Low Risk,19.45,921.3,0.17,One year,49,49+ months,Medium Value,Low-Med Value / Low Risk,1,No
4879-GZLFH,No,0.4715,Medium Risk,92.15,3875.4,43.45,Month-to-month,42,25-48 months,High Value,High Value / Low Risk,5,Fiber optic
1644-IRKSF,Yes,0.3662,Medium Risk,93.8,3124.5,34.35,One year,33,25-48 months,Medium Value,Low-Med Value / Low Risk,5,Fiber optic
8314-HTWVE,No,0.0371,Low Risk,19.85,144.15,0.74,Two year,7,0-12 months,Low Value,Low-Med Value / Low Risk,1,No
9402-ROUMJ,No,0.0691,Low Risk,100.25,6689.0,6.93,One year,67,49+ months,High Value,High Value / Low Risk,7,Fiber optic
2507-QZPQS,No,0.5123,High Risk,95.7,1451.1,49.03,Month-to-month,15,13-24 months,Medium Value,Low-Med Value / High Risk,6,Fiber optic
7159-NOKYQ,No,0.1171,Low Risk,93.15,6368.2,10.91,Two year,67,49+ months,High Value,High Value / Low Risk,6,Fiber optic
5707-ZMDJP,No,0.0132,Low Risk,69.7,3729.6,0.92,Two year,53,49+ months,Medium Value,Low-Med Value / Low Risk,6,DSL
8779-YIQQA,No,0.0366,Low Risk,19.8,350.1,0.73,One year,21,13-24 months,Low Value,Low-Med Value / Low Risk,1,No
7136-IHZJA,No,0.0703,Low Risk,71.35,2847.2,5.02,Month-to-month,40,25-48 months,Medium Value,Low-Med Value / Low Risk,6,DSL
8966-OIQHG,No,0.0323,Low Risk,20.75,452.35,0.67,One year,22,13-24 months,Medium Value,Low-Med Value / Low Risk,1,No
7074-STDCN,No,0.2439,Low Risk,40.6,1494.5,9.9,Month-to-month,39,25-48 months,Medium Value,Low-Med Value / Low Risk,3,DSL
3705-PSNGL,Yes,0.0297,Low Risk,20.4,930.45,0.61,One year,45,25-48 months,Medium Value,Low-Med Value / Low Risk,1,No
8739-QOTTN,No,0.185,Low Risk,20.35,41.85,3.76,Month-to-month,2,0-12 months,Low Value,Low-Med Value / Low Risk,1,No
1399-OUPJN,No,0.0036,Low Risk,19.75,1272.05,0.07,Two year,57,49+ months,Medium Value,Low-Med Value / Low Risk,1,No
0277-BKSQP,No,0.4626,Medium Risk,54.4,475.1,25.17,Month-to-month,8,0-12 months,Medium Value,Low-Med Value / Low Risk,3,DSL
6502-HCJTI,Yes,0.5899,High Risk,94.7,673.1,55.87,Month-to-month,7,0-12 months,Medium Value,Low-Med Value / High Risk,6,Fiber optic
2606-RMDHZ,Yes,0.4558,Medium Risk,30.5,208.7,13.9,Month-to-month,6,0-12 months,Low Value,Low-Med Value / Low Risk,2,DSL
5774-XZTQC,No,0.1255,Low Risk,20.45,150.75,2.57,Month-to-month,7,0-12 months,Low Value,Low-Med Value / Low Risk,1,No
2676-SSLTO,No,0.0379,Low Risk,66.15,3199.0,2.51,Two year,49,49+ months,Medium Value,Low-Med Value / Low Risk,5,DSL
6266-QHOJZ,No,0.0789,Low Risk,89.85,5844.65,7.09,One year,65,49+ months,High Value,High Value / Low Risk,6,Fiber optic
7269-JISCY,No,0.0272,Low Risk,45.05,2462.6,1.22,One year,55,49+ months,Medium Value,Low-Med Value / Low Risk,2,DSL
0363-SVHYR,No,0.0102,Low Risk,86.85,6263.8,0.89,Two year,71,49+ months,High Value,High Value / Low Risk,9,DSL
8547-NSBBO,No,0.2369,Low Risk,96.75,3403.4,22.92,Month-to-month,35,25-48 months,Medium Value,Low-Med Value / Low Risk,7,Fiber optic
8258-GSTJK,Yes,0.7695,Critical Risk,77.0,237.75,59.25,Month-to-month,3,0-12 months,Low Value,Low-Med Value / High Risk,3,Fiber optic
6861-OKBCE,Yes,0.0955,Low Risk,20.1,221.35,1.92,Month-to-month,11,0-12 months,Low Value,Low-Med Value / Low Risk,1,No
9940-RHLFB,Yes,0.6076,High Risk,75.3,75.3,45.75,Month-to-month,1,0-12 months,Low Value,Low-Med Value / High Risk,3,Fiber optic
6591-QGOYB,No,0.3781,Medium Risk,106.65,1672.1,40.32,Month-to-month,17,13-24 months,Medium Value,Low-Med Value / Low Risk,8,Fiber optic
9070-BCKQP,No,0.0572,Low Risk,110.15,7881.2,6.3,Two year,72,49+ months,High Value,High Value / Low Risk,8,Fiber optic
6421-SZVEM,No,0.1906,Low Risk,82.85,2320.8,15.79,One year,28,25-48 months,Medium Value,Low-Med Value / Low Risk,4,Fiber optic
1328-EUZHC,No,0.0281,Low Risk,20.1,370.5,0.56,Two year,18,13-24 months,Low Value,Low-Med Value / Low Risk,1,No
2995-UPRYS,Yes,0.2225,Low Risk,99.2,4062.2,22.07,One year,40,25-48 months,High Value,High Value / Low Risk,6,Fiber optic
8878-RYUKI,No,0.1595,Low Risk,59.45,3043.7,9.48,Month-to-month,52,49+ months,Medium Value,Low-Med Value / Low Risk,4,DSL
9633-DENPU,No,0.1237,Low Risk,58.6,2723.4,7.25,Month-to-month,47,25-48 months,Medium Value,Low-Med Value / Low Risk,4,DSL
7811-JIVPF,No,0.1616,Low Risk,49.7,1081.25,8.03,Month-to-month,23,13-24 months,Medium Value,Low-Med Value / Low Risk,3,DSL
7113-HIPFI,No,0.0039,Low Risk,65.85,4097.05,0.26,Two year,66,49+ months,High Value,High Value / Low Risk,6,DSL
8541-QVFKM,No,0.7188,High Risk,73.5,632.2,52.83,Month-to-month,8,0-12 months,Medium Value,Low-Med Value / High Risk,3,Fiber optic
6686-YPGHK,Yes,0.2131,Low Risk,85.5,4042.3,18.22,Month-to-month,47,25-48 months,High Value,High Value / Low Risk,4,Fiber optic
1383-EZRWL,Yes,0.1511,Low Risk,20.05,164.85,3.03,Month-to-month,7,0-12 months,Low Value,Low-Med Value / Low Risk,1,No
9258-CNWAC,No,0.0313,Low Risk,113.65,8166.8,3.56,Two year,71,49+ months,High Value,High Value / Low Risk,9,Fiber optic
5371-VYLSX,No,0.2982,Medium Risk,83.4,4113.7,24.87,Month-to-month,50,49+ months,High Value,High Value / Low Risk,5,Fiber optic
6374-AFWOX,No,0.0106,Low Risk,65.65,3047.15,0.69,Two year,46,25-48 months,Medium Value,Low-Med Value / Low Risk,6,DSL
4759-TRPLW,Yes,0.6219,High Risk,70.4,70.4,43.78,Month-to-month,1,0-12 months,Low Value,Low-Med Value / High Risk,2,Fiber optic
5317-FLPJF,No,0.0204,Low Risk,61.35,4193.4,1.25,Two year,66,49+ months,High Value,High Value / Low Risk,6,DSL
7621-VPNET,No,0.2815,Medium Risk,85.9,3729.75,24.18,Month-to-month,42,25-48 months,Medium Value,Low-Med Value / Low Risk,5,Fiber optic
6034-YMTOB,No,0.5065,High Risk,75.65,399.45,38.31,Month-to-month,5,0-12 months,Medium Value,Low-Med Value / High Risk,3,Fiber optic
8563-IIOXK,Yes,0.1862,Low Risk,49.75,331.3,9.26,One year,7,0-12 months,Low Value,Low-Med Value / Low Risk,3,DSL
4903-CNOZC,No,0.1081,Low Risk,70.9,1964.6,7.66,One year,29,25-48 months,Medium Value,Low-Med Value / Low Risk,6,DSL
4353-HYOJD,No,0.1162,Low Risk,49.85,1336.15,5.79,Month-to-month,27,25-48 months,Medium Value,Low-Med Value / Low Risk,3,DSL
8020-BWHYL,Yes,0.4837,Medium Risk,75.3,1147.45,36.43,Month-to-month,15,13-24 months,Medium Value,Low-Med Value / Low Risk,3,Fiber optic
7267-FRMJW,No,0.0163,Low Risk,20.1,486.05,0.33,Two year,25,25-48 months,Medium Value,Low-Med Value / Low Risk,1,No
2982-VPSGI,Yes,0.7926,Critical Risk,94.0,1078.9,74.51,Month-to-month,11,0-12 months,Medium Value,Low-Med Value / High Risk,5,Fiber optic
4188-FRABG,No,0.252,Medium Risk,103.05,5925.75,25.97,Month-to-month,57,49+ months,High Value,High Value / Low Risk,8,Fiber optic
8199-ZLLSA,Yes,0.1065,Low Risk,118.35,7804.15,12.6,One year,67,49+ months,High Value,High Value / Low Risk,9,Fiber optic
4128-ETESU,No,0.5184,High Risk,99.7,4747.2,51.69,Month-to-month,47,25-48 months,High Value,High Value / High Risk,6,Fiber optic
0620-DLSLK,No,0.5835,High Risk,81.9,1028.9,47.79,Month-to-month,13,13-24 months,Medium Value,Low-Med Value / High Risk,3,Fiber optic
4625-EWPTF,Yes,0.473,Medium Risk,30.45,226.45,14.4,Month-to-month,8,0-12 months,Low Value,Low-Med Value / Low Risk,2,DSL
5980-NOPLP,Yes,0.594,High Risk,96.1,4364.1,57.09,Month-to-month,44,25-48 months,High Value,High Value / High Risk,5,Fiber optic
3850-OKINF,No,0.0372,Low Risk,66.2,4692.55,2.46,One year,71,49+ months,High Value,High Value / Low Risk,5,DSL
6892-XPFPU,Yes,0.7176,High Risk,104.25,2433.9,74.81,Month-to-month,24,13-24 months,Medium Value,Low-Med Value / High Risk,7,Fiber optic
8010-EZLOU,Yes,0.6626,High Risk,80.2,1217.25,53.14,Month-to-month,15,13-24 months,Medium Value,Low-Med Value / High Risk,4,Fiber optic
1156-ZFYDO,No,0.2433,Low Risk,19.75,19.75,4.8,Month-to-month,1,0-12 months,Low Value,Low-Med Value / Low Risk,1,No
3295-YVUSR,No,0.7317,High Risk,72.6,154.3,53.12,Month-to-month,2,0-12 months,Low Value,Low-Med Value / High Risk,3,Fiber optic
8016-NCFVO,No,0.355,Medium Risk,116.5,6382.55,41.36,Month-to-month,55,49+ months,High Value,High Value / Low Risk,9,Fiber optic
4119-ZYPZY,No,0.1205,Low Risk,106.8,7623.2,12.87,Two year,71,49+ months,High Value,High Value / Low Risk,7,Fiber optic
5549-ZGHFB,No,0.0074,Low Risk,24.95,1261.45,0.19,Two year,50,49+ months,Medium Value,Low-Med Value / Low Risk,2,No
7577-SWIFR,No,0.7912,Critical Risk,89.25,89.25,70.61,Month-to-month,1,0-12 months,Low Value,Low-Med Value / High Risk,4,Fiber optic
0303-WMMRN,No,0.2249,Low Risk,19.25,86.05,4.33,Month-to-month,5,0-12 months,Low Value,Low-Med Value / Low Risk,1,No
6408-OTUBZ,No,0.0768,Low Risk,104.55,6779.05,8.02,One year,66,49+ months,High Value,High Value / Low Risk,8,Fiber optic
5204-HMGYF,No,0.0384,Low Risk,87.2,4345.0,3.35,One year,49,49+ months,High Value,High Value / Low Risk,8,DSL
1078-TDCRN,No,0.6235,High Risk,30.75,82.85,19.17,Month-to-month,3,0-12 months,Low Value,Low-Med Value / High Risk,2,DSL
3727-OVPRY,No,0.0088,Low Risk,25.7,1714.55,0.23,One year,66,49+ months,Medium Value,Low-Med Value / Low Risk,2,No
3797-FKOGQ,No,0.6087,High Risk,86.2,893.2,52.47,Month-to-month,11,0-12 months,Medium Value,Low-Med Value / High Risk,4,Fiber optic
7622-NXQZR,No,0.205,Low Risk,30.1,810.85,6.17,Month-to-month,28,25-48 months,Medium Value,Low-Med Value / Low Risk,2,DSL
6196-HBOBZ,No,0.0854,Low Risk,99.35,6347.55,8.49,Two year,65,49+ months,High Value,High Value / Low Risk,7,Fiber optic
3970-XGJDU,No,0.0047,Low Risk,19.2,1123.65,0.09,Two year,62,49+ months,Medium Value,Low-Med Value / Low Risk,1,No
7017-VFULY,No,0.1758,Low Risk,20.1,43.15,3.53,Month-to-month,2,0-12 months,Low Value,Low-Med Value / Low Risk,1,No
5562-YJQGT,No,0.1666,Low Risk,20.35,35.1,3.39,Month-to-month,2,0-12 months,Low Value,Low-Med Value / Low Risk,1,No
8807-OPMBM,No,0.0075,Low Risk,25.65,1388.0,0.19,Two year,55,49+ months,Medium Value,Low-Med Value / Low Risk,2,No
5439-WIKXB,No,0.5365,High Risk,94.55,3851.45,50.72,Month-to-month,41,25-48 months,High Value,High Value / High Risk,5,Fiber optic
9874-QLCLH,Yes,0.62,High Risk,104.2,1743.5,64.6,Month-to-month,17,13-24 months,Medium Value,Low-Med Value / High Risk,7,Fiber optic
8294-UIMBA,No,0.2637,Medium Risk,94.4,2638.1,24.89,One year,30,25-48 months,Medium Value,Low-Med Value / Low Risk,5,Fiber optic
8109-YUOHE,No,0.0744,Low Risk,56.1,946.95,4.17,One year,17,13-24 months,Medium Value,Low-Med Value / Low Risk,4,DSL
5840-NVDCG,No,0.0303,Low Risk,68.25,1114.85,2.07,Two year,16,13-24 months,Medium Value,Low-Med Value / Low Risk,6,DSL
8092-NLTGF,No,0.0032,Low Risk,24.75,1777.6,0.08,Two year,72,49+ months,Medium Value,Low-Med Value / Low Risk,2,No
5928-QLDHB,No,0.705,High Risk,76.25,684.85,53.75,Month-to-month,9,0-12 months,Medium Value,Low-Med Value / High Risk,3,Fiber optic
9840-EFJQB,No,0.5794,High Risk,74.35,74.35,43.08,Month-to-month,1,0-12 months,Low Value,Low-Med Value / High Risk,3,Fiber optic
0696-UKTOX,No,0.1322,Low Risk,54.15,1312.45,7.16,Month-to-month,23,13-24 months,Medium Value,Low-Med Value / Low Risk,4,DSL
4801-KFYKL,No,0.115,Low Risk,19.45,159.2,2.24,Month-to-month,8,0-12 months,Low Value,Low-Med Value / Low Risk,1,No
3472-OAOOR,No,0.2198,Low Risk,34.95,610.2,7.68,Month-to-month,19,13-24 months,Medium Value,Low-Med Value / Low Risk,3,DSL
6135-OZQVA,No,0.4307,Medium Risk,53.65,404.35,23.11,Month-to-month,7,0-12 months,Medium Value,Low-Med Value / Low Risk,4,DSL
8062-YBDOE,Yes,0.7361,High Risk,69.65,69.65,51.27,Month-to-month,1,0-12 months,Low Value,Low-Med Value / High Risk,2,Fiber optic
2252-JHJGE,No,0.1801,Low Risk,104.0,6363.45,18.73,One year,61,49+ months,High Value,High Value / Low Risk,7,Fiber optic
4188-PCPIG,No,0.0129,Low Risk,70.35,4124.65,0.91,Two year,57,49+ months,High Value,High Value / Low Risk,6,DSL
6000-APYLU,Yes,0.6943,High Risk,80.8,713.1,56.1,Month-to-month,9,0-12 months,Medium Value,Low-Med Value / High Risk,3,Fiber optic
7105-BENQF,No,0.0938,Low Risk,64.85,950.75,6.08,One year,15,13-24 months,Medium Value,Low-Med Value / Low Risk,5,DSL
7721-DVEKZ,No,0.1907,Low Risk,19.65,19.65,3.75,Month-to-month,1,0-12 months,Low Value,Low-Med Value / Low Risk,1,No
3566-VVORZ,No,0.2428,Low Risk,45.9,505.95,11.14,Month-to-month,12,0-12 months,Medium Value,Low-Med Value / Low Risk,2,DSL
9507-HSMMZ,No,0.0055,Low Risk,20.0,1149.65,0.11,Two year,54,49+ months,Medium Value,Low-Med Value / Low Risk,1,No
2480-SQIOB,No,0.3514,Medium Risk,44.8,169.65,15.74,Month-to-month,4,0-12 months,Low Value,Low-Med Value / Low Risk,2,DSL
0947-IDHRQ,Yes,0.6354,High Risk,80.3,526.7,51.03,Month-to-month,7,0-12 months,Medium Value,Low-Med Value / High Risk,3,Fiber optic
7813-TKCVO,No,0.0469,Low Risk,20.35,393.15,0.95,One year,20,13-24 months,Low Value,Low-Med Value / Low Risk,1,No
0128-MKWSG,No,0.1294,Low Risk,45.8,1147.0,5.93,Month-to-month,26,25-48 months,Medium Value,Low-Med Value / Low Risk,4,DSL
3672-YITQD,Yes,0.6126,High Risk,84.1,3021.6,51.52,Month-to-month,36,25-48 months,Medium Value,Low-Med Value / High Risk,4,Fiber optic
4350-ZTLPI,No,0.1992,Low Risk,108.95,5718.2,21.7,One year,53,49+ months,High Value,High Value / Low Risk,8,Fiber optic
9048-JVYVF,Yes,0.5222,High Risk,69.35,191.35,36.22,Month-to-month,3,0-12 months,Low Value,Low-Med Value / High Risk,5,DSL
0361-HJRDX,No,0.0116,Low Risk,64.35,4539.6,0.75,Two year,68,49+ months,High Value,High Value / Low Risk,7,DSL
5727-MYATE,No,0.013,Low Risk,90.8,6397.6,1.18,Two year,72,49+ months,High Value,High Value / Low Risk,9,DSL
3823-KYNQY,No,0.08,Low Risk,24.95,280.4,2.0,One year,12,0-12 months,Low Value,Low-Med Value / Low Risk,2,No
8988-ECPJR,Yes,0.3836,Medium Risk,79.6,2718.3,30.53,Month-to-month,34,25-48 months,Medium Value,Low-Med Value / Low Risk,4,Fiber optic
7570-WELNY,No,0.0371,Low Risk,84.7,5711.05,3.14,Two year,68,49+ months,High Value,High Value / Low Risk,5,Fiber optic
3021-VLNRJ,No,0.0261,Low Risk,70.8,3478.15,1.85,One year,50,49+ months,Medium Value,Low-Med Value / Low Risk,6,DSL
3776-EKTKM,Yes,0.7229,High Risk,36.45,36.45,26.35,Month-to-month,1,0-12 months,Low Value,Low-Med Value / High Risk,2,DSL
2080-CAZNM,No,0.6023,High Risk,104.4,4133.95,62.88,Month-to-month,41,25-48 months,High Value,High Value / High Risk,7,Fiber optic
1028-FFNJK,No,0.6322,High Risk,101.5,2917.65,64.17,Month-to-month,30,25-48 months,Medium Value,Low-Med Value / High Risk,6,Fiber optic
6907-FLBER,No,0.459,Medium Risk,54.3,54.3,24.92,Month-to-month,1,0-12 months,Low Value,Low-Med Value / Low Risk,4,DSL
3001-UNBTL,No,0.6609,High Risk,103.95,2964.8,68.7,Month-to-month,29,25-48 months,Medium Value,Low-Med Value / High Risk,6,Fiber optic
5982-PSMKW,No,0.0559,Low Risk,91.1,2198.3,5.09,Two year,23,13-24 months,Medium Value,Low-Med Value / Low Risk,9,DSL
3507-GASNP,No,0.0032,Low Risk,19.95,1189.9,0.06,Two year,60,49+ months,Medium Value,Low-Med Value / Low Risk,1,No
7096-ZNBZI,No,0.003,Low Risk,26.45,1914.5,0.08,Two year,72,49+ months,Medium Value,Low-Med Value / Low Risk,2,No
1902-XBTFB,Yes,0.5088,High Risk,89.4,2001.5,45.48,Month-to-month,22,13-24 months,Medium Value,Low-Med Value / High Risk,5,Fiber optic
1676-MQAOA,No,0.008,Low Risk,75.1,5336.35,0.6,Two year,72,49+ months,High Value,High Value / Low Risk,7,DSL
0786-IVLAW,No,0.1617,Low Risk,108.1,7238.6,17.48,One year,66,49+ months,High Value,High Value / Low Risk,7,Fiber optic
7566-DSRLQ,No,0.1083,Low Risk,110.15,7998.8,11.92,Two year,72,49+ months,High Value,High Value / Low Risk,8,Fiber optic
0643-OKLRP,Yes,0.2737,Medium Risk,80.35,3825.85,21.99,Month-to-month,47,25-48 months,High Value,High Value / Low Risk,4,Fiber optic
7245-JMTTQ,No,0.273,Medium Risk,111.5,5703.25,30.43,One year,51,49+ months,High Value,High Value / Low Risk,8,Fiber optic
6050-IJRHS,No,0.2001,Low Risk,106.5,7397.0,21.31,One year,70,49+ months,High Value,High Value / Low Risk,7,Fiber optic
6202-JVYEU,No,0.1403,Low Risk,19.9,164.6,2.79,One year,9,0-12 months,Low Value,Low-Med Value / Low Risk,1,No
8591-TKMZH,No,0.063,Low Risk,111.1,6555.2,7.0,Two year,59,49+ months,High Value,High Value / Low Risk,8,Fiber optic
0734-OXWBT,No,0.3025,Medium Risk,70.7,225.65,21.39,Month-to-month,3,0-12 months,Low Value,Low-Med Value / Low Risk,5,DSL
4282-ACRXS,No,0.2953,Medium Risk,24.85,955.75,7.34,Month-to-month,38,25-48 months,Medium Value,Low-Med Value / Low Risk,1,DSL
0365-TRTPY,No,0.2062,Low Risk,91.2,3382.3,18.8,Month-to-month,37,25-48 months,Medium Value,Low-Med Value / Low Risk,6,Fiber optic
7349-ALMUX,No,0.0129,Low Risk,65.6,2313.8,0.85,Two year,37,25-48 months,Medium Value,Low-Med Value / Low Risk,6,DSL
9381-NDKME,Yes,0.3933,Medium Risk,40.65,933.3,15.99,Month-to-month,24,13-24 months,Medium Value,Low-Med Value / Low Risk,3,DSL
6502-KUGLL,No,0.0866,Low Risk,59.45,780.85,5.15,Month-to-month,14,13-24 months,Medium Value,Low-Med Value / Low Risk,5,DSL
1841-YSJGV,No,0.0512,Low Risk,109.95,7852.4,5.63,Two year,72,49+ months,High Value,High Value / Low Risk,8,Fiber optic
2794-XIMMO,Yes,0.1072,Low Risk,60.45,3184.25,6.48,One year,53,49+ months,Medium Value,Low-Med Value / Low Risk,6,DSL
8382-SHQEH,Yes,0.7659,Critical Risk,84.9,764.95,65.02,Month-to-month,8,0-12 months,Medium Value,Low-Med Value / High Risk,4,Fiber optic
3511-BFTJW,No,0.005,Low Risk,38.5,2763.0,0.19,Two year,72,49+ months,Medium Value,Low-Med Value / Low Risk,4,DSL
7668-XCFYV,No,0.7908,Critical Risk,92.55,1614.7,73.18,Month-to-month,17,13-24 months,Medium Value,Low-Med Value / High Risk,5,Fiber optic
2983-ZANRP,Yes,0.5213,High Risk,73.55,145.4,38.34,Month-to-month,2,0-12 months,Low Value,Low-Med Value / High Risk,3,Fiber optic
7845-URHJN,Yes,0.1386,Low Risk,20.15,156.25,2.79,Month-to-month,8,0-12 months,Low Value,Low-Med Value / Low Risk,1,No
3034-ZBEQN,Yes,0.0481,Low Risk,34.7,1604.5,1.67,One year,48,25-48 months,Medium Value,Low-Med Value / Low Risk,3,DSL
5018-HEKFO,No,0.2332,Low Risk,24.5,270.15,5.71,Month-to-month,10,0-12 months,Low Value,Low-Med Value / Low Risk,2,No
2923-ARZLG,No,0.1296,Low Risk,19.7,0.0,2.55,One year,0,0-12 months,Low Value,Low-Med Value / Low Risk,1,No
3976-NLDEZ,No,0.1913,Low Risk,20.6,20.6,3.94,Month-to-month,1,0-12 months,Low Value,Low-Med Value / Low Risk,1,No
2282-YGNOR,No,0.0368,Low Risk,58.0,1734.5,2.14,One year,29,25-48 months,Medium Value,Low-Med Value / Low Risk,5,DSL
5336-UFNZP,No,0.2529,Medium Risk,107.45,7047.5,27.17,One year,65,49+ months,High Value,High Value / Low Risk,7,Fiber optic
6854-EXGSF,No,0.2844,Medium Risk,65.5,573.15,18.63,Month-to-month,8,0-12 months,Medium Value,Low-Med Value / Low Risk,6,DSL
1241-EZFMJ,No,0.0053,Low Risk,25.45,1538.6,0.13,Two year,61,49+ months,Medium Value,Low-Med Value / Low Risk,2,No
9233-PSYHO,No,0.3498,Medium Risk,100.15,4459.8,35.03,One year,45,25-48 months,High Value,High Value / Low Risk,6,Fiber optic
5376-PCKNB,No,0.1379,Low Risk,104.45,7459.0,14.4,One year,72,49+ months,High Value,High Value / Low Risk,7,Fiber optic
8044-BGWPI,No,0.1868,Low Risk,21.15,306.05,3.95,Month-to-month,12,0-12 months,Low Value,Low-Med Value / Low Risk,1,No
4060-LDNLU,No,0.7376,High Risk,96.2,639.7,70.96,Month-to-month,7,0-12 months,Medium Value,Low-Med Value / High Risk,5,Fiber optic
3589-PPVKW,No,0.3641,Medium Risk,44.4,348.15,16.17,Month-to-month,9,0-12 months,Low Value,Low-Med Value / Low Risk,2,DSL
8327-LZKAS,Yes,0.3731,Medium Risk,107.55,4533.9,40.13,One year,43,25-48 months,High Value,High Value / Low Risk,7,Fiber optic
5887-IKKYO,No,0.05,Low Risk,94.35,5563.65,4.72,Two year,58,49+ months,High Value,High Value / Low Risk,6,Fiber optic
1075-BGWOH,Yes,0.7909,Critical Risk,98.75,1587.55,78.1,Month-to-month,16,13-24 months,Medium Value,Low-Med Value / High Risk,6,Fiber optic
1755-RMCXH,No,0.1561,Low Risk,20.3,40.25,3.17,Month-to-month,2,0-12 months,Low Value,Low-Med Value / Low Risk,1,No
0302-JOIVN,Yes,0.6287,High Risk,101.15,842.9,63.59,Month-to-month,8,0-12 months,Medium Value,Low-Med Value / High Risk,6,Fiber optic
3858-XHYJO,No,0.206,Low Risk,105.75,4228.55,21.79,One year,40,25-48 months,High Value,High Value / Low Risk,7,Fiber optic
4299-SIMNS,No,0.6152,High Risk,81.15,784.45,49.93,Month-to-month,9,0-12 months,Medium Value,Low-Med Value / High Risk,4,Fiber optic
7025-IWFHT,No,0.2084,Low Risk,89.55,3729.75,18.67,One year,41,25-48 months,Medium Value,Low-Med Value / Low Risk,5,Fiber optic
6261-LHRTG,No,0.1778,Low Risk,54.75,1406.9,9.73,Month-to-month,26,25-48 months,Medium Value,Low-Med Value / Low Risk,4,DSL
7841-FCRQD,No,0.059,Low Risk,53.75,1857.3,3.17,One year,33,25-48 months,Medium Value,Low-Med Value / Low Risk,4,DSL
2056-EVGZL,No,0.0621,Low Risk,105.75,7322.5,6.57,One year,68,49+ months,High Value,High Value / Low Risk,7,Fiber optic
8777-MBMTS,No,0.0681,Low Risk,105.85,6725.5,7.21,Two year,65,49+ months,High Value,High Value / Low Risk,7,Fiber optic
7753-USQYQ,No,0.0544,Low Risk,64.2,3627.3,3.49,One year,55,49+ months,Medium Value,Low-Med Value / Low Risk,5,DSL
5366-IJEQJ,Yes,0.686,High Risk,88.7,1761.45,60.85,Month-to-month,20,13-24 months,Medium Value,Low-Med Value / High Risk,5,Fiber optic
7661-CPURM,No,0.2744,Medium Risk,87.7,1725.95,24.07,One year,19,13-24 months,Medium Value,Low-Med Value / Low Risk,4,Fiber optic
6233-HXJMX,No,0.4064,Medium Risk,89.3,4192.15,36.29,Month-to-month,45,25-48 months,High Value,High Value / Low Risk,5,Fiber optic
5902-WBLSE,No,0.0027,Low Risk,20.15,1411.2,0.05,Two year,70,49+ months,Medium Value,Low-Med Value / Low Risk,1,No
1981-INRFU,Yes,0.7406,High Risk,79.75,164.5,59.06,Month-to-month,2,0-12 months,Low Value,Low-Med Value / High Risk,3,Fiber optic
4971-PUYQO,Yes,0.637,High Risk,94.55,2724.6,60.23,Month-to-month,27,25-48 months,Medium Value,Low-Med Value / High Risk,5,Fiber optic
3239-TPHPZ,No,0.0704,Low Risk,20.05,264.55,1.41,Two year,12,0-12 months,Low Value,Low-Med Value / Low Risk,1,No
5115-GZDEL,No,0.0076,Low Risk,67.2,4671.7,0.51,Two year,72,49+ months,High Value,High Value / Low Risk,7,DSL
3338-CVVEH,No,0.7174,High Risk,94.55,1173.55,67.83,Month-to-month,12,0-12 months,Medium Value,Low-Med Value / High Risk,5,Fiber optic
8485-GJCDN,Yes,0.6357,High Risk,69.05,318.5,43.9,Month-to-month,5,0-12 months,Low Value,Low-Med Value / High Risk,2,Fiber optic
2615-YVMYX,No,0.346,Medium Risk,107.5,7713.55,37.2,Month-to-month,71,49+ months,High Value,High Value / Low Risk,8,Fiber optic
2851-STERV,No,0.1707,Low Risk,73.0,2471.25,12.46,One year,35,25-48 months,Medium Value,Low-Med Value / Low Risk,6,DSL
4393-GEADV,No,0.0306,Low Risk,114.75,7842.3,3.52,Two year,70,49+ months,High Value,High Value / Low Risk,9,Fiber optic
8486-AYEQH,No,0.522,High Risk,76.05,2227.8,39.7,Month-to-month,31,25-48 months,Medium Value,Low-Med Value / High Risk,3,Fiber optic
1527-SXDPN,Yes,0.0806,Low Risk,96.25,4990.25,7.76,Two year,52,49+ months,High Value,High Value / Low Risk,6,Fiber optic
6029-WTIPC,Yes,0.6672,High Risk,101.1,3744.05,67.46,Month-to-month,37,25-48 months,Medium Value,Low-Med Value / High Risk,6,Fiber optic
8634-CILSZ,Yes,0.1381,Low Risk,104.7,7220.35,14.46,One year,69,49+ months,High Value,High Value / Low Risk,7,Fiber optic
5419-JKZNQ,No,0.4108,Medium Risk,77.9,2351.45,32.0,Month-to-month,30,25-48 months,Medium Value,Low-Med Value / Low Risk,3,Fiber optic
2495-KZNFB,No,0.4909,Medium Risk,90.65,2989.6,44.5,Month-to-month,33,25-48 months,Medium Value,Low-Med Value / Low Risk,5,Fiber optic
1409-PHXTF,No,0.1861,Low Risk,110.45,6077.75,20.56,Two year,54,49+ months,High Value,High Value / Low Risk,8,Fiber optic
4560-WQAQW,No,0.0246,Low Risk,68.7,4070.95,1.69,One year,59,49+ months,High Value,High Value / Low Risk,6,DSL
9591-YVTEB,No,0.1432,Low Risk,44.85,2479.05,6.42,Month-to-month,55,49+ months,Medium Value,Low-Med Value / Low Risk,4,DSL
9309-BZGNT,No,0.0346,Low Risk,29.8,2134.3,1.03,One year,69,49+ months,Medium Value,Low-Med Value / Low Risk,2,DSL
4274-DRSQT,No,0.1405,Low Risk,88.9,6000.1,12.49,One year,66,49+ months,High Value,High Value / Low Risk,5,Fiber optic
2027-DNKIV,No,0.036,Low Risk,58.75,2203.1,2.12,One year,37,25-48 months,Medium Value,Low-Med Value / Low Risk,5,DSL
8075-GXIUB,No,0.0811,Low Risk,19.85,183.15,1.61,One year,9,0-12 months,Low Value,Low-Med Value / Low Risk,1,No
2885-HIJDH,No,0.0122,Low Risk,86.9,6194.1,1.06,Two year,69,49+ months,High Value,High Value / Low Risk,8,DSL
5424-RLQLC,No,0.377,Medium Risk,59.65,638.95,22.49,Month-to-month,10,0-12 months,Medium Value,Low-Med Value / Low Risk,4,DSL
6682-QJDGB,Yes,0.071,Low Risk,55.25,2139.2,3.92,Month-to-month,40,25-48 months,Medium Value,Low-Med Value / Low Risk,4,DSL
6507-DTJZV,No,0.2796,Medium Risk,66.4,831.75,18.57,Month-to-month,13,13-24 months,Medium Value,Low-Med Value / Low Risk,4,DSL
8780-IXSTS,Yes,0.7368,High Risk,90.1,521.3,66.39,Month-to-month,6,0-12 months,Medium Value,Low-Med Value / High Risk,5,Fiber optic
7673-BQGKU,No,0.002,Low Risk,20.15,1337.5,0.04,Two year,69,49+ months,Medium Value,Low-Med Value / Low Risk,1,No
6723-WSNTY,No,0.169,Low Risk,108.1,7181.95,18.27,One year,66,49+ months,High Value,High Value / Low Risk,8,Fiber optic
9530-EHPOH,Yes,0.4005,Medium Risk,53.75,608.0,21.53,Month-to-month,11,0-12 months,Medium Value,Low-Med Value / Low Risk,4,DSL
2725-IWWBA,No,0.018,Low Risk,56.9,2560.1,1.02,One year,46,25-48 months,Medium Value,Low-Med Value / Low Risk,5,DSL
0345-HKJVM,Yes,0.6897,High Risk,89.3,577.6,61.59,Month-to-month,6,0-12 months,Medium Value,Low-Med Value / High Risk,4,Fiber optic
1061-PNTHC,No,0.2278,Low Risk,109.6,5953.0,24.97,Month-to-month,56,49+ months,High Value,High Value / Low Risk,8,Fiber optic
0394-YONDK,No,0.0027,Low Risk,25.15,1790.15,0.07,Two year,70,49+ months,Medium Value,Low-Med Value / Low Risk,2,No
6574-MCOEH,No,0.1721,Low Risk,79.15,2531.4,13.62,One year,33,25-48 months,Medium Value,Low-Med Value / Low Risk,7,DSL
7399-QHBJS,No,0.004,Low Risk,66.75,4760.3,0.27,Two year,72,49+ months,High Value,High Value / Low Risk,6,DSL
3049-SOLAY,Yes,0.8243,Critical Risk,95.2,292.85,78.47,Month-to-month,3,0-12 months,Low Value,Low-Med Value / High Risk,5,Fiber optic
0997-YTLNY,No,0.1289,Low Risk,48.8,953.65,6.29,Month-to-month,19,13-24 months,Medium Value,Low-Med Value / Low Risk,3,DSL
3317-HRTNN,Yes,0.6582,High Risk,45.7,198.0,30.08,Month-to-month,5,0-12 months,Low Value,Low-Med Value / High Risk,3,DSL
9479-HYNYL,No,0.0165,Low Risk,80.7,5705.05,1.33,Two year,71,49+ months,High Value,High Value / Low Risk,7,DSL
3235-ETOOB,Yes,0.5611,High Risk,74.5,609.9,41.8,Month-to-month,8,0-12 months,Medium Value,Low-Med Value / High Risk,3,Fiber optic
9708-KFDBY,No,0.1758,Low Risk,20.55,20.55,3.61,Month-to-month,1,0-12 months,Low Value,Low-Med Value / Low Risk,1,No
8058-INTPH,Yes,0.7469,High Risk,79.65,79.65,59.49,Month-to-month,1,0-12 months,Low Value,Low-Med Value / High Risk,3,Fiber optic
3642-GKTCT,No,0.1296,Low Risk,115.1,6993.65,14.92,One year,61,49+ months,High Value,High Value / Low Risk,9,Fiber optic
0774-RMNUW,No,0.008,Low Risk,59.7,4122.65,0.48,Two year,71,49+ months,High Value,High Value / Low Risk,6,DSL
1334-PDUKM,No,0.0652,Low Risk,86.45,5762.95,5.63,One year,68,49+ months,High Value,High Value / Low Risk,5,Fiber optic
0756-MPZRL,No,0.0397,Low Risk,33.7,1537.85,1.34,One year,46,25-48 months,Medium Value,Low-Med Value / Low Risk,3,DSL
2242-MFOTG,No,0.1474,Low Risk,80.1,2603.3,11.81,One year,33,25-48 months,Medium Value,Low-Med Value / Low Risk,4,Fiber optic
2927-CVULT,No,0.0504,Low Risk,104.05,5566.4,5.24,Two year,53,49+ months,High Value,High Value / Low Risk,8,Fiber optic
2144-BFDSO,No,0.2919,Medium Risk,108.75,5431.9,31.74,Month-to-month,50,49+ months,High Value,High Value / Low Risk,8,Fiber optic
8745-PVESG,No,0.0241,Low Risk,41.1,2258.25,0.99,One year,57,49+ months,Medium Value,Low-Med Value / Low Risk,4,DSL
7647-GYYKX,No,0.0058,Low Risk,20.35,1092.35,0.12,Two year,54,49+ months,Medium Value,Low-Med Value / Low Risk,1,No
5647-FXOTP,No,0.4914,Medium Risk,105.9,6401.25,52.04,Month-to-month,60,49+ months,High Value,High Value / Low Risk,7,Fiber optic
5569-OUICF,Yes,0.5463,High Risk,101.3,2812.2,55.34,Month-to-month,28,25-48 months,Medium Value,Low-Med Value / High Risk,6,Fiber optic
8821-XNHVZ,Yes,0.636,High Risk,80.05,80.05,50.91,Month-to-month,1,0-12 months,Low Value,Low-Med Value / High Risk,3,Fiber optic
2082-OJVTK,Yes,0.5806,High Risk,89.2,2698.35,51.79,Month-to-month,29,25-48 months,Medium Value,Low-Med Value / High Risk,5,Fiber optic
9700-ISPUP,No,0.3073,Medium Risk,65.5,616.9,20.13,Month-to-month,10,0-12 months,Medium Value,Low-Med Value / Low Risk,5,DSL
9839-ETQOE,No,0.1244,Low Risk,40.45,1912.85,5.03,Month-to-month,43,25-48 months,Medium Value,Low-Med Value / Low Risk,4,DSL
6078-VESFR,No,0.4628,Medium Risk,70.45,849.1,32.6,Month-to-month,13,13-24 months,Medium Value,Low-Med Value / Low Risk,2,Fiber optic
9027-TMATR,No,0.0484,Low Risk,78.8,3460.3,3.81,Two year,43,25-48 months,Medium Value,Low-Med Value / Low Risk,7,DSL
5940-NFXKV,Yes,0.6462,High Risk,83.65,1465.75,54.05,Month-to-month,19,13-24 months,Medium Value,Low-Med Value / High Risk,4,Fiber optic
1941-HOSAM,No,0.7525,Critical Risk,90.1,90.1,67.8,Month-to-month,1,0-12 months,Low Value,Low-Med Value / High Risk,4,Fiber optic
9110-HSGTV,No,0.0131,Low Risk,82.45,5555.3,1.08,Two year,69,49+ months,High Value,High Value / Low Risk,7,DSL
0704-VCUMB,No,0.0035,Low Risk,20.25,1278.8,0.07,Two year,61,49+ months,Medium Value,Low-Med Value / Low Risk,1,No
6171-ZTVYB,No,0.055,Low Risk,66.25,2907.35,3.64,Month-to-month,43,25-48 months,Medium Value,Low-Med Value / Low Risk,6,DSL
8053-WWDRO,Yes,0.1525,Low Risk,19.5,146.3,2.97,Month-to-month,6,0-12 months,Low Value,Low-Med Value / Low Risk,1,No
9564-KCLHR,Yes,0.2696,Medium Risk,51.25,51.25,13.82,Month-to-month,1,0-12 months,Low Value,Low-Med Value / Low Risk,3,DSL
1935-IMVBB,No,0.2655,Medium Risk,89.7,4952.95,23.82,Month-to-month,56,49+ months,High Value,High Value / Low Risk,4,Fiber optic
2535-PBCGC,No,0.011,Low Risk,64.55,4504.9,0.71,Two year,70,49+ months,High Value,High Value / Low Risk,7,DSL
2082-CEFLT,Yes,0.518,High Risk,45.6,45.6,23.62,Month-to-month,1,0-12 months,Low Value,Low-Med Value / High Risk,2,DSL
1470-PSXNM,No,0.2442,Low Risk,93.65,4520.15,22.87,One year,49,49+ months,High Value,High Value / Low Risk,6,Fiber optic
1213-NGCUN,Yes,0.2908,Medium Risk,49.65,267.35,14.44,Month-to-month,6,0-12 months,Low Value,Low-Med Value / Low Risk,3,DSL
2498-XLDZR,No,0.0183,Low Risk,73.6,2316.85,1.34,Two year,32,25-48 months,Medium Value,Low-Med Value / Low Risk,7,DSL
9866-OCCKE,No,0.0758,Low Risk,109.75,8075.35,8.32,Two year,72,49+ months,High Value,High Value / Low Risk,8,Fiber optic
5338-YHWYT,No,0.0102,Low Risk,61.45,2302.35,0.63,Two year,37,25-48 months,Medium Value,Low-Med Value / Low Risk,5,DSL
7718-UPSKJ,No,0.069,Low Risk,106.4,7251.9,7.34,One year,69,49+ months,High Value,High Value / Low Risk,7,Fiber optic
8731-WBBMB,No,0.1595,Low Risk,81.9,2078.55,13.06,Month-to-month,26,25-48 months,Medium Value,Low-Med Value / Low Risk,7,DSL
1448-CYWKC,No,0.1918,Low Risk,105.2,6225.4,20.18,One year,58,49+ months,High Value,High Value / Low Risk,7,Fiber optic
7901-IIDQV,No,0.088,Low Risk,54.6,1242.25,4.8,One year,24,13-24 months,Medium Value,Low-Med Value / Low Risk,4,DSL
2690-DVRVK,No,0.0989,Low Risk,20.55,99.45,2.03,One year,5,0-12 months,Low Value,Low-Med Value / Low Risk,1,No
5688-KZTSN,Yes,0.1669,Low Risk,20.0,288.05,3.34,Month-to-month,15,13-24 months,Low Value,Low-Med Value / Low Risk,1,No
1270-XKUCC,No,0.0131,Low Risk,19.7,599.25,0.26,Two year,30,25-48 months,Medium Value,Low-Med Value / Low Risk,1,No
0334-ZFJSR,No,0.024,Low Risk,66.05,3462.1,1.59,One year,55,49+ months,Medium Value,Low-Med Value / Low Risk,6,DSL
2894-QOJRX,Yes,0.3686,Medium Risk,34.0,853.0,12.53,Month-to-month,25,25-48 months,Medium Value,Low-Med Value / Low Risk,2,DSL
5747-PMBSQ,Yes,0.5343,High Risk,92.5,934.1,49.43,Month-to-month,10,0-12 months,Medium Value,Low-Med Value / High Risk,6,Fiber optic
5583-EJXRD,No,0.023,Low Risk,54.05,2375.2,1.25,Two year,44,25-48 months,Medium Value,Low-Med Value / Low Risk,6,DSL
4565-EVZMJ,No,0.0264,Low Risk,58.9,2813.05,1.55,One year,47,25-48 months,Medium Value,Low-Med Value / Low Risk,5,DSL
3143-JQEGI,Yes,0.5994,High Risk,88.35,1222.8,52.96,Month-to-month,13,13-24 months,Medium Value,Low-Med Value / High Risk,4,Fiber optic
6386-SZZKH,Yes,0.1063,Low Risk,107.95,5293.2,11.48,Two year,49,49+ months,High Value,High Value / Low Risk,8,Fiber optic
3327-YBAKM,No,0.0994,Low Risk,96.9,6314.35,9.64,One year,64,49+ months,High Value,High Value / Low Risk,6,Fiber optic
9441-QHEVC,No,0.1954,Low Risk,19.1,19.1,3.73,Month-to-month,1,0-12 months,Low Value,Low-Med Value / Low Risk,1,No
6705-LNMDD,No,0.1513,Low Risk,50.0,1003.05,7.56,Month-to-month,20,13-24 months,Medium Value,Low-Med Value / Low Risk,3,DSL
2580-ASVVY,No,0.0422,Low Risk,45.4,1593.1,1.91,Two year,37,25-48 months,Medium Value,Low-Med Value / Low Risk,4,DSL
3370-GQEAL,No,0.4704,Medium Risk,85.45,2509.95,40.19,Month-to-month,30,25-48 months,Medium Value,Low-Med Value / Low Risk,4,Fiber optic
5032-USPKF,No,0.0799,Low Risk,84.1,3187.65,6.72,One year,38,25-48 months,Medium Value,Low-Med Value / Low Risk,8,DSL
2982-IHMFT,Yes,0.7276,High Risk,74.45,74.45,54.17,Month-to-month,1,0-12 months,Low Value,Low-Med Value / High Risk,3,Fiber optic
3521-SYVOR,Yes,0.3101,Medium Risk,64.75,2345.2,20.08,Month-to-month,37,25-48 months,Medium Value,Low-Med Value / Low Risk,4,DSL
4254-QPEDE,No,0.0195,Low Risk,66.25,3330.1,1.29,Two year,52,49+ months,Medium Value,Low-Med Value / Low Risk,7,DSL
6283-GITPX,No,0.0065,Low Risk,76.9,5522.7,0.5,Two year,71,49+ months,High Value,High Value / Low Risk,7,DSL
9526-JAWYF,Yes,0.4397,Medium Risk,89.8,2335.3,39.48,Month-to-month,26,25-48 months,Medium Value,Low-Med Value / Low Risk,5,Fiber optic
0771-CHWSK,No,0.0178,Low Risk,74.6,4798.4,1.33,Two year,66,49+ months,High Value,High Value / Low Risk,7,DSL
9788-HNGUT,No,0.056,Low Risk,116.95,8594.4,6.55,Two year,72,49+ months,High Value,High Value / Low Risk,9,Fiber optic
9495-REDIY,No,0.1277,Low Risk,40.65,970.55,5.19,One year,25,25-48 months,Medium Value,Low-Med Value / Low Risk,3,DSL
5375-XLDOF,No,0.0461,Low Risk,114.35,7665.8,5.27,Two year,69,49+ months,High Value,High Value / Low Risk,9,Fiber optic
1172-VIYBP,No,0.0163,Low Risk,69.7,3686.05,1.13,Two year,53,49+ months,Medium Value,Low-Med Value / Low Risk,6,DSL
5649-VUKMC,Yes,0.3894,Medium Risk,95.5,1115.15,37.19,One year,12,0-12 months,Medium Value,Low-Med Value / Low Risk,5,Fiber optic
6559-PDZLR,No,0.5535,High Risk,98.65,2537.0,54.6,Month-to-month,26,25-48 months,Medium Value,Low-Med Value / High Risk,6,Fiber optic
8992-OBVDG,No,0.2384,Low Risk,61.65,1393.6,14.7,Month-to-month,21,13-24 months,Medium Value,Low-Med Value / Low Risk,4,DSL
4273-MBHYA,No,0.7472,High Risk,89.35,89.35,66.76,Month-to-month,1,0-12 months,Low Value,Low-Med Value / High Risk,4,Fiber optic
4724-WXVWF,No,0.3066,Medium Risk,95.4,4445.3,29.25,Month-to-month,48,25-48 months,High Value,High Value / Low Risk,6,Fiber optic
5701-GUXDC,No,0.0854,Low Risk,35.4,978.6,3.02,One year,26,25-48 months,Medium Value,Low-Med Value / Low Risk,3,DSL
1460-UZPRJ,No,0.0042,Low Risk,19.95,1258.15,0.08,Two year,60,49+ months,Medium Value,Low-Med Value / Low Risk,1,No
6082-GLJIX,No,0.0984,Low Risk,19.25,331.35,1.89,Month-to-month,18,13-24 months,Low Value,Low-Med Value / Low Risk,1,No
5143-EGQFK,Yes,0.4985,Medium Risk,29.65,291.4,14.78,Month-to-month,10,0-12 months,Low Value,Low-Med Value / Low Risk,2,DSL
4919-IKATY,Yes,0.5935,High Risk,84.5,453.75,50.15,Month-to-month,5,0-12 months,Medium Value,Low-Med Value / High Risk,5,Fiber optic
2495-TTHBQ,No,0.1049,Low Risk,20.4,84.75,2.14,One year,4,0-12 months,Low Value,Low-Med Value / Low Risk,1,No
0485-ZBSLN,No,0.0035,Low Risk,24.75,1715.1,0.09,Two year,65,49+ months,Medium Value,Low-Med Value / Low Risk,2,No
3810-PJUHR,No,0.003,Low Risk,25.35,1715.15,0.08,Two year,70,49+ months,Medium Value,Low-Med Value / Low Risk,2,No
9050-QLROH,Yes,0.597,High Risk,90.7,1597.25,54.15,Month-to-month,18,13-24 months,Medium Value,Low-Med Value / High Risk,5,Fiber optic
0847-HGRML,No,0.0028,Low Risk,20.0,1250.1,0.06,Two year,62,49+ months,Medium Value,Low-Med Value / Low Risk,1,No
8232-CTLKO,No,0.0167,Low Risk,59.75,3996.8,1.0,Two year,66,49+ months,High Value,High Value / Low Risk,4,DSL
9227-YBAXE,No,0.0159,Low Risk,82.5,5215.1,1.31,Two year,65,49+ months,High Value,High Value / Low Risk,8,DSL
6168-WFVVF,Yes,0.717,High Risk,70.3,235.5,50.41,Month-to-month,3,0-12 months,Low Value,Low-Med Value / High Risk,2,Fiber optic
9860-LISIZ,No,0.0477,Low Risk,20.35,673.2,0.97,Month-to-month,34,25-48 months,Medium Value,Low-Med Value / Low Risk,1,No
0112-QAWRZ,No,0.572,High Risk,90.8,1442.2,51.94,Month-to-month,16,13-24 months,Medium Value,Low-Med Value / High Risk,5,Fiber optic
0877-SDMBN,Yes,0.205,Low Risk,103.95,5639.05,21.31,One year,54,49+ months,High Value,High Value / Low Risk,7,Fiber optic
2786-GCDPI,No,0.4997,Medium Risk,104.95,5222.35,52.44,Month-to-month,50,49+ months,High Value,High Value / Low Risk,7,Fiber optic
4043-MKDTV,No,0.0767,Low Risk,105.25,7291.75,8.07,Two year,71,49+ months,High Value,High Value / Low Risk,7,Fiber optic
8065-YKXKD,Yes,0.7012,High Risk,74.75,799.65,52.41,Month-to-month,10,0-12 months,Medium Value,Low-Med Value / High Risk,3,Fiber optic
9637-EIHEQ,Yes,0.4189,Medium Risk,50.8,50.8,21.28,Month-to-month,1,0-12 months,Low Value,Low-Med Value / Low Risk,3,DSL
9229-RQABD,No,0.0698,Low Risk,23.75,424.5,1.66,One year,18,13-24 months,Medium Value,Low-Med Value / Low Risk,2,No
8313-KTIHG,No,0.4494,Medium Risk,61.3,249.4,27.55,Month-to-month,4,0-12 months,Low Value,Low-Med Value / Low Risk,4,DSL
5320-BRKGK,No,0.0121,Low Risk,75.8,4415.75,0.92,Two year,58,49+ months,High Value,High Value / Low Risk,7,DSL
6284-KMNUF,No,0.2529,Medium Risk,98.0,5270.6,24.78,One year,56,49+ months,High Value,High Value / Low Risk,6,Fiber optic
9689-PTNPG,Yes,0.742,High Risk,80.25,144.55,59.54,Month-to-month,2,0-12 months,Low Value,Low-Med Value / High Risk,3,Fiber optic
9465-RWMXL,Yes,0.5313,High Risk,78.9,2447.95,41.92,Month-to-month,32,25-48 months,Medium Value,Low-Med Value / High Risk,4,Fiber optic
6229-UOLQL,No,0.0289,Low Risk,52.0,2884.9,1.51,One year,56,49+ months,Medium Value,Low-Med Value / Low Risk,5,DSL
2362-IBOOY,Yes,0.5713,High Risk,84.75,3050.15,48.42,Month-to-month,36,25-48 months,Medium Value,Low-Med Value / High Risk,4,Fiber optic
3137-LUPIX,No,0.4461,Medium Risk,64.4,253.0,28.73,Month-to-month,4,0-12 months,Low Value,Low-Med Value / Low Risk,5,DSL
0843-WTBXE,Yes,0.2685,Medium Risk,85.45,4517.25,22.95,Month-to-month,53,49+ months,High Value,High Value / Low Risk,4,Fiber optic
6143-JQKEA,No,0.3279,Medium Risk,45.8,436.2,15.02,Month-to-month,10,0-12 months,Medium Value,Low-Med Value / Low Risk,2,DSL
8676-OOQEJ,No,0.4381,Medium Risk,30.5,118.4,13.36,Month-to-month,4,0-12 months,Low Value,Low-Med Value / Low Risk,2,DSL
5515-IDEJJ,Yes,0.1632,Low Risk,19.9,19.9,3.25,Month-to-month,1,0-12 months,Low Value,Low-Med Value / Low Risk,1,No
9701-CDXHR,No,0.1801,Low Risk,69.15,3649.6,12.45,Month-to-month,51,49+ months,Medium Value,Low-Med Value / Low Risk,2,Fiber optic
7450-NWRTR,Yes,0.804,Critical Risk,99.45,1200.15,79.95,Month-to-month,12,0-12 months,Medium Value,Low-Med Value / High Risk,6,Fiber optic
8124-NZVGJ,No,0.3751,Medium Risk,49.25,255.6,18.47,One year,6,0-12 months,Low Value,Low-Med Value / Low Risk,4,DSL
2162-FRZAA,No,0.0078,Low Risk,39.35,2395.05,0.31,Two year,63,49+ months,Medium Value,Low-Med Value / Low Risk,4,DSL
5376-DEQCP,Yes,0.6992,High Risk,70.6,70.6,49.36,Month-to-month,1,0-12 months,Low Value,Low-Med Value / High Risk,2,Fiber optic
5118-MUEYH,No,0.3524,Medium Risk,105.1,5083.55,37.04,Month-to-month,48,25-48 months,High Value,High Value / Low Risk,7,Fiber optic
9095-HFAFX,Yes,0.6246,High Risk,81.0,389.6,50.59,Month-to-month,5,0-12 months,Low Value,Low-Med Value / High Risk,3,Fiber optic
5627-TVBPP,No,0.0242,Low Risk,20.1,644.5,0.49,One year,35,25-48 months,Medium Value,Low-Med Value / Low Risk,1,No
2379-ENZGV,Yes,0.6836,High Risk,84.85,523.5,58.0,Month-to-month,6,0-12 months,Medium Value,Low-Med Value / High Risk,4,Fiber optic
3936-QQFLL,No,0.1865,Low Risk,19.75,39.3,3.68,Month-to-month,2,0-12 months,Low Value,Low-Med Value / Low Risk,1,No
2589-AYCRP,No,0.0111,Low Risk,19.75,989.05,0.22,One year,50,49+ months,Medium Value,Low-Med Value / Low Risk,1,No
4067-HLYQI,No,0.3486,Medium Risk,70.4,2406.1,24.54,Month-to-month,33,25-48 months,Medium Value,Low-Med Value / Low Risk,2,Fiber optic
5124-EOGYE,No,0.0154,Low Risk,20.45,638.55,0.32,Two year,31,25-48 months,Medium Value,Low-Med Value / Low Risk,1,No
5057-RKGLH,No,0.0337,Low Risk,20.35,191.1,0.69,Two year,9,0-12 months,Low Value,Low-Med Value / Low Risk,1,No
0292-WEGCH,No,0.154,Low Risk,86.2,4524.05,13.27,Month-to-month,54,49+ months,High Value,High Value / Low Risk,8,DSL
8910-ICHIU,No,0.1276,Low Risk,95.65,4664.2,12.2,One year,46,25-48 months,High Value,High Value / Low Risk,6,Fiber optic
4097-YODCF,No,0.3111,Medium Risk,103.8,3470.8,32.29,One year,34,25-48 months,Medium Value,Low-Med Value / Low Risk,7,Fiber optic
9715-WZCLW,No,0.0916,Low Risk,97.2,6910.3,8.9,Two year,71,49+ months,High Value,High Value / Low Risk,6,Fiber optic
9786-YWNHU,No,0.0045,Low Risk,63.55,4014.2,0.29,Two year,63,49+ months,High Value,High Value / Low Risk,6,DSL
6407-GSJNL,No,0.008,Low Risk,24.95,1288.0,0.2,Two year,51,49+ months,Medium Value,Low-Med Value / Low Risk,2,No
6005-OBZPH,Yes,0.6405,High Risk,89.15,2277.65,57.1,Month-to-month,26,25-48 months,Medium Value,Low-Med Value / High Risk,5,Fiber optic
4049-ZPALD,No,0.0695,Low Risk,99.0,6375.8,6.88,Two year,64,49+ months,High Value,High Value / Low Risk,6,Fiber optic
7932-WPTDS,Yes,0.6872,High Risk,24.8,24.8,17.04,Month-to-month,1,0-12 months,Low Value,Low-Med Value / High Risk,1,DSL
3733-UOCWF,No,0.1025,Low Risk,85.55,5251.75,8.77,One year,61,49+ months,High Value,High Value / Low Risk,5,Fiber optic
6833-JMZYP,No,0.6154,High Risk,94.0,1505.45,57.85,Month-to-month,15,13-24 months,Medium Value,Low-Med Value / High Risk,5,Fiber optic
2722-VOJQL,Yes,0.154,Low Risk,105.65,6903.1,16.27,One year,64,49+ months,High Value,High Value / Low Risk,7,Fiber optic
1310-QRITU,No,0.4192,Medium Risk,50.3,913.3,21.09,Month-to-month,18,13-24 months,Medium Value,Low-Med Value / Low Risk,3,DSL
8961-QDZZJ,No,0.2027,Low Risk,95.0,5535.8,19.26,One year,57,49+ months,High Value,High Value / Low Risk,5,Fiber optic
9715-SBVSU,No,0.0671,Low Risk,61.4,815.55,4.12,Two year,14,13-24 months,Medium Value,Low-Med Value / Low Risk,5,DSL
8490-BXHEO,No,0.5359,High Risk,80.55,1411.65,43.17,Month-to-month,18,13-24 months,Medium Value,Low-Med Value / High Risk,4,Fiber optic
7173-TETGO,No,0.029,Low Risk,78.5,5602.25,2.27,Two year,72,49+ months,High Value,High Value / Low Risk,4,Fiber optic
7929-SKFGK,No,0.042,Low Risk,114.3,8244.3,4.8,Two year,70,49+ months,High Value,High Value / Low Risk,9,Fiber optic
2300-RQGOI,No,0.011,Low Risk,20.05,741.5,0.22,Two year,38,25-48 months,Medium Value,Low-Med Value / Low Risk,1,No
3563-SVYLG,No,0.0036,Low Risk,62.65,4375.8,0.22,Two year,68,49+ months,High Value,High Value / Low Risk,6,DSL
5228-EXCET,Yes,0.6646,High Risk,80.85,1008.7,53.73,Month-to-month,13,13-24 months,Medium Value,Low-Med Value / High Risk,3,Fiber optic
6435-VWCCY,No,0.0655,Low Risk,92.7,5968.4,6.07,Two year,65,49+ months,High Value,High Value / Low Risk,6,Fiber optic
4998-IKFSE,No,0.5937,High Risk,100.45,3096.9,59.64,Month-to-month,30,25-48 months,Medium Value,Low-Med Value / High Risk,6,Fiber optic
8630-QSGXK,No,0.0514,Low Risk,75.2,3901.25,3.86,Two year,51,49+ months,High Value,High Value / Low Risk,6,DSL
2455-USLMV,No,0.3351,Medium Risk,84.75,2613.4,28.4,Month-to-month,31,25-48 months,Medium Value,Low-Med Value / Low Risk,5,Fiber optic
7394-FKDNK,Yes,0.6743,High Risk,89.45,853.1,60.32,Month-to-month,9,0-12 months,Medium Value,Low-Med Value / High Risk,4,Fiber optic
9488-FVZCC,No,0.0092,Low Risk,79.5,5661.7,0.73,Two year,72,49+ months,High Value,High Value / Low Risk,8,DSL
6331-LWDTQ,Yes,0.5165,High Risk,72.15,794.25,37.26,Month-to-month,10,0-12 months,Medium Value,Low-Med Value / High Risk,5,DSL
5995-WWKKG,No,0.0415,Low Risk,19.8,695.05,0.82,One year,37,25-48 months,Medium Value,Low-Med Value / Low Risk,1,No
1597-FZREH,Yes,0.4166,Medium Risk,76.4,160.8,31.83,Month-to-month,2,0-12 months,Low Value,Low-Med Value / Low Risk,6,DSL
7879-CGSFV,No,0.1427,Low Risk,100.9,5552.05,14.4,One year,55,49+ months,High Value,High Value / Low Risk,6,Fiber optic
9921-EZKBY,No,0.3562,Medium Risk,95.3,3275.15,33.95,Month-to-month,33,25-48 months,Medium Value,Low-Med Value / Low Risk,6,Fiber optic
7432-FFVAR,No,0.088,Low Risk,90.95,4236.6,8.0,One year,46,25-48 months,High Value,High Value / Low Risk,5,Fiber optic
7246-ZGQDF,No,0.2099,Low Risk,54.5,54.5,11.44,Month-to-month,1,0-12 months,Low Value,Low-Med Value / Low Risk,4,DSL
7000-WCEVQ,Yes,0.4162,Medium Risk,61.6,1174.35,25.64,Month-to-month,20,13-24 months,Medium Value,Low-Med Value / Low Risk,4,DSL
0727-IWKVK,Yes,0.6047,High Risk,79.9,741.7,48.31,Month-to-month,9,0-12 months,Medium Value,Low-Med Value / High Risk,4,Fiber optic
5959-BELXA,Yes,0.6006,High Risk,96.15,3019.25,57.74,Month-to-month,32,25-48 months,Medium Value,Low-Med Value / High Risk,5,Fiber optic
4456-RHSNB,No,0.2201,Low Risk,49.6,962.9,10.92,Month-to-month,19,13-24 months,Medium Value,Low-Med Value / Low Risk,3,DSL
3512-IZIKN,Yes,0.0065,Low Risk,65.3,4759.75,0.43,Two year,70,49+ months,High Value,High Value / Low Risk,6,DSL
2481-SBOYW,No,0.0056,Low Risk,25.0,1498.35,0.14,Two year,61,49+ months,Medium Value,Low-Med Value / Low Risk,2,No
7109-MFBYV,No,0.2146,Low Risk,45.45,1233.15,9.75,Month-to-month,26,25-48 months,Medium Value,Low-Med Value / Low Risk,2,DSL
1833-TCXKK,No,0.4607,Medium Risk,107.75,4882.8,49.64,Month-to-month,45,25-48 months,High Value,High Value / Low Risk,7,Fiber optic
1832-PEUTS,No,0.078,Low Risk,89.1,5411.65,6.95,Two year,62,49+ months,High Value,High Value / Low Risk,5,Fiber optic
6141-OOXUQ,Yes,0.1939,Low Risk,19.65,19.65,3.81,Month-to-month,1,0-12 months,Low Value,Low-Med Value / Low Risk,1,No
8660-BUETV,No,0.3332,Medium Risk,44.75,148.05,14.91,Month-to-month,3,0-12 months,Low Value,Low-Med Value / Low Risk,2,DSL
0580-PIQHM,No,0.1496,Low Risk,101.6,3930.55,15.2,One year,41,25-48 months,High Value,High Value / Low Risk,7,Fiber optic
5696-CEIQJ,No,0.0351,Low Risk,103.15,6895.5,3.62,Two year,67,49+ months,High Value,High Value / Low Risk,7,Fiber optic
7503-ZGUZJ,Yes,0.7458,High Risk,84.65,84.65,63.14,Month-to-month,1,0-12 months,Low Value,Low-Med Value / High Risk,4,Fiber optic
1696-HXOWK,No,0.0687,Low Risk,95.65,6856.95,6.57,One year,71,49+ months,High Value,High Value / Low Risk,6,Fiber optic
3026-ATZYV,No,0.0483,Low Risk,75.1,2658.8,3.63,One year,37,25-48 months,Medium Value,Low-Med Value / Low Risk,6,DSL
4012-YCFAI,No,0.0091,Low Risk,61.35,3766.2,0.56,Two year,60,49+ months,Medium Value,Low-Med Value / Low Risk,5,DSL
2506-TNFCO,Yes,0.7365,High Risk,69.55,69.55,51.23,Month-to-month,1,0-12 months,Low Value,Low-Med Value / High Risk,2,Fiber optic
9970-QBCDA,No,0.1442,Low Risk,19.7,129.55,2.84,Month-to-month,6,0-12 months,Low Value,Low-Med Value / Low Risk,1,No
8718-PTMEZ,Yes,0.4708,Medium Risk,31.05,347.25,14.62,Month-to-month,13,13-24 months,Low Value,Low-Med Value / Low Risk,2,DSL
9496-IVVRP,No,0.1514,Low Risk,51.0,581.7,7.72,Month-to-month,11,0-12 months,Medium Value,Low-Med Value / Low Risk,3,DSL
2207-OBZNX,Yes,0.2871,Medium Risk,51.0,354.05,14.64,Month-to-month,7,0-12 months,Low Value,Low-Med Value / Low Risk,3,DSL
2657-VPXTA,No,0.7003,High Risk,88.85,929.45,62.22,Month-to-month,10,0-12 months,Medium Value,Low-Med Value / High Risk,4,Fiber optic
6551-VLJMV,No,0.0124,Low Risk,20.05,679.0,0.25,Two year,34,25-48 months,Medium Value,Low-Med Value / Low Risk,1,No
1221-GHZEP,No,0.0122,Low Risk,65.1,3846.75,0.79,Two year,62,49+ months,High Value,High Value / Low Risk,5,DSL
9289-LBQVU,No,0.0415,Low Risk,70.15,4480.7,2.91,One year,64,49+ months,High Value,High Value / Low Risk,6,DSL
6142-VSJQO,Yes,0.375,Medium Risk,44.35,44.35,16.63,Month-to-month,1,0-12 months,Low Value,Low-Med Value / Low Risk,2,DSL
3458-IDMFK,No,0.0289,Low Risk,20.75,499.4,0.6,Two year,25,25-48 months,Medium Value,Low-Med Value / Low Risk,1,No
6933-FHBZC,No,0.1085,Low Risk,56.05,1553.2,6.08,One year,26,25-48 months,Medium Value,Low-Med Value / Low Risk,4,DSL
0221-NAUXK,No,0.0789,Low Risk,19.95,219.5,1.57,One year,10,0-12 months,Low Value,Low-Med Value / Low Risk,1,No
9770-KXGQU,No,0.1117,Low Risk,98.6,5311.85,11.01,One year,53,49+ months,High Value,High Value / Low Risk,7,Fiber optic
6437-UKHMV,Yes,0.7094,High Risk,79.7,586.05,56.54,Month-to-month,7,0-12 months,Medium Value,Low-Med Value / High Risk,3,Fiber optic
6538-POCHL,No,0.3107,Medium Risk,79.0,2576.8,24.54,Month-to-month,33,25-48 months,Medium Value,Low-Med Value / Low Risk,4,Fiber optic
6726-NNFWD,No,0.0399,Low Risk,89.45,6435.25,3.57,Two year,71,49+ months,High Value,High Value / Low Risk,5,Fiber optic
3002-WQZWT,No,0.5421,High Risk,74.2,1993.25,40.22,Month-to-month,29,25-48 months,Medium Value,Low-Med Value / High Risk,3,Fiber optic
4277-UDIEF,No,0.1535,Low Risk,81.0,1923.85,12.44,Month-to-month,24,13-24 months,Medium Value,Low-Med Value / Low Risk,7,DSL
1208-NBVFH,No,0.2846,Medium Risk,49.6,939.8,14.12,Month-to-month,20,13-24 months,Medium Value,Low-Med Value / Low Risk,3,DSL
4912-PIGUY,No,0.7973,Critical Risk,84.6,84.6,67.45,Month-to-month,1,0-12 months,Low Value,Low-Med Value / High Risk,4,Fiber optic
1114-CENIM,Yes,0.0792,Low Risk,55.0,3092.65,4.35,Month-to-month,54,49+ months,Medium Value,Low-Med Value / Low Risk,4,DSL
6060-DRTNL,Yes,0.6775,High Risk,84.85,415.55,57.48,Month-to-month,5,0-12 months,Medium Value,Low-Med Value / High Risk,4,Fiber optic
2725-TTRIQ,No,0.0147,Low Risk,84.2,5986.55,1.24,Two year,72,49+ months,High Value,High Value / Low Risk,8,DSL
3374-TTZTK,No,0.0917,Low Risk,106.3,5487.0,9.75,Two year,52,49+ months,High Value,High Value / Low Risk,8,Fiber optic
8990-ZXLSU,No,0.5566,High Risk,69.05,651.5,38.44,Month-to-month,9,0-12 months,Medium Value,Low-Med Value / High Risk,2,Fiber optic
2275-RBYQS,No,0.436,Medium Risk,45.4,45.4,19.8,Month-to-month,1,0-12 months,Low Value,Low-Med Value / Low Risk,2,DSL
8473-VUVJN,Yes,0.7907,Critical Risk,73.65,73.65,58.24,Month-to-month,1,0-12 months,Low Value,Low-Med Value / High Risk,3,Fiber optic
6289-CPNLD,Yes,0.1023,Low Risk,73.9,2405.05,7.56,One year,33,25-48 months,Medium Value,Low-Med Value / Low Risk,6,DSL
5536-SLHPM,Yes,0.3583,Medium Risk,77.75,4458.15,27.86,Month-to-month,55,49+ months,High Value,High Value / Low Risk,4,Fiber optic
4419-UJMUS,No,0.1004,Low Risk,99.35,6856.45,9.97,Two year,69,49+ months,High Value,High Value / Low Risk,6,Fiber optic
7794-JASDG,No,0.3388,Medium Risk,50.75,50.75,17.2,Month-to-month,1,0-12 months,Low Value,Low-Med Value / Low Risk,3,DSL
7609-YBPXG,No,0.0225,Low Risk,87.1,4735.2,1.96,Two year,54,49+ months,High Value,High Value / Low Risk,8,DSL
5519-TEEUH,No,0.0304,Low Risk,20.15,682.15,0.61,One year,33,25-48 months,Medium Value,Low-Med Value / Low Risk,1,No
7856-GANIL,No,0.2125,Low Risk,98.7,4525.8,20.98,One year,45,25-48 months,High Value,High Value / Low Risk,7,Fiber optic
0804-XBFBV,No,0.3954,Medium Risk,25.2,321.05,9.96,Month-to-month,11,0-12 months,Low Value,Low-Med Value / Low Risk,1,DSL
2676-OXPPQ,No,0.2496,Low Risk,55.7,335.65,13.9,Month-to-month,6,0-12 months,Low Value,Low-Med Value / Low Risk,4,DSL
3703-TTEPD,No,0.1646,Low Risk,65.35,1424.4,10.76,Month-to-month,21,13-24 months,Medium Value,Low-Med Value / Low Risk,5,DSL
2799-TSLAG,No,0.0051,Low Risk,25.3,1748.55,0.13,Two year,65,49+ months,Medium Value,Low-Med Value / Low Risk,2,No
0196-VULGZ,Yes,0.7981,Critical Risk,84.35,474.9,67.32,Month-to-month,6,0-12 months,Medium Value,Low-Med Value / High Risk,4,Fiber optic
8837-VVWLQ,Yes,0.5149,High Risk,84.95,668.4,43.74,Month-to-month,8,0-12 months,Medium Value,Low-Med Value / High Risk,4,Fiber optic
2696-NARTR,Yes,0.5515,High Risk,73.85,926.25,40.73,Month-to-month,11,0-12 months,Medium Value,Low-Med Value / High Risk,3,Fiber optic
2208-NKVVH,No,0.0103,Low Risk,24.25,1077.95,0.25,Two year,43,25-48 months,Medium Value,Low-Med Value / Low Risk,2,No
7614-QVWQL,Yes,0.0932,Low Risk,51.8,2541.25,4.83,One year,49,49+ months,Medium Value,Low-Med Value / Low Risk,4,DSL
1976-CFOCS,Yes,0.4603,Medium Risk,46.0,46.0,21.17,Month-to-month,1,0-12 months,Low Value,Low-Med Value / Low Risk,2,DSL
4631-OACRM,Yes,0.6871,High Risk,79.4,1156.1,54.56,Month-to-month,15,13-24 months,Medium Value,Low-Med Value / High Risk,3,Fiber optic
7139-JZFVG,No,0.0066,Low Risk,60.5,3694.45,0.4,Two year,60,49+ months,Medium Value,Low-Med Value / Low Risk,5,DSL
4987-GQWPO,No,0.292,Medium Risk,25.1,382.8,7.33,Month-to-month,17,13-24 months,Low Value,Low-Med Value / Low Risk,1,DSL
3755-JBMNH,Yes,0.5293,High Risk,71.8,1167.8,38.0,Month-to-month,16,13-24 months,Medium Value,Low-Med Value / High Risk,2,Fiber optic
1757-TCATG,No,0.0186,Low Risk,20.05,746.75,0.37,One year,35,25-48 months,Medium Value,Low-Med Value / Low Risk,1,No
6345-ULYRW,Yes,0.2176,Low Risk,88.4,3912.9,19.24,One year,44,25-48 months,High Value,High Value / Low Risk,5,Fiber optic
4776-XSKYQ,No,0.127,Low Risk,30.25,368.85,3.84,One year,12,0-12 months,Low Value,Low-Med Value / Low Risk,2,DSL
8048-DSDFQ,No,0.1924,Low Risk,20.2,20.2,3.89,Month-to-month,1,0-12 months,Low Value,Low-Med Value / Low Risk,1,No
5753-QQWPW,No,0.0683,Low Risk,59.9,1654.7,4.09,One year,28,25-48 months,Medium Value,Low-Med Value / Low Risk,5,DSL
6010-DDPPW,No,0.0037,Low Risk,25.15,1940.85,0.09,Two year,70,49+ months,Medium Value,Low-Med Value / Low Risk,2,No
1809-DMJHQ,Yes,0.2636,Medium Risk,46.0,221.7,12.12,Month-to-month,5,0-12 months,Low Value,Low-Med Value / Low Risk,2,DSL
6693-FRIRW,No,0.4543,Medium Risk,101.3,1794.65,46.02,Month-to-month,18,13-24 months,Medium Value,Low-Med Value / Low Risk,6,Fiber optic
6586-MYGKD,No,0.0185,Low Risk,76.95,5289.8,1.43,Two year,70,49+ months,High Value,High Value / Low Risk,7,DSL
3173-NVMPX,No,0.3417,Medium Risk,55.3,501.2,18.9,Month-to-month,9,0-12 months,Medium Value,Low-Med Value / Low Risk,4,DSL
0248-PGHBZ,No,0.0329,Low Risk,92.45,6140.85,3.04,Two year,67,49+ months,High Value,High Value / Low Risk,6,Fiber optic
0623-GDISB,No,0.3284,Medium Risk,48.45,48.45,15.91,Month-to-month,1,0-12 months,Low Value,Low-Med Value / Low Risk,3,DSL
2892-GESUL,No,0.0225,Low Risk,19.35,309.25,0.44,Two year,18,13-24 months,Low Value,Low-Med Value / Low Risk,1,No
6923-EFPNL,Yes,0.3618,Medium Risk,51.75,201.1,18.72,Month-to-month,4,0-12 months,Low Value,Low-Med Value / Low Risk,3,DSL
7472-EQOAV,No,0.0435,Low Risk,86.7,6179.35,3.78,One year,71,49+ months,High Value,High Value / Low Risk,5,Fiber optic
9574-RKJIF,Yes,0.4361,Medium Risk,94.4,2838.7,41.17,Month-to-month,30,25-48 months,Medium Value,Low-Med Value / Low Risk,6,Fiber optic
2043-WVTQJ,No,0.2577,Medium Risk,55.7,55.7,14.35,Month-to-month,1,0-12 months,Low Value,Low-Med Value / Low Risk,4,DSL
8034-RYTVV,No,0.1059,Low Risk,84.25,4589.85,8.92,One year,55,49+ months,High Value,High Value / Low Risk,5,Fiber optic
3863-QSTYI,No,0.0981,Low Risk,64.65,3735.45,6.34,Month-to-month,59,49+ months,Medium Value,Low-Med Value / Low Risk,5,DSL
2619-WFQWU,Yes,0.6316,High Risk,70.15,70.15,44.31,Month-to-month,1,0-12 months,Low Value,Low-Med Value / High Risk,2,Fiber optic
5044-LRQAQ,No,0.5739,High Risk,69.2,477.55,39.72,Month-to-month,7,0-12 months,Medium Value,Low-Med Value / High Risk,2,Fiber optic
1716-LSAMB,No,0.0094,Low Risk,54.65,2553.7,0.51,Two year,45,25-48 months,Medium Value,Low-Med Value / Low Risk,4,DSL
1333-PBMXB,No,0.0154,Low Risk,24.75,1342.15,0.38,One year,54,49+ months,Medium Value,Low-Med Value / Low Risk,2,No
6546-OPBBH,No,0.0192,Low Risk,23.95,1216.35,0.46,One year,51,49+ months,Medium Value,Low-Med Value / Low Risk,2,No
5985-BEHZK,No,0.1377,Low Risk,105.0,7578.05,14.46,One year,72,49+ months,High Value,High Value / Low Risk,7,Fiber optic
9127-QRZMH,No,0.028,Low Risk,59.85,2603.95,1.68,One year,44,25-48 months,Medium Value,Low-Med Value / Low Risk,5,DSL
5919-VCZYM,No,0.1858,Low Risk,20.05,42.7,3.72,Month-to-month,2,0-12 months,Low Value,Low-Med Value / Low Risk,1,No
9644-KVCNC,No,0.1516,Low Risk,92.15,6056.9,13.97,One year,66,49+ months,High Value,High Value / Low Risk,5,Fiber optic
2137-DQMEV,No,0.017,Low Risk,44.8,2983.65,0.76,One year,68,49+ months,Medium Value,Low-Med Value / Low Risk,4,DSL
8174-LNWMW,No,0.0137,Low Risk,20.9,689.35,0.29,Two year,31,25-48 months,Medium Value,Low-Med Value / Low Risk,1,No
9279-CJEOJ,No,0.6833,High Risk,95.4,2025.1,65.19,Month-to-month,21,13-24 months,Medium Value,Low-Med Value / High Risk,5,Fiber optic
7964-VEXDG,No,0.3771,Medium Risk,80.35,1747.2,30.3,Month-to-month,21,13-24 months,Medium Value,Low-Med Value / Low Risk,4,Fiber optic
2404-JIBFC,No,0.0251,Low Risk,85.1,4657.95,2.14,Two year,55,49+ months,High Value,High Value / Low Risk,8,DSL
0778-NELLA,Yes,0.5251,High Risk,34.7,296.1,18.22,Month-to-month,9,0-12 months,Low Value,Low-Med Value / High Risk,2,DSL
8029-XYPWT,No,0.0634,Low Risk,115.05,8016.6,7.3,Two year,71,49+ months,High Value,High Value / Low Risk,9,Fiber optic
4614-NUVZD,Yes,0.742,High Risk,81.1,81.1,60.18,Month-to-month,1,0-12 months,Low Value,Low-Med Value / High Risk,3,Fiber optic
4632-PAOYU,No,0.0355,Low Risk,19.95,433.5,0.71,One year,22,13-24 months,Medium Value,Low-Med Value / Low Risk,1,No
3803-KMQFW,Yes,0.1589,Low Risk,20.55,20.55,3.27,Month-to-month,1,0-12 months,Low Value,Low-Med Value / Low Risk,1,No
6804-GDMOI,Yes,0.144,Low Risk,106.6,6428.4,15.36,Two year,61,49+ months,High Value,High Value / Low Risk,7,Fiber optic
2990-OGYTD,No,0.0199,Low Risk,86.15,5883.85,1.71,Two year,67,49+ months,High Value,High Value / Low Risk,8,DSL
6646-JPPHA,No,0.4033,Medium Risk,78.85,1043.8,31.8,Month-to-month,14,13-24 months,Medium Value,Low-Med Value / Low Risk,4,Fiber optic
9572-MTILT,Yes,0.2351,Low Risk,106.75,6252.9,25.09,Month-to-month,59,49+ months,High Value,High Value / Low Risk,8,Fiber optic
7658-UYUQS,No,0.4586,Medium Risk,86.55,1857.25,39.69,Month-to-month,21,13-24 months,Medium Value,Low-Med Value / Low Risk,4,Fiber optic
7880-XSOJX,No,0.2329,Low Risk,42.4,146.4,9.87,Month-to-month,4,0-12 months,Low Value,Low-Med Value / Low Risk,4,DSL
9611-CTWIH,Yes,0.7757,Critical Risk,89.45,240.45,69.39,Month-to-month,3,0-12 months,Low Value,Low-Med Value / High Risk,4,Fiber optic
4589-IUAJB,No,0.0035,Low Risk,24.25,1724.15,0.09,Two year,70,49+ months,Medium Value,Low-Med Value / Low Risk,2,No
0329-GTIAJ,Yes,0.6754,High Risk,97.9,315.3,66.12,Month-to-month,3,0-12 months,Low Value,Low-Med Value / High Risk,6,Fiber optic
8746-BFOAJ,No,0.0483,Low Risk,20.5,429.55,0.99,One year,21,13-24 months,Medium Value,Low-Med Value / Low Risk,1,No
8457-XIGKN,No,0.1138,Low Risk,19.6,356.15,2.23,Month-to-month,20,13-24 months,Low Value,Low-Med Value / Low Risk,1,No
6072-NUQCB,No,0.0335,Low Risk,20.25,488.25,0.68,One year,22,13-24 months,Medium Value,Low-Med Value / Low Risk,1,No
6629-CZTTH,Yes,0.495,Medium Risk,55.7,55.7,27.57,Month-to-month,1,0-12 months,Low Value,Low-Med Value / Low Risk,3,DSL
8838-GPHZP,No,0.005,Low Risk,20.6,1298.7,0.1,Two year,63,49+ months,Medium Value,Low-Med Value / Low Risk,1,No
8750-QWZAJ,No,0.0019,Low Risk,19.8,1378.75,0.04,Two year,70,49+ months,Medium Value,Low-Med Value / Low Risk,1,No
5364-EVNIB,Yes,0.5634,High Risk,79.8,973.45,44.96,Month-to-month,13,13-24 months,Medium Value,Low-Med Value / High Risk,4,Fiber optic
6918-UMQCG,No,0.6386,High Risk,80.2,384.25,51.21,Month-to-month,5,0-12 months,Low Value,Low-Med Value / High Risk,3,Fiber optic
0675-NCDYU,No,0.0442,Low Risk,116.4,8543.25,5.15,Two year,72,49+ months,High Value,High Value / Low Risk,9,Fiber optic
6339-DKLMK,No,0.4706,Medium Risk,31.65,389.95,14.89,Month-to-month,13,13-24 months,Low Value,Low-Med Value / Low Risk,2,DSL
1346-PJWTK,No,0.119,Low Risk,94.15,5731.85,11.2,Month-to-month,61,49+ months,High Value,High Value / Low Risk,6,Fiber optic
5088-QZLRL,No,0.2441,Low Risk,20.65,20.65,5.04,Month-to-month,1,0-12 months,Low Value,Low-Med Value / Low Risk,1,No
8023-QHAIO,No,0.2264,Low Risk,76.85,4275.75,17.4,Month-to-month,56,49+ months,High Value,High Value / Low Risk,4,Fiber optic
4397-FRLTA,No,0.169,Low Risk,20.15,84.5,3.41,Month-to-month,4,0-12 months,Low Value,Low-Med Value / Low Risk,1,No
3057-VJJQE,No,0.0332,Low Risk,55.25,1924.1,1.83,Two year,35,25-48 months,Medium Value,Low-Med Value / Low Risk,4,DSL
5087-SUURX,Yes,0.5282,High Risk,39.05,669.85,20.63,Month-to-month,18,13-24 months,Medium Value,Low-Med Value / High Risk,3,DSL
2302-OUZXB,No,0.0219,Low Risk,82.15,5784.3,1.8,Two year,72,49+ months,High Value,High Value / Low Risk,7,DSL
8133-ANHHJ,No,0.1006,Low Risk,103.0,5166.2,10.36,One year,49,49+ months,High Value,High Value / Low Risk,8,Fiber optic
2270-CHBFN,No,0.1749,Low Risk,95.1,4060.55,16.63,Month-to-month,44,25-48 months,High Value,High Value / Low Risk,7,Fiber optic
0013-EXCHZ,Yes,0.6259,High Risk,83.9,267.4,52.51,Month-to-month,3,0-12 months,Low Value,Low-Med Value / High Risk,4,Fiber optic
5982-FPVQN,No,0.4741,Medium Risk,95.15,3532.85,45.11,Month-to-month,37,25-48 months,Medium Value,Low-Med Value / Low Risk,6,Fiber optic
9107-UKCKY,No,0.1178,Low Risk,79.8,4914.8,9.4,One year,61,49+ months,High Value,High Value / Low Risk,7,DSL
4654-ULTTN,No,0.0137,Low Risk,74.8,5315.8,1.02,Two year,70,49+ months,High Value,High Value / Low Risk,7,DSL
5550-VFRLC,Yes,0.7314,High Risk,69.85,69.85,51.09,Month-to-month,1,0-12 months,Low Value,Low-Med Value / High Risk,2,Fiber optic
5546-BYZSM,No,0.0466,Low Risk,20.45,775.6,0.95,Month-to-month,41,25-48 months,Medium Value,Low-Med Value / Low Risk,1,No
1492-KGETH,No,0.0131,Low Risk,78.35,5445.95,1.03,One year,70,49+ months,High Value,High Value / Low Risk,8,DSL
4929-BSTRX,Yes,0.4994,Medium Risk,53.55,53.55,26.74,Month-to-month,1,0-12 months,Low Value,Low-Med Value / Low Risk,3,DSL
4163-HFTUK,No,0.016,Low Risk,19.1,1007.8,0.31,One year,51,49+ months,Medium Value,Low-Med Value / Low Risk,1,No
8215-NGSPE,No,0.0075,Low Risk,20.0,833.55,0.15,Two year,42,25-48 months,Medium Value,Low-Med Value / Low Risk,1,No
2225-ZRGSG,Yes,0.0154,Low Risk,93.9,6579.05,1.45,Two year,70,49+ months,High Value,High Value / Low Risk,7,Fiber optic
8859-YSTWS,No,0.0126,Low Risk,19.95,1004.5,0.25,One year,48,25-48 months,Medium Value,Low-Med Value / Low Risk,1,No
5271-YNWVR,Yes,0.0735,Low Risk,113.15,7856.0,8.32,Two year,68,49+ months,High Value,High Value / Low Risk,9,Fiber optic
7601-DHFWZ,No,0.0089,Low Risk,24.0,1183.05,0.21,Two year,48,25-48 months,Medium Value,Low-Med Value / Low Risk,2,No
2657-ALMWY,Yes,0.4761,Medium Risk,84.95,2169.75,40.44,Month-to-month,26,25-48 months,Medium Value,Low-Med Value / Low Risk,4,Fiber optic
6330-JKLPC,Yes,0.5736,High Risk,80.5,896.9,46.17,Month-to-month,11,0-12 months,Medium Value,Low-Med Value / High Risk,4,Fiber optic
4667-OHGKG,Yes,0.2594,Medium Risk,19.3,19.3,5.01,Month-to-month,1,0-12 months,Low Value,Low-Med Value / Low Risk,1,No
1998-VHJHK,No,0.0341,Low Risk,19.15,501.35,0.65,One year,27,25-48 months,Medium Value,Low-Med Value / Low Risk,1,No
1707-HABPF,No,0.1899,Low Risk,91.3,4126.35,17.34,One year,46,25-48 months,High Value,High Value / Low Risk,5,Fiber optic
1660-HSOOQ,Yes,0.4341,Medium Risk,49.65,49.65,21.55,Month-to-month,1,0-12 months,Low Value,Low-Med Value / Low Risk,3,DSL
7253-UVNDW,Yes,0.0148,Low Risk,54.35,2460.15,0.81,Two year,46,25-48 months,Medium Value,Low-Med Value / Low Risk,4,DSL
0487-VVUVK,No,0.0853,Low Risk,19.15,477.6,1.63,Month-to-month,25,25-48 months,Medium Value,Low-Med Value / Low Risk,1,No
7228-OMTPN,Yes,0.7787,Critical Risk,88.45,370.65,68.88,Month-to-month,4,0-12 months,Low Value,Low-Med Value / High Risk,4,Fiber optic
5063-IUOKK,No,0.0353,Low Risk,19.75,265.75,0.7,Two year,13,13-24 months,Low Value,Low-Med Value / Low Risk,1,No
4508-OEBEY,No,0.0576,Low Risk,75.5,2424.45,4.35,One year,31,25-48 months,Medium Value,Low-Med Value / Low Risk,7,DSL
0027-KWYKW,No,0.6143,High Risk,83.75,1849.95,51.44,Month-to-month,23,13-24 months,Medium Value,Low-Med Value / High Risk,4,Fiber optic
2308-STERM,No,0.1851,Low Risk,19.4,61.05,3.59,Month-to-month,2,0-12 months,Low Value,Low-Med Value / Low Risk,1,No
5982-XMDEX,No,0.0042,Low Risk,26.5,1698.55,0.11,Two year,65,49+ months,Medium Value,Low-Med Value / Low Risk,2,No
6284-AHOOQ,Yes,0.5284,High Risk,90.5,1910.6,47.82,Month-to-month,22,13-24 months,Medium Value,Low-Med Value / High Risk,5,Fiber optic
6051-PTVNS,No,0.0069,Low Risk,19.15,998.1,0.13,One year,55,49+ months,Medium Value,Low-Med Value / Low Risk,1,No
2344-JMOGN,Yes,0.4979,Medium Risk,94.85,890.6,47.23,Month-to-month,9,0-12 months,Medium Value,Low-Med Value / Low Risk,6,Fiber optic
3799-ISUZQ,Yes,0.5227,High Risk,69.95,529.5,36.57,Month-to-month,7,0-12 months,Medium Value,Low-Med Value / High Risk,2,Fiber optic
2877-VDUER,No,0.0721,Low Risk,40.9,1383.6,2.95,One year,35,25-48 months,Medium Value,Low-Med Value / Low Risk,3,DSL
9152-AMKAK,No,0.1075,Low Risk,80.25,493.4,8.62,Two year,6,0-12 months,Medium Value,Low-Med Value / Low Risk,7,DSL
1794-HBQTJ,Yes,0.3196,Medium Risk,48.6,48.6,15.53,Month-to-month,1,0-12 months,Low Value,Low-Med Value / Low Risk,3,DSL
9432-VOFYX,No,0.5761,High Risk,70.8,1207.0,40.79,Month-to-month,17,13-24 months,Medium Value,Low-Med Value / High Risk,2,Fiber optic
8049-WJCLQ,No,0.2747,Medium Risk,60.2,563.5,16.54,Month-to-month,10,0-12 months,Medium Value,Low-Med Value / Low Risk,4,DSL
6586-PSJOX,No,0.0712,Low Risk,55.2,864.55,3.93,One year,15,13-24 months,Medium Value,Low-Med Value / Low Risk,4,DSL
2460-FPSYH,Yes,0.2838,Medium Risk,55.8,2109.35,15.84,Month-to-month,40,25-48 months,Medium Value,Low-Med Value / Low Risk,5,DSL
9705-ZJBCG,No,0.0557,Low Risk,54.15,701.05,3.01,One year,13,13-24 months,Medium Value,Low-Med Value / Low Risk,4,DSL
4818-DRBQT,Yes,0.4257,Medium Risk,80.15,2265.25,34.12,Month-to-month,29,25-48 months,Medium Value,Low-Med Value / Low Risk,4,Fiber optic
1320-HTRDR,Yes,0.7432,High Risk,75.5,220.6,56.11,Month-to-month,3,0-12 months,Low Value,Low-Med Value / High Risk,3,Fiber optic
6847-KJLTS,No,0.3518,Medium Risk,100.4,5749.8,35.32,Month-to-month,58,49+ months,High Value,High Value / Low Risk,6,Fiber optic
9670-BPNXF,No,0.0246,Low Risk,62.55,2796.45,1.54,One year,45,25-48 months,Medium Value,Low-Med Value / Low Risk,5,DSL
3913-FCUUW,No,0.0065,Low Risk,70.45,5165.7,0.46,Two year,72,49+ months,High Value,High Value / Low Risk,7,DSL
3301-VKTGC,No,0.055,Low Risk,85.5,5696.6,4.7,One year,68,49+ months,High Value,High Value / Low Risk,5,Fiber optic
1493-AMTIE,Yes,0.2438,Low Risk,20.2,20.2,4.93,Month-to-month,1,0-12 months,Low Value,Low-Med Value / Low Risk,1,No
9555-SAHUZ,No,0.074,Low Risk,54.5,2076.05,4.03,Month-to-month,38,25-48 months,Medium Value,Low-Med Value / Low Risk,4,DSL
0816-TSPHQ,No,0.1839,Low Risk,20.75,44.2,3.82,Month-to-month,2,0-12 months,Low Value,Low-Med Value / Low Risk,1,No
9932-WBWIK,No,0.1297,Low Risk,20.35,215.25,2.64,Month-to-month,11,0-12 months,Low Value,Low-Med Value / Low Risk,1,No
4619-EVPHY,No,0.4544,Medium Risk,91.0,1859.5,41.35,One year,20,13-24 months,Medium Value,Low-Med Value / Low Risk,4,Fiber optic
5286-YHCVC,No,0.099,Low Risk,104.8,7470.1,10.38,Two year,72,49+ months,High Value,High Value / Low Risk,7,Fiber optic
6424-ELEYH,Yes,0.6643,High Risk,74.75,229.5,49.66,Month-to-month,3,0-12 months,Low Value,Low-Med Value / High Risk,3,Fiber optic
4391-RESHN,Yes,0.5788,High Risk,104.05,2470.1,60.23,Month-to-month,23,13-24 months,Medium Value,Low-Med Value / High Risk,7,Fiber optic
9115-YQHGA,No,0.138,Low Risk,51.1,2092.9,7.05,Month-to-month,40,25-48 months,Medium Value,Low-Med Value / Low Risk,3,DSL
4462-CYWMH,No,0.303,Medium Risk,89.8,5629.55,27.21,Month-to-month,62,49+ months,High Value,High Value / Low Risk,5,Fiber optic
8963-MQVYN,No,0.1218,Low Risk,20.55,469.85,2.5,Month-to-month,22,13-24 months,Medium Value,Low-Med Value / Low Risk,1,No
2458-EOMRE,No,0.219,Low Risk,64.05,733.95,14.03,Month-to-month,11,0-12 months,Medium Value,Low-Med Value / Low Risk,5,DSL
9334-GWGOW,No,0.7536,Critical Risk,74.85,485.25,56.41,Month-to-month,7,0-12 months,Medium Value,Low-Med Value / High Risk,3,Fiber optic
6821-BUXUX,Yes,0.5952,High Risk,96.65,1244.5,57.53,Month-to-month,13,13-24 months,Medium Value,Low-Med Value / High Risk,6,Fiber optic
5028-HTLJB,Yes,0.2164,Low Risk,20.05,20.05,4.34,Month-to-month,1,0-12 months,Low Value,Low-Med Value / Low Risk,1,No
9801-GDWGV,Yes,0.5883,High Risk,103.45,3994.45,60.86,Month-to-month,39,25-48 months,High Value,High Value / High Risk,7,Fiber optic
6542-LWGXJ,No,0.4718,Medium Risk,25.0,78.25,11.79,Month-to-month,3,0-12 months,Low Value,Low-Med Value / Low Risk,1,DSL
5567-GZKQY,No,0.004,Low Risk,20.3,1131.5,0.08,Two year,58,49+ months,Medium Value,Low-Med Value / Low Risk,1,No
1222-LRYKO,No,0.166,Low Risk,26.35,184.05,4.37,Month-to-month,6,0-12 months,Low Value,Low-Med Value / Low Risk,2,No
2320-JRSDE,Yes,0.2743,Medium Risk,19.9,19.9,5.46,Month-to-month,1,0-12 months,Low Value,Low-Med Value / Low Risk,1,No
2087-QAREY,No,0.222,Low Risk,54.7,1178.75,12.15,Month-to-month,22,13-24 months,Medium Value,Low-Med Value / Low Risk,4,DSL
0601-WZHJF,Yes,0.5472,High Risk,46.35,667.7,25.36,Month-to-month,14,13-24 months,Medium Value,Low-Med Value / High Risk,3,DSL
4423-JWZJN,No,0.093,Low Risk,90.25,5629.15,8.39,One year,64,49+ months,High Value,High Value / Low Risk,5,Fiber optic
5143-WMWOG,Yes,0.2464,Low Risk,19.95,19.95,4.92,Month-to-month,1,0-12 months,Low Value,Low-Med Value / Low Risk,1,No
6490-FGZAT,No,0.1574,Low Risk,20.65,109.3,3.25,Month-to-month,6,0-12 months,Low Value,Low-Med Value / Low Risk,1,No
5393-RXQSZ,Yes,0.6756,High Risk,79.6,79.6,53.78,Month-to-month,1,0-12 months,Low Value,Low-Med Value / High Risk,3,Fiber optic
7452-FOLON,No,0.0206,Low Risk,25.45,958.45,0.52,One year,39,25-48 months,Medium Value,Low-Med Value / Low Risk,2,No
2320-TZRRH,No,0.0467,Low Risk,19.5,403.15,0.91,One year,20,13-24 months,Medium Value,Low-Med Value / Low Risk,1,No
0231-LXVAP,Yes,0.6186,High Risk,75.9,75.9,46.95,Month-to-month,1,0-12 months,Low Value,Low-Med Value / High Risk,3,Fiber optic
9444-JTXHZ,Yes,0.6137,High Risk,76.2,76.2,46.77,Month-to-month,1,0-12 months,Low Value,Low-Med Value / High Risk,3,Fiber optic
4942-VZZOM,No,0.0409,Low Risk,66.15,4392.5,2.7,One year,64,49+ months,High Value,High Value / Low Risk,5,DSL
5510-BOIUJ,Yes,0.1619,Low Risk,19.25,19.25,3.12,Month-to-month,1,0-12 months,Low Value,Low-Med Value / Low Risk,1,No
7502-BNYGS,No,0.1639,Low Risk,69.1,3168.0,11.33,Month-to-month,46,25-48 months,Medium Value,Low-Med Value / Low Risk,5,DSL
4291-HYEBC,No,0.2305,Low Risk,39.1,1096.6,9.01,One year,28,25-48 months,Medium Value,Low-Med Value / Low Risk,3,DSL
6147-CBCRA,No,0.0513,Low Risk,20.05,669.45,1.03,Month-to-month,33,25-48 months,Medium Value,Low-Med Value / Low Risk,1,No
6047-SUHPR,No,0.0379,Low Risk,59.8,2343.85,2.27,One year,39,25-48 months,Medium Value,Low-Med Value / Low Risk,5,DSL
4471-KXAUH,Yes,0.3718,Medium Risk,84.3,3588.4,31.34,Month-to-month,42,25-48 months,Medium Value,Low-Med Value / Low Risk,5,Fiber optic
9752-ZNQUT,No,0.4778,Medium Risk,48.6,48.6,23.22,Month-to-month,1,0-12 months,Low Value,Low-Med Value / Low Risk,3,DSL
7638-QVMVY,Yes,0.709,High Risk,79.0,522.95,56.01,Month-to-month,7,0-12 months,Medium Value,Low-Med Value / High Risk,3,Fiber optic
1576-PFZIW,No,0.044,Low Risk,105.35,7511.9,4.63,Two year,70,49+ months,High Value,High Value / Low Risk,7,Fiber optic
5666-MBJPT,No,0.0064,Low Risk,25.1,1725.0,0.16,Two year,65,49+ months,Medium Value,Low-Med Value / Low Risk,2,No
7312-XSBAT,No,0.33,Medium Risk,49.75,49.75,16.42,Month-to-month,1,0-12 months,Low Value,Low-Med Value / Low Risk,3,DSL
3096-GKWEB,No,0.7563,Critical Risk,94.75,1691.9,71.66,Month-to-month,18,13-24 months,Medium Value,Low-Med Value / High Risk,5,Fiber optic
2371-JQHZZ,No,0.7284,High Risk,93.0,2248.05,67.74,Month-to-month,24,13-24 months,Medium Value,Low-Med Value / High Risk,5,Fiber optic
0674-GCDXG,No,0.0172,Low Risk,71.9,4479.2,1.24,Two year,63,49+ months,High Value,High Value / Low Risk,7,DSL
1121-QSIVB,No,0.1124,Low Risk,77.55,3471.1,8.72,One year,44,25-48 months,Medium Value,Low-Med Value / Low Risk,6,DSL
4396-KLSEH,No,0.2912,Medium Risk,19.85,63.0,5.78,Month-to-month,4,0-12 months,Low Value,Low-Med Value / Low Risk,1,No
3244-DCJWY,Yes,0.7005,High Risk,70.25,70.25,49.21,Month-to-month,1,0-12 months,Low Value,Low-Med Value / High Risk,2,Fiber optic
2824-MYYBN,No,0.5703,High Risk,95.25,3314.15,54.32,Month-to-month,37,25-48 months,Medium Value,Low-Med Value / High Risk,5,Fiber optic
0875-CABNR,Yes,0.6204,High Risk,84.6,865.55,52.48,Month-to-month,10,0-12 months,Medium Value,Low-Med Value / High Risk,4,Fiber optic
6345-HOVES,No,0.2248,Low Risk,25.05,852.7,5.63,Month-to-month,34,25-48 months,Medium Value,Low-Med Value / Low Risk,1,DSL
8318-LCNBW,No,0.1081,Low Risk,53.15,1930.9,5.75,One year,35,25-48 months,Medium Value,Low-Med Value / Low Risk,5,DSL
6469-QJKZW,No,0.2214,Low Risk,20.15,91.4,4.46,Month-to-month,4,0-12 months,Low Value,Low-Med Value / Low Risk,1,No
0147-ESWWR,No,0.5758,High Risk,101.25,3949.15,58.3,Month-to-month,39,25-48 months,High Value,High Value / High Risk,6,Fiber optic
1217-VASWC,No,0.2727,Medium Risk,100.55,4304.0,27.42,One year,43,25-48 months,High Value,High Value / Low Risk,6,Fiber optic
7812-FZHPE,Yes,0.1107,Low Risk,24.1,409.9,2.67,Month-to-month,17,13-24 months,Medium Value,Low-Med Value / Low Risk,2,No
6370-ZVHDV,No,0.0052,Low Risk,25.3,1554.9,0.13,Two year,61,49+ months,Medium Value,Low-Med Value / Low Risk,2,No
5915-DGNVC,No,0.0619,Low Risk,71.8,3472.05,4.44,One year,49,49+ months,Medium Value,Low-Med Value / Low Risk,7,DSL
6260-XLACS,No,0.0957,Low Risk,19.7,117.8,1.88,One year,4,0-12 months,Low Value,Low-Med Value / Low Risk,1,No
3566-CAAYU,No,0.0157,Low Risk,49.85,3210.35,0.78,Two year,64,49+ months,Medium Value,Low-Med Value / Low Risk,5,DSL
4983-CCWMC,No,0.6222,High Risk,69.6,207.4,43.31,Month-to-month,3,0-12 months,Low Value,Low-Med Value / High Risk,2,Fiber optic
9103-CXVOK,No,0.2109,Low Risk,19.75,19.75,4.17,Month-to-month,1,0-12 months,Low Value,Low-Med Value / Low Risk,1,No
2896-TBNBE,No,0.1571,Low Risk,80.8,3132.75,12.7,One year,40,25-48 months,Medium Value,Low-Med Value / Low Risk,4,Fiber optic
4797-AXPXK,Yes,0.2422,Low Risk,60.0,60.0,14.53,Month-to-month,1,0-12 months,Low Value,Low-Med Value / Low Risk,5,DSL
5229-PRWKT,Yes,0.7555,Critical Risk,86.55,649.65,65.39,Month-to-month,8,0-12 months,Medium Value,Low-Med Value / High Risk,4,Fiber optic
6982-UQZLY,Yes,0.2828,Medium Risk,20.85,20.85,5.9,Month-to-month,1,0-12 months,Low Value,Low-Med Value / Low Risk,1,No
2522-WLNSF,No,0.0689,Low Risk,64.2,2106.3,4.42,One year,34,25-48 months,Medium Value,Low-Med Value / Low Risk,5,DSL
3841-CONLJ,No,0.6203,High Risk,35.0,35.0,21.71,Month-to-month,1,0-12 months,Low Value,Low-Med Value / High Risk,2,DSL
5057-LCOUI,Yes,0.3821,Medium Risk,50.75,2011.4,19.39,Month-to-month,39,25-48 months,Medium Value,Low-Med Value / Low Risk,4,DSL
0193-ESZXP,Yes,0.107,Low Risk,105.5,6205.5,11.28,One year,58,49+ months,High Value,High Value / Low Risk,7,Fiber optic
4475-NVTLU,No,0.0092,Low Risk,19.2,903.7,0.18,Two year,45,25-48 months,Medium Value,Low-Med Value / Low Risk,1,No
4369-HTUIF,Yes,0.5685,High Risk,85.15,503.6,48.41,Month-to-month,6,0-12 months,Medium Value,Low-Med Value / High Risk,4,Fiber optic
9386-LDCZR,No,0.074,Low Risk,90.65,3882.3,6.71,One year,43,25-48 months,High Value,High Value / Low Risk,6,Fiber optic
9585-KKMFD,No,0.0117,Low Risk,20.0,879.8,0.23,Two year,41,25-48 months,Medium Value,Low-Med Value / Low Risk,1,No
5399-ZIMKF,No,0.6393,High Risk,74.65,383.65,47.73,Month-to-month,5,0-12 months,Low Value,Low-Med Value / High Risk,3,Fiber optic
0336-KXKFK,No,0.0156,Low Risk,61.2,4390.25,0.95,Two year,72,49+ months,High Value,High Value / Low Risk,6,DSL
5619-XZZKR,No,0.0943,Low Risk,19.95,68.2,1.88,One year,4,0-12 months,Low Value,Low-Med Value / Low Risk,1,No
3948-FVVRP,No,0.1586,Low Risk,54.8,452.8,8.69,Month-to-month,9,0-12 months,Medium Value,Low-Med Value / Low Risk,4,DSL
5327-XOKKY,No,0.0397,Low Risk,73.45,5329.0,2.92,Two year,72,49+ months,High Value,High Value / Low Risk,6,DSL
0983-TATYJ,No,0.0718,Low Risk,51.45,1758.9,3.69,One year,33,25-48 months,Medium Value,Low-Med Value / Low Risk,3,DSL
1813-JYWTO,No,0.0251,Low Risk,80.45,5737.6,2.02,Two year,72,49+ months,High Value,High Value / Low Risk,4,Fiber optic
0156-FVPTA,Yes,0.1822,Low Risk,54.2,1152.7,9.88,Month-to-month,22,13-24 months,Medium Value,Low-Med Value / Low Risk,4,DSL
1984-FCOWB,Yes,0.1922,Low Risk,109.5,7674.55,21.05,One year,70,49+ months,High Value,High Value / Low Risk,8,Fiber optic
0654-HMSHN,Yes,0.5692,High Risk,104.4,2157.95,59.42,Month-to-month,21,13-24 months,Medium Value,Low-Med Value / High Risk,7,Fiber optic
6719-OXYBR,No,0.5568,High Risk,85.3,1219.85,47.49,Month-to-month,15,13-24 months,Medium Value,Low-Med Value / High Risk,4,Fiber optic
3312-ZWLGF,No,0.5188,High Risk,79.3,2414.55,41.14,Month-to-month,29,25-48 months,Medium Value,Low-Med Value / High Risk,4,Fiber optic
6476-YHMGA,No,0.191,Low Risk,76.5,1155.6,14.61,Month-to-month,15,13-24 months,Medium Value,Low-Med Value / Low Risk,7,DSL
5287-QWLKY,Yes,0.2105,Low Risk,105.1,7548.1,22.13,Month-to-month,71,49+ months,High Value,High Value / Low Risk,7,Fiber optic
0795-XCCTE,No,0.0036,Low Risk,25.4,1809.35,0.09,Two year,72,49+ months,Medium Value,Low-Med Value / Low Risk,2,No
0168-XZKBB,No,0.6844,High Risk,86.85,1564.4,59.44,Month-to-month,19,13-24 months,Medium Value,Low-Med Value / High Risk,4,Fiber optic
3785-NRHYR,No,0.1939,Low Risk,19.65,19.65,3.81,Month-to-month,1,0-12 months,Low Value,Low-Med Value / Low Risk,1,No
5196-SGOAK,Yes,0.6606,High Risk,75.7,75.7,50.01,Month-to-month,1,0-12 months,Low Value,Low-Med Value / High Risk,3,Fiber optic
4537-DKTAL,No,0.4111,Medium Risk,45.55,84.4,18.72,Month-to-month,2,0-12 months,Low Value,Low-Med Value / Low Risk,2,DSL
7072-MBHEV,No,0.581,High Risk,78.1,864.85,45.37,Month-to-month,11,0-12 months,Medium Value,Low-Med Value / High Risk,4,Fiber optic
5602-BVFMK,No,0.0664,Low Risk,19.3,228.75,1.28,One year,12,0-12 months,Low Value,Low-Med Value / Low Risk,1,No
6297-NOOPG,No,0.112,Low Risk,110.5,7752.05,12.38,Two year,70,49+ months,High Value,High Value / Low Risk,8,Fiber optic
1891-UAWWU,Yes,0.6374,High Risk,90.8,1951.0,57.88,Month-to-month,20,13-24 months,Medium Value,Low-Med Value / High Risk,5,Fiber optic
8204-TIFGJ,No,0.102,Low Risk,20.3,470.6,2.07,Month-to-month,23,13-24 months,Medium Value,Low-Med Value / Low Risk,1,No
8050-DVOJX,No,0.019,Low Risk,81.35,4060.9,1.54,Two year,49,49+ months,High Value,High Value / Low Risk,8,DSL
6108-OQZDQ,Yes,0.76,Critical Risk,97.95,384.5,74.45,Month-to-month,4,0-12 months,Low Value,Low-Med Value / High Risk,6,Fiber optic
0363-QJVFX,Yes,0.362,Medium Risk,108.15,3432.9,39.14,Month-to-month,32,25-48 months,Medium Value,Low-Med Value / Low Risk,8,Fiber optic
8903-XEBGX,No,0.5086,High Risk,55.3,108.65,28.13,Month-to-month,2,0-12 months,Low Value,Low-Med Value / High Risk,3,DSL
8169-SAEJD,No,0.0169,Low Risk,56.55,3952.65,0.96,Two year,69,49+ months,High Value,High Value / Low Risk,5,DSL
9840-DVNDC,Yes,0.6235,High Risk,80.5,463.05,50.19,Month-to-month,6,0-12 months,Medium Value,Low-Med Value / High Risk,3,Fiber optic
1089-XZWHH,No,0.0248,Low Risk,19.7,494.05,0.49,Two year,24,13-24 months,Medium Value,Low-Med Value / Low Risk,1,No
2325-WINES,No,0.3689,Medium Risk,104.05,3416.85,38.38,One year,32,25-48 months,Medium Value,Low-Med Value / Low Risk,7,Fiber optic
6064-ZATLR,No,0.0274,Low Risk,52.85,1498.65,1.45,Two year,27,25-48 months,Medium Value,Low-Med Value / Low Risk,4,DSL
3096-JRDSO,Yes,0.4741,Medium Risk,104.3,2867.75,49.44,Month-to-month,27,25-48 months,Medium Value,Low-Med Value / Low Risk,7,Fiber optic
7824-PANSQ,No,0.1431,Low Risk,80.65,4807.35,11.54,Month-to-month,58,49+ months,High Value,High Value / Low Risk,4,Fiber optic
8042-JVNFH,Yes,0.6314,High Risk,71.35,71.35,45.05,Month-to-month,1,0-12 months,Low Value,Low-Med Value / High Risk,2,Fiber optic
9648-BCHKM,No,0.0396,Low Risk,24.65,471.35,0.98,Two year,18,13-24 months,Medium Value,Low-Med Value / Low Risk,2,No
2888-ADFAO,No,0.008,Low Risk,21.3,1041.8,0.17,Two year,47,25-48 months,Medium Value,Low-Med Value / Low Risk,1,No
8707-HOEDG,No,0.0907,Low Risk,110.2,7689.8,9.99,Two year,70,49+ months,High Value,High Value / Low Risk,8,Fiber optic
3374-LXDEV,Yes,0.4545,Medium Risk,89.4,1132.35,40.63,Month-to-month,13,13-24 months,Medium Value,Low-Med Value / Low Risk,6,Fiber optic
4072-IPYLT,No,0.0599,Low Risk,51.05,1815.0,3.06,Month-to-month,36,25-48 months,Medium Value,Low-Med Value / Low Risk,3,DSL
7167-PCEYD,No,0.0042,Low Risk,19.8,1311.3,0.08,Two year,67,49+ months,Medium Value,Low-Med Value / Low Risk,1,No
4936-YPJNK,No,0.1826,Low Risk,19.9,199.45,3.63,Month-to-month,10,0-12 months,Low Value,Low-Med Value / Low Risk,1,No
1580-BMCMR,No,0.5537,High Risk,87.3,1637.3,48.34,Month-to-month,19,13-24 months,Medium Value,Low-Med Value / High Risk,4,Fiber optic
4817-KEQSP,No,0.0018,Low Risk,19.85,1326.35,0.04,Two year,71,49+ months,Medium Value,Low-Med Value / Low Risk,1,No
6408-WHTEF,No,0.0147,Low Risk,89.4,6376.55,1.32,Two year,72,49+ months,High Value,High Value / Low Risk,9,DSL
9251-AWQGT,No,0.0056,Low Risk,20.0,935.9,0.11,Two year,48,25-48 months,Medium Value,Low-Med Value / Low Risk,1,No
8749-CLJXC,No,0.1928,Low Risk,20.05,20.05,3.87,Month-to-month,1,0-12 months,Low Value,Low-Med Value / Low Risk,1,No
7989-VCQOH,No,0.1882,Low Risk,83.25,1611.15,15.67,Month-to-month,18,13-24 months,Medium Value,Low-Med Value / Low Risk,7,DSL
5049-GLYVG,Yes,0.1913,Low Risk,20.6,20.6,3.94,Month-to-month,1,0-12 months,Low Value,Low-Med Value / Low Risk,1,No
4199-QHJNM,No,0.0699,Low Risk,102.9,6989.7,7.19,Two year,67,49+ months,High Value,High Value / Low Risk,7,Fiber optic
8882-TLVRW,No,0.0053,Low Risk,39.1,2779.5,0.21,Two year,69,49+ months,Medium Value,Low-Med Value / Low Risk,4,DSL
5883-GTGVD,Yes,0.7183,High Risk,99.95,1931.75,71.79,Month-to-month,19,13-24 months,Medium Value,Low-Med Value / High Risk,6,Fiber optic
5135-GRQJV,No,0.0696,Low Risk,114.5,8331.95,7.97,Two year,72,49+ months,High Value,High Value / Low Risk,9,Fiber optic
2384-OVPSA,No,0.0126,Low Risk,20.2,735.9,0.25,Two year,38,25-48 months,Medium Value,Low-Med Value / Low Risk,1,No
1371-WEPDS,No,0.1111,Low Risk,55.8,2283.3,6.2,One year,40,25-48 months,Medium Value,Low-Med Value / Low Risk,3,DSL
3580-GICBM,No,0.0064,Low Risk,24.2,1445.2,0.15,Two year,61,49+ months,Medium Value,Low-Med Value / Low Risk,2,No
4817-QRJSX,Yes,0.5601,High Risk,81.0,818.05,45.36,Month-to-month,10,0-12 months,Medium Value,Low-Med Value / High Risk,4,Fiber optic
9730-DRTMJ,No,0.0828,Low Risk,72.8,2333.05,6.03,One year,32,25-48 months,Medium Value,Low-Med Value / Low Risk,6,DSL
4686-UXDML,No,0.6016,High Risk,99.85,1992.55,60.07,Month-to-month,21,13-24 months,Medium Value,Low-Med Value / High Risk,6,Fiber optic
3349-ANQNH,No,0.3517,Medium Risk,99.5,5890.0,34.99,One year,59,49+ months,High Value,High Value / Low Risk,6,Fiber optic
2398-YPMUR,Yes,0.6458,High Risk,70.15,916.75,45.3,Month-to-month,13,13-24 months,Medium Value,Low-Med Value / High Risk,2,Fiber optic
0932-YIXYU,No,0.0067,Low Risk,20.25,1029.8,0.14,Two year,47,25-48 months,Medium Value,Low-Med Value / Low Risk,1,No
7480-SPLEF,No,0.0042,Low Risk,26.0,1796.55,0.11,Two year,69,49+ months,Medium Value,Low-Med Value / Low Risk,2,No
7636-XUHWW,No,0.2294,Low Risk,19.9,33.7,4.56,Month-to-month,2,0-12 months,Low Value,Low-Med Value / Low Risk,1,No
1431-CYWMH,No,0.0642,Low Risk,19.05,454.05,1.22,Month-to-month,22,13-24 months,Medium Value,Low-Med Value / Low Risk,1,No
5937-EORGB,No,0.6549,High Risk,96.5,1392.25,63.2,Month-to-month,15,13-24 months,Medium Value,Low-Med Value / High Risk,6,Fiber optic
6349-JDHQP,No,0.005,Low Risk,19.85,1049.6,0.1,Two year,53,49+ months,Medium Value,Low-Med Value / Low Risk,1,No
5539-HIVAK,No,0.0972,Low Risk,25.7,734.6,2.5,Month-to-month,28,25-48 months,Medium Value,Low-Med Value / Low Risk,2,No
5847-MXBEO,No,0.0433,Low Risk,20.3,475.1,0.88,One year,22,13-24 months,Medium Value,Low-Med Value / Low Risk,1,No
9985-MWVIX,Yes,0.6316,High Risk,70.15,70.15,44.31,Month-to-month,1,0-12 months,Low Value,Low-Med Value / High Risk,2,Fiber optic
4583-PARNH,No,0.5959,High Risk,91.55,1540.05,54.55,Month-to-month,16,13-24 months,Medium Value,Low-Med Value / High Risk,5,Fiber optic
1116-FRYVH,No,0.0108,Low Risk,39.4,1978.65,0.43,Two year,48,25-48 months,Medium Value,Low-Med Value / Low Risk,4,DSL
1421-HCERK,No,0.348,Medium Risk,105.7,3181.8,36.78,Month-to-month,30,25-48 months,Medium Value,Low-Med Value / Low Risk,8,Fiber optic
9633-XQABV,No,0.6866,High Risk,70.25,229.7,48.24,Month-to-month,3,0-12 months,Low Value,Low-Med Value / High Risk,2,Fiber optic
0716-BQNDX,No,0.0744,Low Risk,93.75,5625.55,6.97,Two year,57,49+ months,High Value,High Value / Low Risk,6,Fiber optic
1265-XTECC,Yes,0.1068,Low Risk,96.55,6581.9,10.31,One year,68,49+ months,High Value,High Value / Low Risk,6,Fiber optic
1183-CANVH,No,0.0883,Low Risk,60.0,1347.15,5.3,One year,23,13-24 months,Medium Value,Low-Med Value / Low Risk,4,DSL
1972-XMUWV,No,0.0146,Low Risk,59.8,3808.2,0.88,Two year,65,49+ months,High Value,High Value / Low Risk,4,DSL
8679-LZBMD,No,0.2619,Medium Risk,90.65,3974.15,23.74,One year,44,25-48 months,High Value,High Value / Low Risk,4,Fiber optic
3407-JMJQQ,No,0.0589,Low Risk,109.0,7661.8,6.42,Two year,71,49+ months,High Value,High Value / Low Risk,8,Fiber optic
6252-DFGTK,No,0.0361,Low Risk,68.1,2479.25,2.46,One year,37,25-48 months,Medium Value,Low-Med Value / Low Risk,6,DSL
1539-LNKHM,No,0.123,Low Risk,20.4,266.6,2.51,Month-to-month,12,0-12 months,Low Value,Low-Med Value / Low Risk,1,No
8645-KOMJQ,No,0.0213,Low Risk,81.95,5601.4,1.74,Two year,69,49+ months,High Value,High Value / Low Risk,8,DSL
0289-IVARM,No,0.0952,Low Risk,60.55,1982.6,5.76,Month-to-month,35,25-48 months,Medium Value,Low-Med Value / Low Risk,5,DSL
9761-XUJWD,No,0.3149,Medium Risk,65.6,339.9,20.66,Month-to-month,5,0-12 months,Low Value,Low-Med Value / Low Risk,5,DSL
4057-FKCZK,No,0.0652,Low Risk,82.5,4828.05,5.38,Two year,58,49+ months,High Value,High Value / Low Risk,4,Fiber optic
4291-TPNFG,No,0.012,Low Risk,82.3,5980.55,0.99,Two year,72,49+ months,High Value,High Value / Low Risk,8,DSL
6087-YPWHO,No,0.0059,Low Risk,68.15,4808.7,0.4,Two year,72,49+ months,High Value,High Value / Low Risk,7,DSL
3090-QFUVD,No,0.1735,Low Risk,20.3,20.3,3.52,Month-to-month,1,0-12 months,Low Value,Low-Med Value / Low Risk,1,No
2237-ZFSMY,Yes,0.172,Low Risk,95.55,3692.85,16.43,One year,39,25-48 months,Medium Value,Low-Med Value / Low Risk,6,Fiber optic
1722-LDZJS,No,0.0078,Low Risk,20.2,1068.15,0.16,One year,53,49+ months,Medium Value,Low-Med Value / Low Risk,1,No
1818-ESQMW,No,0.4695,Medium Risk,89.2,2383.6,41.88,Month-to-month,27,25-48 months,Medium Value,Low-Med Value / Low Risk,5,Fiber optic
4871-JTKJF,Yes,0.7321,High Risk,69.65,69.65,50.99,Month-to-month,1,0-12 months,Low Value,Low-Med Value / High Risk,2,Fiber optic
1415-YFWLT,Yes,0.8108,Critical Risk,89.3,89.3,72.41,Month-to-month,1,0-12 months,Low Value,Low-Med Value / High Risk,4,Fiber optic
7401-RUBNK,No,0.3849,Medium Risk,74.8,1438.05,28.79,Month-to-month,18,13-24 months,Medium Value,Low-Med Value / Low Risk,3,Fiber optic
0506-YLVKJ,No,0.0091,Low Risk,20.2,917.45,0.18,Two year,46,25-48 months,Medium Value,Low-Med Value / Low Risk,1,No
8661-BOYNW,No,0.0181,Low Risk,84.4,6096.45,1.53,Two year,72,49+ months,High Value,High Value / Low Risk,8,DSL
6711-VTNRE,Yes,0.4034,Medium Risk,87.55,3078.1,35.31,Month-to-month,36,25-48 months,Medium Value,Low-Med Value / Low Risk,5,Fiber optic
4815-GBTCD,No,0.6224,High Risk,25.15,99.95,15.65,Month-to-month,4,0-12 months,Low Value,Low-Med Value / High Risk,1,DSL
2805-AUFQN,No,0.018,Low Risk,19.8,475.2,0.36,Two year,25,25-48 months,Medium Value,Low-Med Value / Low Risk,1,No
0980-PVMRC,No,0.2959,Medium Risk,50.85,2036.55,15.05,Month-to-month,40,25-48 months,Medium Value,Low-Med Value / Low Risk,4,DSL
7233-DRTRF,No,0.4404,Medium Risk,102.4,6444.05,45.09,Month-to-month,63,49+ months,High Value,High Value / Low Risk,7,Fiber optic
3500-RMZLT,Yes,0.4102,Medium Risk,96.3,1426.75,39.5,Month-to-month,15,13-24 months,Medium Value,Low-Med Value / Low Risk,6,Fiber optic
3873-NFTGI,No,0.3248,Medium Risk,55.5,767.55,18.03,Month-to-month,14,13-24 months,Medium Value,Low-Med Value / Low Risk,4,DSL
1162-ECVII,No,0.0886,Low Risk,109.75,7932.5,9.72,Two year,72,49+ months,High Value,High Value / Low Risk,8,Fiber optic
7048-GXDAY,No,0.4879,Medium Risk,106.4,4040.65,51.91,Month-to-month,39,25-48 months,High Value,High Value / Low Risk,7,Fiber optic
8571-ZCMCX,No,0.0373,Low Risk,60.0,2768.65,2.24,Two year,47,25-48 months,Medium Value,Low-Med Value / Low Risk,6,DSL
1169-WCVAK,No,0.3225,Medium Risk,88.8,1672.35,28.64,Month-to-month,19,13-24 months,Medium Value,Low-Med Value / Low Risk,6,Fiber optic
4548-SDBKE,Yes,0.7764,Critical Risk,85.2,474.8,66.15,Month-to-month,5,0-12 months,Medium Value,Low-Med Value / High Risk,4,Fiber optic
8066-POXGX,Yes,0.5792,High Risk,35.1,446.1,20.33,Month-to-month,13,13-24 months,Medium Value,Low-Med Value / High Risk,2,DSL
7129-CAKJW,No,0.4563,Medium Risk,80.05,1345.65,36.52,Month-to-month,17,13-24 months,Medium Value,Low-Med Value / Low Risk,4,Fiber optic
8695-ARGXZ,No,0.5439,High Risk,75.55,2425.4,41.09,Month-to-month,34,25-48 months,Medium Value,Low-Med Value / High Risk,3,Fiber optic
3570-YUEKJ,No,0.1505,Low Risk,49.55,2077.95,7.46,Month-to-month,42,25-48 months,Medium Value,Low-Med Value / Low Risk,3,DSL
4143-OOBWZ,Yes,0.7019,High Risk,81.3,416.3,57.07,Month-to-month,5,0-12 months,Medium Value,Low-Med Value / High Risk,4,Fiber optic
1555-HAPSU,No,0.0025,Low Risk,23.9,1663.5,0.06,Two year,71,49+ months,Medium Value,Low-Med Value / Low Risk,2,No
1697-NVVGY,No,0.1967,Low Risk,66.4,1286.05,13.06,Month-to-month,19,13-24 months,Medium Value,Low-Med Value / Low Risk,5,DSL
7854-EKTJL,Yes,0.262,Medium Risk,19.6,35.85,5.13,Month-to-month,2,0-12 months,Low Value,Low-Med Value / Low Risk,1,No
8464-EETCQ,No,0.0043,Low Risk,18.8,1094.35,0.08,Two year,57,49+ months,Medium Value,Low-Med Value / Low Risk,1,No
2419-FSORS,No,0.107,Low Risk,108.4,7719.5,11.6,Two year,72,49+ months,High Value,High Value / Low Risk,8,Fiber optic
8132-YPVBX,No,0.6024,High Risk,85.95,514.6,51.77,Month-to-month,6,0-12 months,Medium Value,Low-Med Value / High Risk,4,Fiber optic
9102-IAYHT,Yes,0.6567,High Risk,85.45,1451.6,56.12,Month-to-month,17,13-24 months,Medium Value,Low-Med Value / High Risk,4,Fiber optic
6754-LZUKA,No,0.0319,Low Risk,80.9,4932.5,2.58,Two year,61,49+ months,High Value,High Value / Low Risk,7,DSL
3422-LYEPQ,Yes,0.6574,High Risk,71.0,71.0,46.68,Month-to-month,1,0-12 months,Low Value,Low-Med Value / High Risk,2,Fiber optic
8099-MZPUJ,No,0.0554,Low Risk,111.8,5443.65,6.2,Two year,48,25-48 months,High Value,High Value / Low Risk,9,Fiber optic
0787-LHDYT,No,0.1334,Low Risk,20.6,330.25,2.75,Month-to-month,16,13-24 months,Low Value,Low-Med Value / Low Risk,1,No
2642-DTVCO,Yes,0.781,Critical Risk,85.05,746.5,66.42,Month-to-month,9,0-12 months,Medium Value,Low-Med Value / High Risk,4,Fiber optic
0374-IOEGQ,No,0.405,Medium Risk,44.6,122.7,18.06,Month-to-month,3,0-12 months,Low Value,Low-Med Value / Low Risk,2,DSL
4361-JEIVL,Yes,0.4668,Medium Risk,44.4,44.4,20.73,Month-to-month,1,0-12 months,Low Value,Low-Med Value / Low Risk,2,DSL
3197-NNYNB,No,0.0773,Low Risk,105.1,6631.85,8.13,Two year,65,49+ months,High Value,High Value / Low Risk,7,Fiber optic
3396-DKDEL,No,0.0467,Low Risk,115.15,8250.0,5.37,Two year,70,49+ months,High Value,High Value / Low Risk,9,Fiber optic
1752-OZXFY,No,0.0355,Low Risk,59.8,3561.15,2.12,One year,60,49+ months,Medium Value,Low-Med Value / Low Risk,4,DSL
9066-QRSDU,No,0.0141,Low Risk,26.3,1763.55,0.37,One year,69,49+ months,Medium Value,Low-Med Value / Low Risk,2,No
9112-WSNPU,No,0.3606,Medium Risk,70.55,2419.0,25.44,Month-to-month,35,25-48 months,Medium Value,Low-Med Value / Low Risk,2,Fiber optic
9867-NNXLC,No,0.1138,Low Risk,20.05,470.2,2.28,Month-to-month,22,13-24 months,Medium Value,Low-Med Value / Low Risk,1,No
5321-NTRKC,No,0.0218,Low Risk,79.85,5234.95,1.74,Two year,66,49+ months,High Value,High Value / Low Risk,7,DSL
1363-TXLSL,Yes,0.7379,High Risk,70.3,70.3,51.88,Month-to-month,1,0-12 months,Low Value,Low-Med Value / High Risk,2,Fiber optic
9507-EXLTT,Yes,0.6746,High Risk,79.35,79.35,53.53,Month-to-month,1,0-12 months,Low Value,Low-Med Value / High Risk,3,Fiber optic
3161-GETRM,No,0.433,Medium Risk,90.05,3097.0,39.0,Month-to-month,34,25-48 months,Medium Value,Low-Med Value / Low Risk,5,Fiber optic
0402-OAMEN,No,0.0025,Low Risk,24.45,1709.1,0.06,Two year,72,49+ months,Medium Value,Low-Med Value / Low Risk,2,No
6933-VLYFX,No,0.105,Low Risk,59.95,1848.8,6.3,One year,31,25-48 months,Medium Value,Low-Med Value / Low Risk,6,DSL
6754-WKSHP,No,0.0306,Low Risk,25.35,723.3,0.78,One year,30,25-48 months,Medium Value,Low-Med Value / Low Risk,2,No
9846-GKXAS,Yes,0.6599,High Risk,90.8,809.75,59.92,Month-to-month,9,0-12 months,Medium Value,Low-Med Value / High Risk,4,Fiber optic
6017-PPLPX,Yes,0.504,High Risk,70.45,1470.95,35.5,Month-to-month,20,13-24 months,Medium Value,Low-Med Value / High Risk,2,Fiber optic
4976-LNFVV,No,0.3515,Medium Risk,34.3,577.15,12.06,Month-to-month,19,13-24 months,Medium Value,Low-Med Value / Low Risk,3,DSL
5055-MGMGF,No,0.3659,Medium Risk,105.05,6914.95,38.43,Month-to-month,65,49+ months,High Value,High Value / Low Risk,7,Fiber optic
4641-FROLU,No,0.0132,Low Risk,19.3,602.9,0.25,Two year,30,25-48 months,Medium Value,Low-Med Value / Low Risk,1,No
2862-JVEOY,No,0.0881,Low Risk,19.15,124.4,1.69,One year,6,0-12 months,Low Value,Low-Med Value / Low Risk,1,No
2969-QWUBZ,No,0.6109,High Risk,51.4,96.8,31.4,Month-to-month,2,0-12 months,Low Value,Low-Med Value / High Risk,4,DSL
9822-BIIGN,No,0.069,Low Risk,71.85,3827.9,4.95,Month-to-month,53,49+ months,High Value,High Value / Low Risk,6,DSL
2077-MPJQO,No,0.7538,Critical Risk,75.4,533.05,56.84,Month-to-month,7,0-12 months,Medium Value,Low-Med Value / High Risk,3,Fiber optic
1534-OULXE,No,0.0176,Low Risk,49.7,2961.4,0.87,One year,61,49+ months,Medium Value,Low-Med Value / Low Risk,3,DSL
7136-RVDTZ,Yes,0.0955,Low Risk,45.25,3264.45,4.32,One year,70,49+ months,Medium Value,Low-Med Value / Low Risk,3,DSL
2971-SGAFL,No,0.4867,Medium Risk,78.75,995.35,38.32,Month-to-month,13,13-24 months,Medium Value,Low-Med Value / Low Risk,7,DSL
1480-IVEVR,No,0.2859,Medium Risk,81.6,2815.25,23.33,One year,35,25-48 months,Medium Value,Low-Med Value / Low Risk,4,Fiber optic
2905-KFQUV,No,0.6034,High Risk,70.4,154.8,42.48,Month-to-month,2,0-12 months,Low Value,Low-Med Value / High Risk,2,Fiber optic
4581-SSPWD,Yes,0.7433,High Risk,75.8,246.3,56.34,Month-to-month,3,0-12 months,Low Value,Low-Med Value / High Risk,3,Fiber optic
3370-HXOPH,No,0.6662,High Risk,76.1,257.6,50.69,Month-to-month,3,0-12 months,Low Value,Low-Med Value / High Risk,3,Fiber optic
9391-YZEJW,No,0.2195,Low Risk,94.0,5757.2,20.63,One year,62,49+ months,High Value,High Value / Low Risk,5,Fiber optic
9958-MEKUC,No,0.0211,Low Risk,103.95,7517.7,2.19,Two year,72,49+ months,High Value,High Value / Low Risk,8,Fiber optic
0281-CNTZX,No,0.0049,Low Risk,19.95,1234.8,0.1,Two year,63,49+ months,Medium Value,Low-Med Value / Low Risk,1,No
6927-WTFIV,Yes,0.3882,Medium Risk,71.3,1389.2,27.68,Month-to-month,20,13-24 months,Medium Value,Low-Med Value / Low Risk,2,Fiber optic
4118-CEVPF,No,0.2395,Low Risk,110.8,3836.3,26.53,One year,35,25-48 months,High Value,High Value / Low Risk,9,Fiber optic
3398-ZOUAA,Yes,0.5892,High Risk,69.1,1474.75,40.71,Month-to-month,21,13-24 months,Medium Value,Low-Med Value / High Risk,2,Fiber optic
9114-VEPUF,No,0.117,Low Risk,96.1,6001.45,11.24,One year,62,49+ months,High Value,High Value / Low Risk,6,Fiber optic
7876-BEUTG,No,0.3768,Medium Risk,48.8,720.1,18.39,Month-to-month,15,13-24 months,Medium Value,Low-Med Value / Low Risk,3,DSL
2338-BQEZT,No,0.0519,Low Risk,50.55,2832.75,2.63,Month-to-month,55,49+ months,Medium Value,Low-Med Value / Low Risk,3,DSL
9873-MNDKV,No,0.3416,Medium Risk,44.65,472.25,15.25,Month-to-month,11,0-12 months,Medium Value,Low-Med Value / Low Risk,2,DSL
0378-NHQXU,Yes,0.569,High Risk,88.25,1460.65,50.21,Month-to-month,17,13-24 months,Medium Value,Low-Med Value / High Risk,5,Fiber optic
8241-JUIQO,No,0.0069,Low Risk,19.45,1336.35,0.14,One year,61,49+ months,Medium Value,Low-Med Value / Low Risk,1,No
2194-IIQOF,No,0.0119,Low Risk,89.3,6388.65,1.06,Two year,71,49+ months,High Value,High Value / Low Risk,9,DSL
4512-ZUIYL,Yes,0.5182,High Risk,70.0,153.05,36.28,Month-to-month,2,0-12 months,Low Value,Low-Med Value / High Risk,2,Fiber optic
9631-RXVJM,No,0.013,Low Risk,19.25,677.9,0.25,Two year,35,25-48 months,Medium Value,Low-Med Value / Low Risk,1,No
9584-EXCDZ,No,0.3852,Medium Risk,70.5,1165.6,27.16,Month-to-month,17,13-24 months,Medium Value,Low-Med Value / Low Risk,2,Fiber optic
7969-AULMZ,Yes,0.7292,High Risk,97.35,2119.5,70.99,Month-to-month,21,13-24 months,Medium Value,Low-Med Value / High Risk,5,Fiber optic
5093-FEGLU,No,0.007,Low Risk,19.65,921.55,0.14,Two year,47,25-48 months,Medium Value,Low-Med Value / Low Risk,1,No
2621-UDNLU,No,0.1771,Low Risk,20.85,72.0,3.69,Month-to-month,3,0-12 months,Low Value,Low-Med Value / Low Risk,1,No
7526-IVLYU,No,0.2412,Low Risk,19.65,68.35,4.74,Month-to-month,3,0-12 months,Low Value,Low-Med Value / Low Risk,1,No
2428-HYUNX,No,0.0131,Low Risk,19.35,847.25,0.25,Two year,44,25-48 months,Medium Value,Low-Med Value / Low Risk,1,No
9214-EKVXR,No,0.4421,Medium Risk,44.0,44.0,19.45,Month-to-month,1,0-12 months,Low Value,Low-Med Value / Low Risk,2,DSL
3410-MHHUM,No,0.2091,Low Risk,94.4,4295.35,19.74,One year,44,25-48 months,High Value,High Value / Low Risk,6,Fiber optic
0568-ONFPC,Yes,0.224,Low Risk,25.9,135.0,5.8,Month-to-month,5,0-12 months,Low Value,Low-Med Value / Low Risk,2,No
0733-VUNUW,Yes,0.2123,Low Risk,55.65,1400.55,11.81,Month-to-month,24,13-24 months,Medium Value,Low-Med Value / Low Risk,4,DSL
4550-EVXNY,Yes,0.6534,High Risk,69.65,69.65,45.51,Month-to-month,1,0-12 months,Low Value,Low-Med Value / High Risk,2,Fiber optic
2122-YWVYA,No,0.464,Medium Risk,75.4,1380.4,34.99,Month-to-month,18,13-24 months,Medium Value,Low-Med Value / Low Risk,3,Fiber optic
2968-SSGAA,Yes,0.785,Critical Risk,100.6,1060.2,78.97,Month-to-month,10,0-12 months,Medium Value,Low-Med Value / High Risk,6,Fiber optic
2296-DKZFP,No,0.009,Low Risk,71.0,4386.2,0.64,Two year,65,49+ months,High Value,High Value / Low Risk,6,DSL
4844-JJWUY,Yes,0.7365,High Risk,86.0,86.0,63.34,Month-to-month,1,0-12 months,Low Value,Low-Med Value / High Risk,4,Fiber optic
6777-TGHTM,Yes,0.2041,Low Risk,106.95,5785.5,21.82,One year,53,49+ months,High Value,High Value / Low Risk,7,Fiber optic
8909-BOLNL,No,0.0964,Low Risk,21.2,52.05,2.04,One year,3,0-12 months,Low Value,Low-Med Value / Low Risk,1,No
6603-YRDCJ,No,0.0239,Low Risk,61.05,2018.4,1.46,Two year,33,25-48 months,Medium Value,Low-Med Value / Low Risk,5,DSL
3538-WZPHD,Yes,0.5936,High Risk,29.6,79.45,17.57,Month-to-month,3,0-12 months,Low Value,Low-Med Value / High Risk,2,DSL
3229-USWAR,No,0.0775,Low Risk,79.95,2727.3,6.2,One year,34,25-48 months,Medium Value,Low-Med Value / Low Risk,7,DSL
2138-VFAPZ,No,0.0386,Low Risk,19.7,263.65,0.76,Two year,14,13-24 months,Low Value,Low-Med Value / Low Risk,1,No
6131-JLWZM,No,0.1622,Low Risk,20.3,275.4,3.29,Month-to-month,13,13-24 months,Low Value,Low-Med Value / Low Risk,1,No
4785-QRJHC,Yes,0.1118,Low Risk,59.9,2816.65,6.7,One year,46,25-48 months,Medium Value,Low-Med Value / Low Risk,6,DSL
0269-XFESX,No,0.0459,Low Risk,24.35,538.5,1.12,One year,23,13-24 months,Medium Value,Low-Med Value / Low Risk,2,No
1709-EJDOX,No,0.006,Low Risk,19.75,948.9,0.12,Two year,47,25-48 months,Medium Value,Low-Med Value / Low Risk,1,No
4316-XCSLJ,No,0.1795,Low Risk,50.3,846.8,9.03,Month-to-month,17,13-24 months,Medium Value,Low-Med Value / Low Risk,3,DSL
8610-WFCJF,Yes,0.5013,High Risk,95.6,4783.5,47.93,Month-to-month,49,49+ months,High Value,High Value / High Risk,5,Fiber optic
9693-XMUOB,No,0.2292,Low Risk,50.25,2997.45,11.52,Month-to-month,59,49+ months,Medium Value,Low-Med Value / Low Risk,4,DSL
0383-CLDDA,No,0.0194,Low Risk,85.35,5897.4,1.66,Two year,69,49+ months,High Value,High Value / Low Risk,8,DSL
4905-JEFDW,Yes,0.4227,Medium Risk,41.6,470.6,17.59,One year,11,0-12 months,Medium Value,Low-Med Value / Low Risk,3,DSL
2709-UQGNP,No,0.2622,Medium Risk,51.65,524.5,13.54,Month-to-month,10,0-12 months,Medium Value,Low-Med Value / Low Risk,3,DSL
3549-ZTMNH,No,0.0542,Low Risk,24.0,269.65,1.3,Two year,12,0-12 months,Low Value,Low-Med Value / Low Risk,2,No
7881-INRLC,Yes,0.457,Medium Risk,100.85,4740.0,46.09,Month-to-month,45,25-48 months,High Value,High Value / Low Risk,6,Fiber optic
8033-ATFAS,No,0.1565,Low Risk,59.85,2341.5,9.36,Month-to-month,39,25-48 months,Medium Value,Low-Med Value / Low Risk,4,DSL
1635-NZATJ,No,0.0037,Low Risk,25.45,1789.65,0.09,Two year,71,49+ months,Medium Value,Low-Med Value / Low Risk,2,No
0562-HKHML,No,0.0026,Low Risk,23.9,1626.4,0.06,Two year,71,49+ months,Medium Value,Low-Med Value / Low Risk,2,No
8277-RVRSV,No,0.0264,Low Risk,24.15,800.3,0.64,One year,33,25-48 months,Medium Value,Low-Med Value / Low Risk,2,No
9943-VSZUV,No,0.2255,Low Risk,75.7,5060.85,17.07,Month-to-month,67,49+ months,High Value,High Value / Low Risk,3,Fiber optic
0117-LFRMW,Yes,0.0775,Low Risk,40.2,1448.8,3.12,Month-to-month,37,25-48 months,Medium Value,Low-Med Value / Low Risk,4,DSL
6172-FECYY,Yes,0.3391,Medium Risk,84.5,4254.85,28.66,Month-to-month,49,49+ months,High Value,High Value / Low Risk,4,Fiber optic
7054-ENNGU,No,0.2494,Low Risk,50.85,466.6,12.68,Month-to-month,9,0-12 months,Medium Value,Low-Med Value / Low Risk,3,DSL
1455-HFBXA,No,0.0482,Low Risk,91.6,4627.8,4.42,Two year,52,49+ months,High Value,High Value / Low Risk,6,Fiber optic
9402-CXWPL,No,0.1692,Low Risk,98.9,6838.6,16.73,One year,70,49+ months,High Value,High Value / Low Risk,6,Fiber optic
1628-BIZYP,No,0.7152,High Risk,85.0,85.0,60.79,Month-to-month,1,0-12 months,Low Value,Low-Med Value / High Risk,4,Fiber optic
1965-AKTSX,Yes,0.6684,High Risk,78.95,1101.85,52.77,Month-to-month,14,13-24 months,Medium Value,Low-Med Value / High Risk,4,Fiber optic
0082-LDZUE,No,0.4459,Medium Risk,44.3,44.3,19.75,Month-to-month,1,0-12 months,Low Value,Low-Med Value / Low Risk,2,DSL
4786-UKSNZ,Yes,0.1924,Low Risk,20.2,20.2,3.89,Month-to-month,1,0-12 months,Low Value,Low-Med Value / Low Risk,1,No
5343-SGUBI,No,0.1587,Low Risk,80.2,4297.6,12.73,One year,52,49+ months,High Value,High Value / Low Risk,4,Fiber optic
0856-NAOES,No,0.3524,Medium Risk,60.9,414.1,21.46,Month-to-month,6,0-12 months,Medium Value,Low-Med Value / Low Risk,4,DSL
1976-AZZPJ,No,0.2962,Medium Risk,34.2,256.6,10.13,Month-to-month,7,0-12 months,Low Value,Low-Med Value / Low Risk,3,DSL
7248-VZQLC,Yes,0.3179,Medium Risk,85.2,3969.35,27.08,Month-to-month,47,25-48 months,High Value,High Value / Low Risk,5,Fiber optic
6156-UZDLF,No,0.1298,Low Risk,87.15,2274.1,11.31,One year,26,25-48 months,Medium Value,Low-Med Value / Low Risk,5,Fiber optic
3099-OONVS,No,0.0981,Low Risk,54.3,1296.8,5.32,Month-to-month,25,25-48 months,Medium Value,Low-Med Value / Low Risk,4,DSL
9500-WBGRP,No,0.0038,Low Risk,19.1,1268.85,0.07,Two year,69,49+ months,Medium Value,Low-Med Value / Low Risk,1,No
5183-KLYEM,No,0.0529,Low Risk,112.75,8192.6,5.96,Two year,72,49+ months,High Value,High Value / Low Risk,9,Fiber optic
5144-PQCDZ,No,0.2306,Low Risk,19.95,59.25,4.6,Month-to-month,4,0-12 months,Low Value,Low-Med Value / Low Risk,1,No
8514-VZHEB,No,0.0035,Low Risk,19.5,1147.85,0.07,Two year,59,49+ months,Medium Value,Low-Med Value / Low Risk,1,No
6625-IUTTT,No,0.0097,Low Risk,65.55,4361.55,0.64,Two year,67,49+ months,High Value,High Value / Low Risk,5,DSL
9355-NPPFS,No,0.6016,High Risk,78.8,2006.1,47.41,Month-to-month,26,25-48 months,Medium Value,Low-Med Value / High Risk,3,Fiber optic
0068-FIGTF,No,0.0919,Low Risk,78.2,2078.95,7.19,One year,27,25-48 months,Medium Value,Low-Med Value / Low Risk,7,DSL
5965-GGPRW,No,0.0461,Low Risk,105.25,7609.75,4.85,Two year,72,49+ months,High Value,High Value / Low Risk,7,Fiber optic
8035-PWSEV,No,0.6246,High Risk,89.25,487.05,55.75,Month-to-month,6,0-12 months,Medium Value,Low-Med Value / High Risk,5,Fiber optic
2236-HILPA,No,0.0027,Low Risk,20.65,1218.45,0.06,Two year,62,49+ months,Medium Value,Low-Med Value / Low Risk,1,No
1840-BIUOG,No,0.2167,Low Risk,68.7,1416.2,14.88,One year,20,13-24 months,Medium Value,Low-Med Value / Low Risk,6,DSL
1356-MKYSK,No,0.2244,Low Risk,78.65,483.3,17.65,Month-to-month,6,0-12 months,Medium Value,Low-Med Value / Low Risk,7,DSL
6080-LNESI,No,0.0086,Low Risk,24.75,1234.6,0.21,Two year,51,49+ months,Medium Value,Low-Med Value / Low Risk,2,No
1830-IPXVJ,No,0.0029,Low Risk,19.75,1311.6,0.06,Two year,61,49+ months,Medium Value,Low-Med Value / Low Risk,1,No
5828-DWPIL,No,0.2437,Low Risk,89.1,5618.3,21.71,Month-to-month,62,49+ months,High Value,High Value / Low Risk,6,Fiber optic
8398-TBIYD,No,0.0274,Low Risk,84.7,6185.15,2.32,Two year,72,49+ months,High Value,High Value / Low Risk,5,Fiber optic
0011-IGKFF,Yes,0.722,High Risk,98.0,1237.85,70.75,Month-to-month,13,13-24 months,Medium Value,Low-Med Value / High Risk,6,Fiber optic
4192-GORJT,Yes,0.768,Critical Risk,94.45,498.1,72.54,Month-to-month,5,0-12 months,Medium Value,Low-Med Value / High Risk,5,Fiber optic
6496-SLWHQ,Yes,0.8137,Critical Risk,105.0,294.45,85.44,Month-to-month,3,0-12 months,Low Value,Low-Med Value / High Risk,7,Fiber optic
9912-GVSEQ,Yes,0.6422,High Risk,93.85,2381.55,60.27,Month-to-month,26,25-48 months,Medium Value,Low-Med Value / High Risk,6,Fiber optic
2931-FSOHN,No,0.458,Medium Risk,59.9,788.35,27.43,Month-to-month,13,13-24 months,Medium Value,Low-Med Value / Low Risk,4,DSL
9418-RUKPH,No,0.013,Low Risk,19.95,756.4,0.26,Two year,38,25-48 months,Medium Value,Low-Med Value / Low Risk,1,No
5383-MMTWC,Yes,0.7876,Critical Risk,84.0,613.4,66.16,Month-to-month,8,0-12 months,Medium Value,Low-Med Value / High Risk,4,Fiber optic
9971-ZWPBF,No,0.5256,High Risk,108.9,3625.2,57.24,Month-to-month,34,25-48 months,Medium Value,Low-Med Value / High Risk,8,Fiber optic
4712-AUQZO,No,0.2251,Low Risk,33.6,550.35,7.56,Month-to-month,18,13-24 months,Medium Value,Low-Med Value / Low Risk,3,DSL
9711-FJTBX,No,0.0656,Low Risk,85.85,4793.8,5.63,One year,56,49+ months,High Value,High Value / Low Risk,5,Fiber optic
2908-ZTPNF,No,0.1402,Low Risk,34.85,1267.2,4.88,Month-to-month,36,25-48 months,Medium Value,Low-Med Value / Low Risk,3,DSL
7240-ETPTR,Yes,0.6782,High Risk,48.75,442.2,33.06,Month-to-month,9,0-12 months,Medium Value,Low-Med Value / High Risk,4,DSL
2202-CUYXZ,Yes,0.7422,High Risk,84.85,84.85,62.98,Month-to-month,1,0-12 months,Low Value,Low-Med Value / High Risk,4,Fiber optic
5995-OIGLP,Yes,0.1355,Low Risk,56.65,654.85,7.68,Month-to-month,12,0-12 months,Medium Value,Low-Med Value / Low Risk,4,DSL
8421-WZOOW,No,0.1696,Low Risk,95.3,5567.45,16.17,Month-to-month,57,49+ months,High Value,High Value / Low Risk,6,Fiber optic
6261-RCVNS,Yes,0.0274,Low Risk,73.9,3160.55,2.02,One year,42,25-48 months,Medium Value,Low-Med Value / Low Risk,7,DSL
7951-QKZPL,Yes,0.0222,Low Risk,24.5,740.3,0.54,Two year,33,25-48 months,Medium Value,Low-Med Value / Low Risk,2,No
1414-YADCW,No,0.0125,Low Risk,84.6,5706.2,1.06,Two year,70,49+ months,High Value,High Value / Low Risk,5,Fiber optic
8756-RDDLT,No,0.0573,Low Risk,44.95,3085.35,2.58,Month-to-month,68,49+ months,Medium Value,Low-Med Value / Low Risk,4,DSL
2862-PFNIK,No,0.6028,High Risk,24.7,24.7,14.89,Month-to-month,1,0-12 months,Low Value,Low-Med Value / High Risk,1,DSL
5816-QVHRX,No,0.3492,Medium Risk,100.3,3541.4,35.02,Month-to-month,37,25-48 months,Medium Value,Low-Med Value / Low Risk,6,Fiber optic
4430-YHXGG,No,0.2369,Low Risk,25.45,84.2,6.03,Month-to-month,4,0-12 months,Low Value,Low-Med Value / Low Risk,2,No
6888-SBYAI,No,0.339,Medium Risk,50.7,50.7,17.19,Month-to-month,1,0-12 months,Low Value,Low-Med Value / Low Risk,3,DSL
7395-XWZOY,No,0.2162,Low Risk,55.0,1165.55,11.89,Month-to-month,20,13-24 months,Medium Value,Low-Med Value / Low Risk,6,DSL
7169-YWAMK,No,0.0043,Low Risk,68.4,4855.35,0.3,Two year,72,49+ months,High Value,High Value / Low Risk,6,DSL
3640-PHQXK,Yes,0.6036,High Risk,89.9,2806.9,54.26,Month-to-month,31,25-48 months,Medium Value,Low-Med Value / High Risk,5,Fiber optic
6877-LGWXO,Yes,0.5895,High Risk,78.55,1422.65,46.3,Month-to-month,18,13-24 months,Medium Value,Low-Med Value / High Risk,3,Fiber optic
6859-RKMZJ,No,0.3924,Medium Risk,55.05,608.15,21.6,Month-to-month,11,0-12 months,Medium Value,Low-Med Value / Low Risk,3,DSL
2729-VNVAP,No,0.0102,Low Risk,19.8,641.35,0.2,Two year,33,25-48 months,Medium Value,Low-Med Value / Low Risk,1,No
2957-JIRMN,No,0.1783,Low Risk,84.45,4959.15,15.06,One year,62,49+ months,High Value,High Value / Low Risk,4,Fiber optic
2049-BAFNW,No,0.3781,Medium Risk,35.9,35.9,13.58,Month-to-month,1,0-12 months,Low Value,Low-Med Value / Low Risk,3,DSL
3842-QTGDL,No,0.2796,Medium Risk,80.75,1321.3,22.58,Month-to-month,16,13-24 months,Medium Value,Low-Med Value / Low Risk,4,Fiber optic
7163-OCEQI,No,0.1835,Low Risk,78.65,1663.75,14.43,One year,22,13-24 months,Medium Value,Low-Med Value / Low Risk,7,DSL
9782-LGXMC,No,0.0284,Low Risk,61.75,3024.15,1.76,Month-to-month,49,49+ months,Medium Value,Low-Med Value / Low Risk,5,DSL
5975-BAICR,No,0.0602,Low Risk,63.7,2188.5,3.84,One year,36,25-48 months,Medium Value,Low-Med Value / Low Risk,5,DSL
8019-ENHXU,Yes,0.4169,Medium Risk,99.45,4138.05,41.46,Month-to-month,42,25-48 months,High Value,High Value / Low Risk,7,Fiber optic
5167-GBFRE,Yes,0.5657,High Risk,25.2,102.5,14.26,Month-to-month,4,0-12 months,Low Value,Low-Med Value / High Risk,1,DSL
9033-EOXWV,Yes,0.2116,Low Risk,74.05,872.65,15.67,One year,12,0-12 months,Medium Value,Low-Med Value / Low Risk,6,DSL
4673-KKSLS,No,0.2101,Low Risk,87.6,2724.25,18.4,Month-to-month,31,25-48 months,Medium Value,Low-Med Value / Low Risk,5,Fiber optic
4853-OITSN,No,0.7035,High Risk,89.15,413.25,62.71,Month-to-month,5,0-12 months,Medium Value,Low-Med Value / High Risk,5,Fiber optic
9800-OUIGR,No,0.0023,Low Risk,20.0,1374.2,0.05,Two year,66,49+ months,Medium Value,Low-Med Value / Low Risk,1,No
1324-NLTJE,Yes,0.2277,Low Risk,55.0,757.1,12.52,Month-to-month,15,13-24 months,Medium Value,Low-Med Value / Low Risk,4,DSL
2324-EFHVG,No,0.1198,Low Risk,104.4,6692.65,12.51,Two year,64,49+ months,High Value,High Value / Low Risk,7,Fiber optic
7094-MSZAO,No,0.1436,Low Risk,20.05,218.5,2.88,Month-to-month,10,0-12 months,Low Value,Low-Med Value / Low Risk,1,No
1522-VVDMG,Yes,0.5397,High Risk,89.75,608.8,48.44,Month-to-month,7,0-12 months,Medium Value,Low-Med Value / High Risk,5,Fiber optic
6907-CQGPN,No,0.1859,Low Risk,34.3,1004.75,6.38,Month-to-month,29,25-48 months,Medium Value,Low-Med Value / Low Risk,3,DSL
0780-XNZFN,No,0.0043,Low Risk,20.65,1125.6,0.09,Two year,57,49+ months,Medium Value,Low-Med Value / Low Risk,1,No
0239-OXEXL,No,0.1743,Low Risk,84.25,3847.6,14.69,Month-to-month,46,25-48 months,High Value,High Value / Low Risk,5,Fiber optic
2675-IJRGJ,No,0.0052,Low Risk,19.65,978.0,0.1,Two year,53,49+ months,Medium Value,Low-Med Value / Low Risk,1,No
7049-GKVZY,No,0.0789,Low Risk,79.85,1387.35,6.3,One year,17,13-24 months,Medium Value,Low-Med Value / Low Risk,7,DSL
8577-QSOCG,No,0.0129,Low Risk,20.2,746.05,0.26,Two year,38,25-48 months,Medium Value,Low-Med Value / Low Risk,1,No
3721-CNZHX,No,0.0591,Low Risk,19.8,304.6,1.17,One year,15,13-24 months,Low Value,Low-Med Value / Low Risk,1,No
0212-ISBBF,No,0.5124,High Risk,50.35,1098.85,25.8,Month-to-month,22,13-24 months,Medium Value,Low-Med Value / High Risk,4,DSL
9185-TQCVP,Yes,0.7274,High Risk,85.15,1139.2,61.94,Month-to-month,14,13-24 months,Medium Value,Low-Med Value / High Risk,4,Fiber optic
3585-YNADK,No,0.0356,Low Risk,74.6,4368.95,2.66,One year,57,49+ months,High Value,High Value / Low Risk,7,DSL
5271-DBYSJ,No,0.623,High Risk,79.15,827.7,49.31,Month-to-month,11,0-12 months,Medium Value,Low-Med Value / High Risk,3,Fiber optic
1099-GODLO,No,0.048,Low Risk,20.35,20.35,0.98,Two year,1,0-12 months,Low Value,Low-Med Value / Low Risk,1,No
6828-HMKWP,No,0.0278,Low Risk,21.05,262.05,0.59,Two year,12,0-12 months,Low Value,Low-Med Value / Low Risk,1,No
5567-WSELE,Yes,0.8479,Critical Risk,94.6,279.55,80.21,Month-to-month,3,0-12 months,Low Value,Low-Med Value / High Risk,5,Fiber optic
1472-TNCWL,No,0.482,Medium Risk,94.7,3512.5,45.65,Month-to-month,36,25-48 months,Medium Value,Low-Med Value / Low Risk,5,Fiber optic
8063-RJYNF,Yes,0.6136,High Risk,94.25,1483.25,57.84,Month-to-month,16,13-24 months,Medium Value,Low-Med Value / High Risk,5,Fiber optic
0687-ZVTHB,Yes,0.0199,Low Risk,72.45,4653.85,1.44,One year,65,49+ months,High Value,High Value / Low Risk,7,DSL
2080-GKCWQ,No,0.5737,High Risk,74.95,151.75,43.0,Month-to-month,2,0-12 months,Low Value,Low-Med Value / High Risk,3,Fiber optic
9661-ACXBS,Yes,0.5042,High Risk,105.2,4400.75,53.05,Month-to-month,42,25-48 months,High Value,High Value / High Risk,7,Fiber optic
2193-SFWQW,No,0.0219,Low Risk,111.95,8033.1,2.45,Two year,72,49+ months,High Value,High Value / Low Risk,8,Fiber optic
5656-JAMLX,No,0.0035,Low Risk,19.85,1253.65,0.07,Two year,62,49+ months,Medium Value,Low-Med Value / Low Risk,1,No
3462-BJQQA,No,0.7394,High Risk,89.75,552.65,66.37,Month-to-month,6,0-12 months,Medium Value,Low-Med Value / High Risk,5,Fiber optic
0442-TDYUO,No,0.0106,Low Risk,20.05,1036.0,0.21,Two year,48,25-48 months,Medium Value,Low-Med Value / Low Risk,1,No
6733-LRIZX,No,0.2025,Low Risk,108.95,4025.5,22.06,Two year,35,25-48 months,High Value,High Value / Low Risk,8,Fiber optic
9503-XJUME,No,0.0078,Low Risk,19.65,928.4,0.15,One year,52,49+ months,Medium Value,Low-Med Value / Low Risk,1,No
4367-NHWMM,No,0.5761,High Risk,24.9,24.9,14.35,Month-to-month,1,0-12 months,Low Value,Low-Med Value / High Risk,1,DSL
3727-RJMEO,Yes,0.7814,Critical Risk,82.85,460.25,64.74,Month-to-month,6,0-12 months,Medium Value,Low-Med Value / High Risk,4,Fiber optic
3779-OSWCF,No,0.0114,Low Risk,93.2,6506.15,1.07,Two year,71,49+ months,High Value,High Value / Low Risk,9,DSL
6736-DHUQI,No,0.0287,Low Risk,84.8,5598.3,2.43,One year,67,49+ months,High Value,High Value / Low Risk,5,Fiber optic
3915-ODIYG,No,0.069,Low Risk,71.75,4374.55,4.95,One year,60,49+ months,High Value,High Value / Low Risk,6,DSL
1360-RCYRT,No,0.2137,Low Risk,30.35,678.75,6.49,Month-to-month,23,13-24 months,Medium Value,Low-Med Value / Low Risk,2,DSL
2724-FJDYW,No,0.0799,Low Risk,54.85,2191.7,4.38,One year,39,25-48 months,Medium Value,Low-Med Value / Low Risk,5,DSL
4451-RWASJ,No,0.0683,Low Risk,19.5,239.75,1.33,One year,15,13-24 months,Low Value,Low-Med Value / Low Risk,1,No
6646-VRFOL,Yes,0.5418,High Risk,103.85,5485.5,56.26,Month-to-month,53,49+ months,High Value,High Value / High Risk,7,Fiber optic
3460-TJBWI,No,0.0241,Low Risk,24.2,609.05,0.58,Two year,24,13-24 months,Medium Value,Low-Med Value / Low Risk,2,No
5917-HBSDW,No,0.0465,Low Risk,19.35,683.75,0.9,Month-to-month,37,25-48 months,Medium Value,Low-Med Value / Low Risk,1,No
5685-IIXLY,Yes,0.6434,High Risk,83.6,404.2,53.79,Month-to-month,5,0-12 months,Medium Value,Low-Med Value / High Risk,4,Fiber optic
5671-UUNXD,No,0.3436,Medium Risk,100.65,5189.75,34.58,One year,50,49+ months,High Value,High Value / Low Risk,6,Fiber optic
0956-ACVZC,No,0.1997,Low Risk,94.1,5060.9,18.79,One year,54,49+ months,High Value,High Value / Low Risk,5,Fiber optic
2325-NBPZG,No,0.5918,High Risk,74.55,233.65,44.12,Month-to-month,3,0-12 months,Low Value,Low-Med Value / High Risk,3,Fiber optic
4250-ZBWLV,Yes,0.1418,Low Risk,108.45,7176.55,15.37,One year,68,49+ months,High Value,High Value / Low Risk,8,Fiber optic
4482-FTFFX,No,0.2944,Medium Risk,56.15,291.45,16.53,Month-to-month,5,0-12 months,Low Value,Low-Med Value / Low Risk,4,DSL
8859-DZTGQ,No,0.0142,Low Risk,20.35,689.75,0.29,Two year,33,25-48 months,Medium Value,Low-Med Value / Low Risk,1,No
0440-MOGPM,No,0.1932,Low Risk,80.55,3263.9,15.56,One year,41,25-48 months,Medium Value,Low-Med Value / Low Risk,7,DSL
0020-JDNXP,No,0.068,Low Risk,61.25,1993.2,4.16,One year,34,25-48 months,Medium Value,Low-Med Value / Low Risk,6,DSL
3752-CQSJI,No,0.1354,Low Risk,20.45,254.5,2.77,Month-to-month,13,13-24 months,Low Value,Low-Med Value / Low Risk,1,No
5025-GOOKI,No,0.1128,Low Risk,18.9,347.65,2.13,Month-to-month,20,13-24 months,Low Value,Low-Med Value / Low Risk,1,No
4698-KVLLG,No,0.0063,Low Risk,19.6,967.9,0.12,Two year,51,49+ months,Medium Value,Low-Med Value / Low Risk,1,No
5095-AESKG,Yes,0.6676,High Risk,91.5,242.95,61.08,Month-to-month,3,0-12 months,Low Value,Low-Med Value / High Risk,5,Fiber optic
2887-JPYLU,No,0.0728,Low Risk,45.2,1841.9,3.29,Month-to-month,41,25-48 months,Medium Value,Low-Med Value / Low Risk,2,DSL
4770-QAZXN,No,0.1081,Low Risk,19.45,232.1,2.1,Month-to-month,13,13-24 months,Low Value,Low-Med Value / Low Risk,1,No
4896-CPRPF,No,0.0133,Low Risk,25.45,809.25,0.34,Two year,35,25-48 months,Medium Value,Low-Med Value / Low Risk,2,No
1871-MOWRM,Yes,0.2594,Medium Risk,80.85,866.45,20.97,Month-to-month,12,0-12 months,Medium Value,Low-Med Value / Low Risk,4,Fiber optic
9714-EDSUC,No,0.43,Medium Risk,94.9,360.55,40.8,Month-to-month,4,0-12 months,Low Value,Low-Med Value / Low Risk,6,Fiber optic
2027-OAQQC,Yes,0.2651,Medium Risk,49.05,2076.2,13.0,Month-to-month,43,25-48 months,Medium Value,Low-Med Value / Low Risk,4,DSL
0282-NVSJS,No,0.3533,Medium Risk,29.3,355.9,10.35,Month-to-month,12,0-12 months,Low Value,Low-Med Value / Low Risk,2,DSL
9090-SGQXL,Yes,0.4494,Medium Risk,105.3,7299.65,47.33,Month-to-month,68,49+ months,High Value,High Value / Low Risk,7,Fiber optic
6595-YGXIT,Yes,0.6583,High Risk,88.95,2291.2,58.56,Month-to-month,25,25-48 months,Medium Value,Low-Med Value / High Risk,5,Fiber optic
7353-YOWFP,No,0.0811,Low Risk,20.25,129.15,1.64,One year,7,0-12 months,Low Value,Low-Med Value / Low Risk,1,No
9835-ZIITK,Yes,0.2438,Low Risk,110.85,7491.75,27.02,One year,66,49+ months,High Value,High Value / Low Risk,8,Fiber optic
8008-ESFLK,No,0.1097,Low Risk,110.5,5835.5,12.12,One year,53,49+ months,High Value,High Value / Low Risk,8,Fiber optic
7537-CBQUZ,No,0.3056,Medium Risk,109.4,7031.45,33.43,Month-to-month,63,49+ months,High Value,High Value / Low Risk,8,Fiber optic
1555-DJEQW,Yes,0.0437,Low Risk,114.2,7723.9,4.99,Two year,70,49+ months,High Value,High Value / Low Risk,9,Fiber optic
5649-TJHOV,Yes,0.2998,Medium Risk,36.5,1032.0,10.94,Month-to-month,27,25-48 months,Medium Value,Low-Med Value / Low Risk,2,DSL
0519-XUZJU,Yes,0.5396,High Risk,70.75,70.75,38.18,Month-to-month,1,0-12 months,Low Value,Low-Med Value / High Risk,2,Fiber optic
3363-EWLGO,No,0.1632,Low Risk,19.95,109.6,3.26,Month-to-month,5,0-12 months,Low Value,Low-Med Value / Low Risk,1,No
4750-UKWJK,No,0.0254,Low Risk,19.6,727.8,0.5,One year,37,25-48 months,Medium Value,Low-Med Value / Low Risk,1,No
6338-AVWCY,Yes,0.604,High Risk,40.15,130.75,24.25,Month-to-month,3,0-12 months,Low Value,Low-Med Value / High Risk,3,DSL
1689-YQBYY,No,0.6256,High Risk,76.6,893.0,47.92,Month-to-month,12,0-12 months,Medium Value,Low-Med Value / High Risk,3,Fiber optic
4487-ZYJZK,No,0.0153,Low Risk,19.6,763.1,0.3,One year,38,25-48 months,Medium Value,Low-Med Value / Low Risk,1,No
2959-FENLU,No,0.5903,High Risk,85.3,781.4,50.35,Month-to-month,9,0-12 months,Medium Value,Low-Med Value / High Risk,4,Fiber optic
0708-LGSMF,No,0.4383,Medium Risk,65.85,902.25,28.86,Month-to-month,13,13-24 months,Medium Value,Low-Med Value / Low Risk,5,DSL
9253-QXKBE,Yes,0.72,High Risk,94.45,2653.65,68.0,Month-to-month,29,25-48 months,Medium Value,Low-Med Value / High Risk,5,Fiber optic
7634-HLQJR,No,0.0054,Low Risk,20.05,1016.7,0.11,Two year,47,25-48 months,Medium Value,Low-Med Value / Low Risk,1,No
0487-RPVUM,No,0.1318,Low Risk,99.4,5943.65,13.1,Month-to-month,61,49+ months,High Value,High Value / Low Risk,7,Fiber optic
4079-ULGFR,No,0.1054,Low Risk,20.0,275.7,2.11,Month-to-month,16,13-24 months,Low Value,Low-Med Value / Low Risk,1,No
2516-XSJKX,No,0.0246,Low Risk,78.45,3126.45,1.93,Two year,41,25-48 months,Medium Value,Low-Med Value / Low Risk,7,DSL
0057-QBUQH,No,0.019,Low Risk,25.1,1070.15,0.48,Two year,43,25-48 months,Medium Value,Low-Med Value / Low Risk,2,No
9445-SZLCH,Yes,0.3802,Medium Risk,97.35,3457.9,37.02,Month-to-month,36,25-48 months,Medium Value,Low-Med Value / Low Risk,6,Fiber optic
6599-SFQVE,No,0.5237,High Risk,55.0,340.4,28.8,Month-to-month,6,0-12 months,Low Value,Low-Med Value / High Risk,3,DSL
8331-ZXFOE,No,0.0235,Low Risk,71.1,4299.2,1.67,One year,58,49+ months,High Value,High Value / Low Risk,7,DSL
4003-FUSHP,No,0.2324,Low Risk,61.55,1093.2,14.3,Month-to-month,19,13-24 months,Medium Value,Low-Med Value / Low Risk,4,DSL
0356-ERHVT,No,0.3335,Medium Risk,45.9,521.9,15.31,Month-to-month,11,0-12 months,Medium Value,Low-Med Value / Low Risk,2,DSL
7325-ENZFI,No,0.0471,Low Risk,40.3,1630.4,1.9,One year,39,25-48 months,Medium Value,Low-Med Value / Low Risk,4,DSL
4884-ZTHVF,No,0.6892,High Risk,87.1,713.6,60.03,Month-to-month,8,0-12 months,Medium Value,Low-Med Value / High Risk,4,Fiber optic
3920-HIHMQ,No,0.2355,Low Risk,49.5,1265.65,11.66,Month-to-month,26,25-48 months,Medium Value,Low-Med Value / Low Risk,3,DSL
3055-OYMSE,No,0.2114,Low Risk,73.8,4003.85,15.6,Month-to-month,53,49+ months,High Value,High Value / Low Risk,3,Fiber optic
0613-WUXUM,No,0.003,Low Risk,19.2,1401.4,0.06,Two year,70,49+ months,Medium Value,Low-Med Value / Low Risk,1,No
7568-PODML,Yes,0.6823,High Risk,45.3,45.3,30.91,Month-to-month,1,0-12 months,Low Value,Low-Med Value / High Risk,3,DSL
4458-KVRBJ,No,0.0061,Low Risk,25.0,1510.5,0.15,Two year,59,49+ months,Medium Value,Low-Med Value / Low Risk,2,No
5349-IECLD,Yes,0.706,High Risk,94.95,178.1,67.04,Month-to-month,2,0-12 months,Low Value,Low-Med Value / High Risk,5,Fiber optic
1397-XKKWR,No,0.1884,Low Risk,35.3,264.8,6.65,One year,7,0-12 months,Low Value,Low-Med Value / Low Risk,3,DSL
3945-GFWQL,Yes,0.3504,Medium Risk,44.55,480.6,15.61,Month-to-month,12,0-12 months,Medium Value,Low-Med Value / Low Risk,2,DSL
8097-OMULG,No,0.0262,Low Risk,76.75,4541.9,2.01,One year,59,49+ months,High Value,High Value / Low Risk,7,DSL
6013-BHCAW,No,0.0305,Low Risk,81.0,4976.15,2.47,Two year,61,49+ months,High Value,High Value / Low Risk,7,DSL
0401-WDBXM,No,0.0641,Low Risk,105.55,7542.25,6.77,Two year,72,49+ months,High Value,High Value / Low Risk,7,Fiber optic
3387-PLKUI,No,0.1002,Low Risk,18.8,251.25,1.88,Month-to-month,13,13-24 months,Low Value,Low-Med Value / Low Risk,1,No
6096-EGVTU,No,0.0073,Low Risk,24.9,1595.5,0.18,One year,64,49+ months,Medium Value,Low-Med Value / Low Risk,2,No
3797-VTIDR,Yes,0.6652,High Risk,23.45,23.45,15.6,Month-to-month,1,0-12 months,Low Value,Low-Med Value / High Risk,1,DSL
5081-NWSUP,No,0.1242,Low Risk,64.9,685.55,8.06,One year,10,0-12 months,Medium Value,Low-Med Value / Low Risk,5,DSL
2580-ATZSQ,No,0.0096,Low Risk,61.35,3874.1,0.59,One year,65,49+ months,High Value,High Value / Low Risk,5,DSL
8085-MSNLK,No,0.0501,Low Risk,113.95,6891.4,5.71,Two year,62,49+ months,High Value,High Value / Low Risk,9,Fiber optic
9691-HKOVS,No,0.0734,Low Risk,90.15,4916.95,6.62,One year,55,49+ months,High Value,High Value / Low Risk,9,DSL
9881-VCZEP,No,0.2533,Medium Risk,54.1,1373.0,13.7,Month-to-month,25,25-48 months,Medium Value,Low-Med Value / Low Risk,4,DSL
9526-BIHHD,Yes,0.386,Medium Risk,29.7,29.7,11.46,Month-to-month,1,0-12 months,Low Value,Low-Med Value / Low Risk,2,DSL
8757-TFHHJ,No,0.3195,Medium Risk,49.8,49.8,15.91,Month-to-month,1,0-12 months,Low Value,Low-Med Value / Low Risk,3,DSL
4523-WXCEF,Yes,0.3675,Medium Risk,101.1,6039.9,37.16,Month-to-month,59,49+ months,High Value,High Value / Low Risk,6,Fiber optic
1468-DEFNC,No,0.0061,Low Risk,24.4,1548.65,0.15,Two year,64,49+ months,Medium Value,Low-Med Value / Low Risk,2,No
5119-KEPFY,No,0.5585,High Risk,95.0,3440.25,53.06,Month-to-month,36,25-48 months,Medium Value,Low-Med Value / High Risk,5,Fiber optic
8364-TRMMK,Yes,0.4864,Medium Risk,50.65,151.3,24.63,Month-to-month,3,0-12 months,Low Value,Low-Med Value / Low Risk,3,DSL
0916-KNFAJ,No,0.0268,Low Risk,69.9,4226.7,1.87,Two year,61,49+ months,High Value,High Value / Low Risk,6,DSL
8319-QBEHW,No,0.1597,Low Risk,39.95,1023.75,6.38,One year,26,25-48 months,Medium Value,Low-Med Value / Low Risk,3,DSL
3063-QFSZL,Yes,0.5688,High Risk,55.4,55.4,31.51,Month-to-month,1,0-12 months,Low Value,Low-Med Value / High Risk,3,DSL
8775-LHDJH,Yes,0.7928,Critical Risk,90.6,90.6,71.83,Month-to-month,1,0-12 months,Low Value,Low-Med Value / High Risk,5,Fiber optic
9625-QNLUX,No,0.0455,Low Risk,103.25,7074.4,4.7,Two year,68,49+ months,High Value,High Value / Low Risk,7,Fiber optic
3097-NQYSN,Yes,0.7629,Critical Risk,86.85,156.35,66.26,Month-to-month,2,0-12 months,Low Value,Low-Med Value / High Risk,4,Fiber optic
4024-CSNBY,No,0.0264,Low Risk,94.25,6849.75,2.49,Two year,72,49+ months,High Value,High Value / Low Risk,7,Fiber optic
7110-BDTWG,No,0.023,Low Risk,47.05,3263.6,1.08,Two year,71,49+ months,Medium Value,Low-Med Value / Low Risk,4,DSL
7493-GVFIO,No,0.0043,Low Risk,20.55,1252.85,0.09,Two year,57,49+ months,Medium Value,Low-Med Value / Low Risk,1,No
0690-SRQID,No,0.2319,Low Risk,19.65,67.55,4.56,Month-to-month,4,0-12 months,Low Value,Low-Med Value / Low Risk,1,No
9605-WGJVW,No,0.7302,High Risk,70.2,70.2,51.26,Month-to-month,1,0-12 months,Low Value,Low-Med Value / High Risk,2,Fiber optic
9114-DPSIA,No,0.0062,Low Risk,81.0,5750.0,0.5,Two year,72,49+ months,High Value,High Value / Low Risk,8,DSL
4700-UBQMV,No,0.1704,Low Risk,75.9,1549.75,12.93,One year,21,13-24 months,Medium Value,Low-Med Value / Low Risk,6,DSL
7711-GQBZC,No,0.0027,Low Risk,24.7,1810.55,0.07,Two year,71,49+ months,Medium Value,Low-Med Value / Low Risk,2,No
3565-UNOCC,Yes,0.6407,High Risk,99.05,2952.85,63.46,Month-to-month,29,25-48 months,Medium Value,Low-Med Value / High Risk,6,Fiber optic
4627-MIHJH,No,0.0477,Low Risk,110.25,7467.55,5.26,Two year,69,49+ months,High Value,High Value / Low Risk,8,Fiber optic
9795-NREXC,No,0.0233,Low Risk,85.0,5484.4,1.98,Two year,64,49+ months,High Value,High Value / Low Risk,8,DSL
8573-CGOCC,No,0.0967,Low Risk,19.75,294.9,1.91,Month-to-month,16,13-24 months,Low Value,Low-Med Value / Low Risk,1,No
7356-AYNJP,No,0.1597,Low Risk,23.9,97.5,3.82,One year,4,0-12 months,Low Value,Low-Med Value / Low Risk,2,No
9249-FXSCK,Yes,0.1447,Low Risk,111.25,5916.45,16.09,One year,52,49+ months,High Value,High Value / Low Risk,8,Fiber optic
5493-SDRDQ,Yes,0.3238,Medium Risk,55.1,113.35,17.84,Month-to-month,2,0-12 months,Low Value,Low-Med Value / Low Risk,4,DSL
6286-SUUWT,No,0.1931,Low Risk,19.95,19.95,3.85,Month-to-month,1,0-12 months,Low Value,Low-Med Value / Low Risk,1,No
4819-HJPIW,No,0.3076,Medium Risk,25.15,476.8,7.74,Month-to-month,18,13-24 months,Medium Value,Low-Med Value / Low Risk,1,DSL
8654-DHAOW,No,0.3694,Medium Risk,54.15,101.65,20.0,Month-to-month,2,0-12 months,Low Value,Low-Med Value / Low Risk,4,DSL
5438-QMDDL,No,0.2993,Medium Risk,59.8,1130.85,17.9,Month-to-month,19,13-24 months,Medium Value,Low-Med Value / Low Risk,4,DSL
9812-GHVRI,No,0.3639,Medium Risk,83.85,3532.25,30.51,Month-to-month,40,25-48 months,Medium Value,Low-Med Value / Low Risk,4,Fiber optic
5553-AOINX,No,0.245,Low Risk,104.9,6891.45,25.7,One year,66,49+ months,High Value,High Value / Low Risk,7,Fiber optic
1228-ZLNBX,No,0.4498,Medium Risk,75.3,1570.7,33.87,Month-to-month,21,13-24 months,Medium Value,Low-Med Value / Low Risk,3,Fiber optic
4226-KKDON,No,0.3711,Medium Risk,66.65,520.95,24.73,Month-to-month,8,0-12 months,Medium Value,Low-Med Value / Low Risk,5,DSL
3831-YCPUO,No,0.0297,Low Risk,109.5,7854.9,3.26,Two year,72,49+ months,High Value,High Value / Low Risk,8,Fiber optic
7445-WMRBW,No,0.0654,Low Risk,73.85,3581.4,4.83,One year,48,25-48 months,Medium Value,Low-Med Value / Low Risk,7,DSL
3308-DGHKL,No,0.0037,Low Risk,19.3,1447.9,0.07,Two year,69,49+ months,Medium Value,Low-Med Value / Low Risk,1,No
9924-JPRMC,No,0.0785,Low Risk,118.2,8547.15,9.28,Two year,72,49+ months,High Value,High Value / Low Risk,9,Fiber optic
0080-EMYVY,No,0.1069,Low Risk,51.45,727.85,5.5,One year,14,13-24 months,Medium Value,Low-Med Value / Low Risk,3,DSL
6218-KNUBD,No,0.3972,Medium Risk,59.45,357.6,23.61,Month-to-month,6,0-12 months,Low Value,Low-Med Value / Low Risk,4,DSL
7337-CINUD,No,0.0334,Low Risk,19.5,159.35,0.65,Two year,8,0-12 months,Low Value,Low-Med Value / Low Risk,1,No
7609-NRNCA,No,0.0526,Low Risk,19.55,280.85,1.03,One year,17,13-24 months,Low Value,Low-Med Value / Low Risk,1,No
0623-EJQEG,No,0.0883,Low Risk,93.55,6069.25,8.26,One year,65,49+ months,High Value,High Value / Low Risk,6,Fiber optic
7153-CHRBV,No,0.0164,Low Risk,59.3,3274.35,0.97,One year,57,49+ months,Medium Value,Low-Med Value / Low Risk,5,DSL
0871-URUWO,Yes,0.6914,High Risk,102.25,1359.0,70.69,Month-to-month,13,13-24 months,Medium Value,Low-Med Value / High Risk,6,Fiber optic
9190-MFJLN,Yes,0.6131,High Risk,95.9,1777.9,58.8,Month-to-month,19,13-24 months,Medium Value,Low-Med Value / High Risk,5,Fiber optic
6198-PNNSZ,No,0.1314,Low Risk,109.8,6109.65,14.42,One year,56,49+ months,High Value,High Value / Low Risk,8,Fiber optic
3317-VLGQT,No,0.6701,High Risk,78.1,1122.4,52.34,Month-to-month,14,13-24 months,Medium Value,Low-Med Value / High Risk,3,Fiber optic
4132-POCZS,No,0.1557,Low Risk,39.9,2020.9,6.21,Month-to-month,52,49+ months,Medium Value,Low-Med Value / Low Risk,3,DSL
5614-DNZCE,No,0.0086,Low Risk,64.9,3795.45,0.56,Two year,58,49+ months,High Value,High Value / Low Risk,6,DSL
1095-JUDTC,Yes,0.4085,Medium Risk,95.05,4504.55,38.82,Month-to-month,47,25-48 months,High Value,High Value / Low Risk,6,Fiber optic
3896-RCYYE,No,0.0912,Low Risk,53.4,3579.15,4.87,Month-to-month,67,49+ months,Medium Value,Low-Med Value / Low Risk,5,DSL
9638-JIQYA,No,0.5443,High Risk,24.9,49.7,13.55,Month-to-month,2,0-12 months,Low Value,Low-Med Value / High Risk,1,DSL
3258-SANFR,No,0.3196,Medium Risk,44.7,276.5,14.29,Month-to-month,6,0-12 months,Low Value,Low-Med Value / Low Risk,2,DSL
3726-TBHQT,No,0.0471,Low Risk,114.0,8175.9,5.37,Two year,71,49+ months,High Value,High Value / Low Risk,9,Fiber optic
3190-ITQXP,No,0.0057,Low Risk,20.25,890.35,0.12,Two year,46,25-48 months,Medium Value,Low-Med Value / Low Risk,1,No
0870-VEMYL,Yes,0.1596,Low Risk,53.85,259.8,8.59,Month-to-month,5,0-12 months,Low Value,Low-Med Value / Low Risk,4,DSL
4833-QTJNO,No,0.1094,Low Risk,83.85,5588.8,9.17,Month-to-month,67,49+ months,High Value,High Value / Low Risk,5,Fiber optic
3039-MJSLN,No,0.1391,Low Risk,20.2,50.6,2.81,Month-to-month,3,0-12 months,Low Value,Low-Med Value / Low Risk,1,No
0178-CIIKR,No,0.1759,Low Risk,19.95,58.0,3.51,Month-to-month,3,0-12 months,Low Value,Low-Med Value / Low Risk,1,No
5385-SUIRI,Yes,0.4955,Medium Risk,104.2,5568.35,51.63,Month-to-month,52,49+ months,High Value,High Value / Low Risk,7,Fiber optic
3982-XWFZQ,Yes,0.226,Low Risk,50.25,2203.65,11.35,Month-to-month,42,25-48 months,Medium Value,Low-Med Value / Low Risk,3,DSL
5774-QPLTF,No,0.014,Low Risk,20.35,938.95,0.28,One year,50,49+ months,Medium Value,Low-Med Value / Low Risk,1,No
2322-VCZHZ,No,0.4966,Medium Risk,90.0,2024.1,44.7,Month-to-month,23,13-24 months,Medium Value,Low-Med Value / Low Risk,5,Fiber optic
5010-IPEAQ,No,0.0065,Low Risk,54.2,3623.95,0.35,Two year,67,49+ months,Medium Value,Low-Med Value / Low Risk,6,DSL
4009-ALQFH,Yes,0.5964,High Risk,99.5,2369.05,59.35,Month-to-month,25,25-48 months,Medium Value,Low-Med Value / High Risk,6,Fiber optic
6383-ZTSIW,No,0.1741,Low Risk,99.1,3877.95,17.25,One year,39,25-48 months,High Value,High Value / Low Risk,6,Fiber optic
8990-YOZLV,No,0.0088,Low Risk,66.9,4577.9,0.59,Two year,69,49+ months,High Value,High Value / Low Risk,6,DSL
3069-SSVSN,No,0.3166,Medium Risk,25.85,25.85,8.18,One year,1,0-12 months,Low Value,Low-Med Value / Low Risk,1,DSL
5222-IMUKT,No,0.4981,Medium Risk,91.05,2871.5,45.35,Month-to-month,32,25-48 months,Medium Value,Low-Med Value / Low Risk,4,Fiber optic
3627-FCRDW,Yes,0.5492,High Risk,71.0,672.55,39.0,Month-to-month,9,0-12 months,Medium Value,Low-Med Value / High Risk,2,Fiber optic
7562-GSUHK,Yes,0.4908,Medium Risk,93.2,1573.7,45.74,Month-to-month,16,13-24 months,Medium Value,Low-Med Value / Low Risk,5,Fiber optic
6685-XSHHU,No,0.0045,Low Risk,20.95,1270.55,0.09,Two year,60,49+ months,Medium Value,Low-Med Value / Low Risk,1,No
8901-UPRHR,No,0.0593,Low Risk,109.2,7711.45,6.47,Two year,72,49+ months,High Value,High Value / Low Risk,8,Fiber optic
4903-UYAVB,Yes,0.171,Low Risk,19.35,126.05,3.31,Month-to-month,5,0-12 months,Low Value,Low-Med Value / Low Risk,1,No
0118-JPNOY,No,0.3958,Medium Risk,85.8,2193.65,33.96,Month-to-month,26,25-48 months,Medium Value,Low-Med Value / Low Risk,4,Fiber optic
6776-TLWOI,Yes,0.1794,Low Risk,19.85,64.55,3.56,Month-to-month,3,0-12 months,Low Value,Low-Med Value / Low Risk,1,No
3845-FXCYS,No,0.3119,Medium Risk,19.65,31.2,6.13,Month-to-month,2,0-12 months,Low Value,Low-Med Value / Low Risk,1,No
5857-XRECV,No,0.0765,Low Risk,20.5,38.25,1.57,One year,2,0-12 months,Low Value,Low-Med Value / Low Risk,1,No
0725-CXOTM,No,0.0936,Low Risk,89.65,3348.1,8.39,One year,36,25-48 months,Medium Value,Low-Med Value / Low Risk,8,DSL
4343-EJVQB,No,0.3961,Medium Risk,74.35,533.6,29.45,Month-to-month,7,0-12 months,Medium Value,Low-Med Value / Low Risk,3,Fiber optic
9000-PLFUZ,No,0.046,Low Risk,49.45,2907.55,2.27,Two year,60,49+ months,Medium Value,Low-Med Value / Low Risk,4,DSL
3427-GGZZI,No,0.6591,High Risk,89.1,1620.8,58.73,Month-to-month,19,13-24 months,Medium Value,Low-Med Value / High Risk,5,Fiber optic
7779-ORAEL,No,0.0251,Low Risk,75.15,3480.35,1.89,Two year,45,25-48 months,Medium Value,Low-Med Value / Low Risk,7,DSL
0644-OQMDK,No,0.7123,High Risk,70.65,293.85,50.32,Month-to-month,4,0-12 months,Low Value,Low-Med Value / High Risk,2,Fiber optic
4077-CROMM,Yes,0.5432,High Risk,104.2,3243.45,56.6,Month-to-month,31,25-48 months,Medium Value,Low-Med Value / High Risk,7,Fiber optic
3154-CFSZG,No,0.2048,Low Risk,90.05,4137.2,18.44,Month-to-month,47,25-48 months,High Value,High Value / Low Risk,5,Fiber optic
2868-MZAGQ,Yes,0.7521,Critical Risk,79.25,79.25,59.6,Month-to-month,1,0-12 months,Low Value,Low-Med Value / High Risk,3,Fiber optic
4847-QNOKA,Yes,0.4217,Medium Risk,44.9,44.9,18.94,Month-to-month,1,0-12 months,Low Value,Low-Med Value / Low Risk,2,DSL
2220-IAHLS,No,0.1758,Low Risk,19.4,19.4,3.41,Month-to-month,1,0-12 months,Low Value,Low-Med Value / Low Risk,1,No
1658-XUHBX,No,0.294,Medium Risk,88.75,5348.65,26.09,Month-to-month,59,49+ months,High Value,High Value / Low Risk,5,Fiber optic
6379-RXJRQ,Yes,0.6389,High Risk,70.1,659.65,44.79,Month-to-month,10,0-12 months,Medium Value,Low-Med Value / High Risk,2,Fiber optic
2378-HTWFW,No,0.327,Medium Risk,91.0,3180.5,29.76,Month-to-month,35,25-48 months,Medium Value,Low-Med Value / Low Risk,5,Fiber optic
8650-RHRKE,Yes,0.6153,High Risk,29.65,118.5,18.24,Month-to-month,4,0-12 months,Low Value,Low-Med Value / High Risk,2,DSL
4377-VDHYI,No,0.2114,Low Risk,90.8,3023.85,19.2,One year,32,25-48 months,Medium Value,Low-Med Value / Low Risk,5,Fiber optic
0475-RIJEP,Yes,0.411,Medium Risk,77.85,3365.85,32.0,Month-to-month,43,25-48 months,Medium Value,Low-Med Value / Low Risk,4,Fiber optic
1260-TTRXI,Yes,0.4567,Medium Risk,54.3,195.3,24.8,Month-to-month,4,0-12 months,Low Value,Low-Med Value / Low Risk,3,DSL
3719-TDVQB,No,0.009,Low Risk,18.95,1031.1,0.17,Two year,54,49+ months,Medium Value,Low-Med Value / Low Risk,1,No
6328-ZPBGN,Yes,0.7399,High Risk,95.15,997.65,70.41,Month-to-month,11,0-12 months,Medium Value,Low-Med Value / High Risk,5,Fiber optic
0201-MIBOL,No,0.0924,Low Risk,102.4,6471.85,9.47,Two year,66,49+ months,High Value,High Value / Low Risk,6,Fiber optic
4937-QPZPO,No,0.2751,Medium Risk,99.9,6241.35,27.49,One year,61,49+ months,High Value,High Value / Low Risk,6,Fiber optic
2925-VDZHY,No,0.0096,Low Risk,88.7,6501.35,0.85,Two year,72,49+ months,High Value,High Value / Low Risk,9,DSL
6981-TDRFT,No,0.1312,Low Risk,54.3,2317.1,7.12,One year,44,25-48 months,Medium Value,Low-Med Value / Low Risk,5,DSL
3413-CSSTH,No,0.1675,Low Risk,55.7,2237.55,9.33,Month-to-month,41,25-48 months,Medium Value,Low-Med Value / Low Risk,4,DSL
8033-VCZGH,No,0.3047,Medium Risk,103.95,5231.3,31.68,One year,50,49+ months,High Value,High Value / Low Risk,7,Fiber optic
4789-KWMXN,Yes,0.1842,Low Risk,110.85,5275.8,20.42,One year,47,25-48 months,High Value,High Value / Low Risk,8,Fiber optic
0224-NIJLP,No,0.036,Low Risk,20.15,165.5,0.73,Two year,8,0-12 months,Low Value,Low-Med Value / Low Risk,1,No
7542-CYDDM,No,0.0977,Low Risk,20.05,358.5,1.96,Month-to-month,18,13-24 months,Low Value,Low-Med Value / Low Risk,1,No
4718-WXBGI,No,0.0134,Low Risk,91.95,6614.9,1.23,Two year,72,49+ months,High Value,High Value / Low Risk,9,DSL
2867-UIMSS,Yes,0.6721,High Risk,80.5,80.5,54.11,Month-to-month,1,0-12 months,Low Value,Low-Med Value / High Risk,3,Fiber optic
8495-PRWFH,No,0.186,Low Risk,55.65,2421.75,10.35,Month-to-month,42,25-48 months,Medium Value,Low-Med Value / Low Risk,4,DSL
0439-IFYUN,No,0.5605,High Risk,74.7,1294.6,41.87,Month-to-month,18,13-24 months,Medium Value,Low-Med Value / High Risk,3,Fiber optic
5716-LIBJC,No,0.4288,Medium Risk,104.15,1299.1,44.66,One year,13,13-24 months,Medium Value,Low-Med Value / Low Risk,7,Fiber optic
2868-LLSKM,No,0.0588,Low Risk,83.65,5733.4,4.92,One year,68,49+ months,High Value,High Value / Low Risk,5,Fiber optic
8111-RKSPX,Yes,0.6751,High Risk,72.2,305.55,48.74,Month-to-month,4,0-12 months,Low Value,Low-Med Value / High Risk,3,Fiber optic
2988-QRAJY,No,0.0722,Low Risk,110.05,7430.75,7.95,Two year,69,49+ months,High Value,High Value / Low Risk,8,Fiber optic
1585-MQSSU,Yes,0.1649,Low Risk,51.5,900.5,8.49,Month-to-month,17,13-24 months,Medium Value,Low-Med Value / Low Risk,3,DSL
0071-NDAFP,No,0.0203,Low Risk,25.5,630.6,0.52,Two year,25,25-48 months,Medium Value,Low-Med Value / Low Risk,2,No
2856-NNASM,Yes,0.4721,Medium Risk,89.55,3856.75,42.28,Month-to-month,43,25-48 months,High Value,High Value / Low Risk,4,Fiber optic
7328-ZJAJO,No,0.0031,Low Risk,19.5,1222.65,0.06,Two year,59,49+ months,Medium Value,Low-Med Value / Low Risk,1,No
6458-CYIDZ,No,0.4699,Medium Risk,80.7,374.8,37.92,Month-to-month,5,0-12 months,Low Value,Low-Med Value / Low Risk,4,Fiber optic
8559-CIZFV,Yes,0.0648,Low Risk,77.5,1625.0,5.02,One year,21,13-24 months,Medium Value,Low-Med Value / Low Risk,7,DSL
1090-PYKCI,No,0.058,Low Risk,105.1,7234.8,6.1,One year,69,49+ months,High Value,High Value / Low Risk,8,Fiber optic
3058-WQDRE,No,0.4288,Medium Risk,25.15,331.85,10.78,Month-to-month,13,13-24 months,Low Value,Low-Med Value / Low Risk,1,DSL
7547-EKNFS,Yes,0.4026,Medium Risk,95.25,3959.35,38.35,Month-to-month,42,25-48 months,High Value,High Value / Low Risk,6,Fiber optic
2279-AXJJK,No,0.2648,Medium Risk,95.65,5088.4,25.33,Month-to-month,52,49+ months,High Value,High Value / Low Risk,6,Fiber optic
6769-DYBQN,Yes,0.2787,Medium Risk,85.0,3969.4,23.69,Month-to-month,46,25-48 months,High Value,High Value / Low Risk,4,Fiber optic
0909-SELIE,No,0.0166,Low Risk,80.8,4860.85,1.34,Two year,61,49+ months,High Value,High Value / Low Risk,8,DSL
3417-TSCIC,No,0.1657,Low Risk,24.85,788.05,4.12,One year,29,25-48 months,Medium Value,Low-Med Value / Low Risk,1,DSL
1042-HFUCW,No,0.0594,Low Risk,54.75,1266.35,3.25,One year,25,25-48 months,Medium Value,Low-Med Value / Low Risk,4,DSL
4439-JMPMT,Yes,0.5909,High Risk,85.75,470.95,50.67,Month-to-month,5,0-12 months,Medium Value,Low-Med Value / High Risk,4,Fiber optic
6537-OTKMY,No,0.3542,Medium Risk,50.75,688.2,17.98,One year,15,13-24 months,Medium Value,Low-Med Value / Low Risk,4,DSL
8999-EXMNO,No,0.0215,Low Risk,20.15,387.7,0.43,Two year,19,13-24 months,Low Value,Low-Med Value / Low Risk,1,No
6725-TPKJO,No,0.0085,Low Risk,20.05,845.25,0.17,Two year,44,25-48 months,Medium Value,Low-Med Value / Low Risk,1,No
2446-BEGGB,Yes,0.8079,Critical Risk,98.25,560.6,79.37,Month-to-month,6,0-12 months,Medium Value,Low-Med Value / High Risk,6,Fiber optic
7162-WPHPM,No,0.0071,Low Risk,71.6,4230.25,0.51,Two year,58,49+ months,High Value,High Value / Low Risk,7,DSL
1599-MMYRQ,No,0.0455,Low Risk,81.45,4983.05,3.71,One year,62,49+ months,High Value,High Value / Low Risk,4,Fiber optic
8821-KVZKQ,No,0.0335,Low Risk,58.4,4113.15,1.96,One year,70,49+ months,High Value,High Value / Low Risk,6,DSL
1496-GGSUK,Yes,0.6077,High Risk,25.7,25.7,15.62,Month-to-month,1,0-12 months,Low Value,Low-Med Value / High Risk,1,DSL
6434-TTGJP,No,0.0571,Low Risk,53.7,521.0,3.07,Two year,10,0-12 months,Medium Value,Low-Med Value / Low Risk,6,DSL
0042-JVWOJ,No,0.0481,Low Risk,19.6,471.85,0.94,One year,26,25-48 months,Medium Value,Low-Med Value / Low Risk,1,No
0130-SXOUN,No,0.1791,Low Risk,89.4,5976.9,16.01,Month-to-month,66,49+ months,High Value,High Value / Low Risk,5,Fiber optic
2575-GFSOE,Yes,0.6134,High Risk,69.0,506.9,42.33,Month-to-month,7,0-12 months,Medium Value,Low-Med Value / High Risk,2,Fiber optic
2330-PQGDQ,No,0.0694,Low Risk,84.2,4299.75,5.84,One year,51,49+ months,High Value,High Value / Low Risk,5,Fiber optic
1452-UZOSF,No,0.0293,Low Risk,106.1,7548.6,3.11,Two year,72,49+ months,High Value,High Value / Low Risk,8,Fiber optic
2097-YVPKN,No,0.0046,Low Risk,25.75,1654.75,0.12,Two year,65,49+ months,Medium Value,Low-Med Value / Low Risk,2,No
2842-JTCCU,Yes,0.3256,Medium Risk,46.05,80.35,14.99,Month-to-month,2,0-12 months,Low Value,Low-Med Value / Low Risk,2,DSL
8597-CTXVJ,No,0.0085,Low Risk,64.95,4551.5,0.55,One year,70,49+ months,High Value,High Value / Low Risk,6,DSL
6631-HMANX,No,0.0239,Low Risk,85.45,6227.5,2.04,Two year,72,49+ months,High Value,High Value / Low Risk,8,DSL
9962-BFPDU,No,0.1601,Low Risk,20.05,20.05,3.21,Month-to-month,1,0-12 months,Low Value,Low-Med Value / Low Risk,1,No
3296-SILRA,Yes,0.6242,High Risk,76.4,76.4,47.69,Month-to-month,1,0-12 months,Low Value,Low-Med Value / High Risk,3,Fiber optic
9681-OXGVC,Yes,0.8062,Critical Risk,100.5,514.0,81.02,Month-to-month,5,0-12 months,Medium Value,Low-Med Value / High Risk,6,Fiber optic
6394-HHHZM,No,0.177,Low Risk,20.7,57.5,3.66,Month-to-month,3,0-12 months,Low Value,Low-Med Value / Low Risk,1,No
5995-LFTLE,No,0.0083,Low Risk,25.3,1474.35,0.21,Two year,58,49+ months,Medium Value,Low-Med Value / Low Risk,2,No
5180-UCIIQ,Yes,0.2337,Low Risk,40.05,880.2,9.36,Month-to-month,22,13-24 months,Medium Value,Low-Med Value / Low Risk,3,DSL
1932-UEDCX,No,0.576,High Risk,100.6,3270.25,57.95,Month-to-month,33,25-48 months,Medium Value,Low-Med Value / High Risk,6,Fiber optic
7153-OANIO,Yes,0.6238,High Risk,69.95,69.95,43.63,Month-to-month,1,0-12 months,Low Value,Low-Med Value / High Risk,2,Fiber optic
5188-HGMLP,No,0.2278,Low Risk,74.0,3919.15,16.86,Month-to-month,54,49+ months,High Value,High Value / Low Risk,3,Fiber optic
0665-XHDJU,No,0.1392,Low Risk,99.4,7285.7,13.84,Two year,72,49+ months,High Value,High Value / Low Risk,6,Fiber optic
6521-YYTYI,Yes,0.8035,Critical Risk,93.3,93.3,74.97,Month-to-month,1,0-12 months,Low Value,Low-Med Value / High Risk,5,Fiber optic
8878-HMWBV,Yes,0.4954,Medium Risk,49.15,169.05,24.35,Month-to-month,3,0-12 months,Low Value,Low-Med Value / Low Risk,3,DSL
8265-HKSOW,No,0.0201,Low Risk,107.45,7658.3,2.16,Two year,72,49+ months,High Value,High Value / Low Risk,8,Fiber optic
3544-FBCAS,No,0.0174,Low Risk,83.6,5959.3,1.45,Two year,72,49+ months,High Value,High Value / Low Risk,8,DSL
5331-RGMTT,No,0.4572,Medium Risk,99.05,5295.7,45.29,Month-to-month,54,49+ months,High Value,High Value / Low Risk,6,Fiber optic
4759-PXTAN,No,0.0893,Low Risk,80.1,4693.2,7.16,One year,59,49+ months,High Value,High Value / Low Risk,7,DSL
7054-DMVAS,No,0.0196,Low Risk,65.3,3512.9,1.28,Two year,54,49+ months,Medium Value,Low-Med Value / Low Risk,5,DSL
3428-MMGUB,No,0.1423,Low Risk,89.55,5231.2,12.74,Two year,60,49+ months,High Value,High Value / Low Risk,5,Fiber optic
6549-BTYPG,No,0.0213,Low Risk,60.8,3603.45,1.29,Two year,60,49+ months,Medium Value,Low-Med Value / Low Risk,6,DSL
7823-JSOAG,No,0.6749,High Risk,74.5,217.45,50.28,Month-to-month,3,0-12 months,Low Value,Low-Med Value / High Risk,3,Fiber optic
3705-RHRFR,No,0.0585,Low Risk,99.15,6875.35,5.8,Two year,69,49+ months,High Value,High Value / Low Risk,6,Fiber optic
9374-YOLBJ,No,0.209,Low Risk,19.25,19.25,4.02,Month-to-month,1,0-12 months,Low Value,Low-Med Value / Low Risk,1,No
9074-KGVOX,No,0.0977,Low Risk,39.45,2021.35,3.86,Month-to-month,50,49+ months,Medium Value,Low-Med Value / Low Risk,3,DSL
6128-DAFVY,No,0.1709,Low Risk,44.85,2564.95,7.66,Month-to-month,56,49+ months,Medium Value,Low-Med Value / Low Risk,3,DSL
9933-QRGTX,No,0.0765,Low Risk,97.2,5611.75,7.44,Two year,60,49+ months,High Value,High Value / Low Risk,6,Fiber optic
4476-OSWTN,No,0.14,Low Risk,110.55,7610.1,15.48,One year,69,49+ months,High Value,High Value / Low Risk,8,Fiber optic
3751-KTZEL,Yes,0.539,High Risk,35.05,35.05,18.89,Month-to-month,1,0-12 months,Low Value,Low-Med Value / High Risk,2,DSL
1977-STDKI,Yes,0.7024,High Risk,73.0,73.0,51.27,Month-to-month,1,0-12 months,Low Value,Low-Med Value / High Risk,3,Fiber optic
5066-GFJMM,No,0.2395,Low Risk,19.9,45.75,4.77,Month-to-month,3,0-12 months,Low Value,Low-Med Value / Low Risk,1,No
2661-GKBTK,No,0.0132,Low Risk,76.95,4543.95,1.01,Two year,60,49+ months,High Value,High Value / Low Risk,6,DSL
0458-HEUZG,No,0.0886,Low Risk,35.4,450.4,3.14,Two year,13,13-24 months,Medium Value,Low-Med Value / Low Risk,3,DSL
7268-WNTCP,No,0.0028,Low Risk,20.45,1297.35,0.06,Two year,62,49+ months,Medium Value,Low-Med Value / Low Risk,1,No
0824-VWDPO,No,0.1248,Low Risk,96.75,4442.75,12.08,One year,45,25-48 months,High Value,High Value / Low Risk,6,Fiber optic
8409-WQJUX,No,0.2125,Low Risk,54.2,1423.15,11.52,One year,25,25-48 months,Medium Value,Low-Med Value / Low Risk,5,DSL
2578-JQPHZ,No,0.0849,Low Risk,100.1,4378.35,8.5,Two year,44,25-48 months,High Value,High Value / Low Risk,6,Fiber optic
3278-FSIXX,No,0.4258,Medium Risk,45.25,74.2,19.27,Month-to-month,2,0-12 months,Low Value,Low-Med Value / Low Risk,2,DSL
5813-UECBU,Yes,0.4178,Medium Risk,83.85,2716.3,35.03,Month-to-month,33,25-48 months,Medium Value,Low-Med Value / Low Risk,5,Fiber optic
0328-GRPMV,Yes,0.701,High Risk,70.1,70.1,49.14,Month-to-month,1,0-12 months,Low Value,Low-Med Value / High Risk,2,Fiber optic
9746-UGFAC,No,0.0392,Low Risk,20.85,450.65,0.82,One year,22,13-24 months,Medium Value,Low-Med Value / Low Risk,1,No
2946-KIQSP,No,0.1739,Low Risk,33.45,1175.85,5.82,Month-to-month,35,25-48 months,Medium Value,Low-Med Value / Low Risk,3,DSL
0625-AFOHS,No,0.0135,Low Risk,20.2,558.8,0.27,Two year,29,25-48 months,Medium Value,Low-Med Value / Low Risk,1,No
6726-WEXXK,No,0.3364,Medium Risk,85.9,2220.1,28.89,One year,27,25-48 months,Medium Value,Low-Med Value / Low Risk,5,Fiber optic
4636-OLWOE,No,0.0322,Low Risk,61.0,3283.05,1.96,One year,54,49+ months,Medium Value,Low-Med Value / Low Risk,5,DSL
4342-HENTK,Yes,0.7217,High Risk,70.65,142.35,50.99,Month-to-month,2,0-12 months,Low Value,Low-Med Value / High Risk,2,Fiber optic
4685-ERGHK,No,0.2545,Medium Risk,86.9,4939.25,22.11,One year,57,49+ months,High Value,High Value / Low Risk,4,Fiber optic
0885-HMGPY,No,0.0077,Low Risk,69.4,4237.5,0.53,Two year,62,49+ months,High Value,High Value / Low Risk,7,DSL
5003-OKNNK,No,0.0431,Low Risk,20.35,335.95,0.88,One year,15,13-24 months,Low Value,Low-Med Value / Low Risk,1,No
4195-SMMNX,Yes,0.1846,Low Risk,20.35,33.2,3.76,Month-to-month,2,0-12 months,Low Value,Low-Med Value / Low Risk,1,No
7208-PSIHR,No,0.0845,Low Risk,104.3,7188.5,8.81,Two year,70,49+ months,High Value,High Value / Low Risk,7,Fiber optic
4012-ZTHBR,No,0.2769,Medium Risk,44.95,926.25,12.45,Month-to-month,21,13-24 months,Medium Value,Low-Med Value / Low Risk,2,DSL
0489-WMEMG,No,0.1095,Low Risk,49.45,1119.35,5.41,One year,23,13-24 months,Medium Value,Low-Med Value / Low Risk,3,DSL
7435-ZNUYY,No,0.0859,Low Risk,20.6,116.6,1.77,One year,6,0-12 months,Low Value,Low-Med Value / Low Risk,1,No
1354-YZFNB,No,0.0392,Low Risk,19.55,68.8,0.77,Two year,4,0-12 months,Low Value,Low-Med Value / Low Risk,1,No
6956-SMUCM,Yes,0.5923,High Risk,99.0,287.4,58.64,Month-to-month,3,0-12 months,Low Value,Low-Med Value / High Risk,6,Fiber optic
2985-FMWYF,No,0.7328,High Risk,93.5,2341.55,68.52,Month-to-month,23,13-24 months,Medium Value,Low-Med Value / High Risk,5,Fiber optic
2812-ENYMO,No,0.1033,Low Risk,54.55,1362.85,5.63,One year,26,25-48 months,Medium Value,Low-Med Value / Low Risk,5,DSL
2717-HVIZY,No,0.1189,Low Risk,20.05,163.6,2.38,Month-to-month,8,0-12 months,Low Value,Low-Med Value / Low Risk,1,No
3223-WZWJM,Yes,0.652,High Risk,83.95,2254.2,54.73,Month-to-month,26,25-48 months,Medium Value,Low-Med Value / High Risk,4,Fiber optic
3422-GALYP,No,0.7229,High Risk,79.45,145.15,57.43,Month-to-month,2,0-12 months,Low Value,Low-Med Value / High Risk,4,Fiber optic
9053-JZFKV,Yes,0.0414,Low Risk,116.2,7752.3,4.81,Two year,67,49+ months,High Value,High Value / Low Risk,9,Fiber optic
2530-ENDWQ,Yes,0.1048,Low Risk,93.7,6585.35,9.82,Two year,71,49+ months,High Value,High Value / Low Risk,5,Fiber optic
2890-WFBHU,No,0.022,Low Risk,79.85,4786.1,1.76,One year,59,49+ months,High Value,High Value / Low Risk,8,DSL
0327-WFZSY,No,0.3153,Medium Risk,100.0,3835.55,31.53,One year,39,25-48 months,High Value,High Value / Low Risk,6,Fiber optic
7977-HXJKU,No,0.0196,Low Risk,19.6,397.0,0.38,Two year,21,13-24 months,Low Value,Low-Med Value / Low Risk,1,No
6615-ZGEDR,Yes,0.1938,Low Risk,19.7,19.7,3.82,Month-to-month,1,0-12 months,Low Value,Low-Med Value / Low Risk,1,No
7033-CLAMM,No,0.0054,Low Risk,20.2,1027.25,0.11,Two year,48,25-48 months,Medium Value,Low-Med Value / Low Risk,1,No
4023-RTIQM,No,0.1268,Low Risk,50.4,1580.1,6.39,One year,31,25-48 months,Medium Value,Low-Med Value / Low Risk,5,DSL
0864-FVJNJ,No,0.0966,Low Risk,113.35,7222.75,10.95,One year,64,49+ months,High Value,High Value / Low Risk,9,Fiber optic
7356-IWLFW,No,0.2608,Medium Risk,80.0,3769.7,20.86,Month-to-month,46,25-48 months,Medium Value,Low-Med Value / Low Risk,4,Fiber optic
9541-PWTWO,No,0.048,Low Risk,80.95,4233.95,3.89,Two year,52,49+ months,High Value,High Value / Low Risk,7,DSL
3967-VQOGC,No,0.0049,Low Risk,24.9,1680.25,0.12,Two year,67,49+ months,Medium Value,Low-Med Value / Low Risk,2,No
7872-RDDLZ,No,0.071,Low Risk,54.9,3725.5,3.9,Month-to-month,67,49+ months,Medium Value,Low-Med Value / Low Risk,4,DSL
9250-WYPLL,Yes,0.6536,High Risk,75.55,413.65,49.38,Month-to-month,5,0-12 months,Medium Value,Low-Med Value / High Risk,3,Fiber optic
6308-CQRBU,No,0.0773,Low Risk,109.25,7707.7,8.45,Two year,71,49+ months,High Value,High Value / Low Risk,8,Fiber optic
2754-XBHTB,Yes,0.6171,High Risk,77.65,714.15,47.92,Month-to-month,9,0-12 months,Medium Value,Low-Med Value / High Risk,3,Fiber optic
1597-LHYNC,Yes,0.5465,High Risk,95.0,2497.2,51.92,Month-to-month,26,25-48 months,Medium Value,Low-Med Value / High Risk,6,Fiber optic
0186-CAERR,No,0.1018,Low Risk,116.3,8309.55,11.84,One year,71,49+ months,High Value,High Value / Low Risk,9,Fiber optic
3043-SUDUA,No,0.0489,Low Risk,19.9,601.55,0.97,Month-to-month,32,25-48 months,Medium Value,Low-Med Value / Low Risk,1,No
5442-BHQNG,No,0.609,High Risk,70.35,139.25,42.84,Month-to-month,2,0-12 months,Low Value,Low-Med Value / High Risk,2,Fiber optic
2169-RRLFW,No,0.0032,Low Risk,25.6,1888.25,0.08,Two year,71,49+ months,Medium Value,Low-Med Value / Low Risk,2,No
5872-OEQNH,No,0.0635,Low Risk,44.45,2773.9,2.82,One year,60,49+ months,Medium Value,Low-Med Value / Low Risk,4,DSL
3162-KKZXO,No,0.3704,Medium Risk,100.15,5409.75,37.09,One year,55,49+ months,High Value,High Value / Low Risk,6,Fiber optic
7055-VKGDA,Yes,0.1004,Low Risk,105.4,5643.4,10.59,One year,54,49+ months,High Value,High Value / Low Risk,7,Fiber optic
0754-UKWQP,Yes,0.7746,Critical Risk,95.85,197.7,74.25,Month-to-month,2,0-12 months,Low Value,Low-Med Value / High Risk,5,Fiber optic
8873-GLDMH,No,0.6612,High Risk,73.85,401.3,48.83,Month-to-month,6,0-12 months,Medium Value,Low-Med Value / High Risk,3,Fiber optic
5696-JVVQY,No,0.0185,Low Risk,70.1,3238.4,1.29,Two year,48,25-48 months,Medium Value,Low-Med Value / Low Risk,6,DSL
8946-BFWSG,No,0.0041,Low Risk,25.25,1573.05,0.1,Two year,63,49+ months,Medium Value,Low-Med Value / Low Risk,2,No
7493-TPUWZ,Yes,0.731,High Risk,79.15,79.15,57.86,Month-to-month,1,0-12 months,Low Value,Low-Med Value / High Risk,4,Fiber optic
0547-HURJB,No,0.0917,Low Risk,21.05,235.8,1.93,Month-to-month,12,0-12 months,Low Value,Low-Med Value / Low Risk,1,No
8904-OPDCK,No,0.1219,Low Risk,24.95,1364.75,3.04,Month-to-month,54,49+ months,Medium Value,Low-Med Value / Low Risk,1,DSL
8845-LWKGE,No,0.1135,Low Risk,64.5,1985.15,7.32,One year,30,25-48 months,Medium Value,Low-Med Value / Low Risk,5,DSL
1577-HKTFG,Yes,0.0559,Low Risk,19.65,655.85,1.1,Month-to-month,30,25-48 months,Medium Value,Low-Med Value / Low Risk,1,No
8752-STIVR,Yes,0.7296,High Risk,79.0,303.15,57.64,Month-to-month,4,0-12 months,Low Value,Low-Med Value / High Risk,3,Fiber optic
0691-NIKRI,No,0.2757,Medium Risk,105.95,4335.2,29.21,One year,40,25-48 months,High Value,High Value / Low Risk,7,Fiber optic
5022-JNQEQ,No,0.4957,Medium Risk,75.85,647.5,37.6,Month-to-month,9,0-12 months,Medium Value,Low-Med Value / Low Risk,3,Fiber optic
4558-FANTW,Yes,0.309,Medium Risk,91.85,1574.45,28.38,Month-to-month,17,13-24 months,Medium Value,Low-Med Value / Low Risk,5,Fiber optic
3249-VHRIP,No,0.027,Low Risk,43.6,2748.7,1.18,Two year,62,49+ months,Medium Value,Low-Med Value / Low Risk,4,DSL
3736-BLEPA,No,0.2027,Low Risk,91.25,2483.65,18.5,One year,28,25-48 months,Medium Value,Low-Med Value / Low Risk,5,Fiber optic
4701-LKOZD,No,0.0121,Low Risk,89.75,6367.2,1.09,Two year,70,49+ months,High Value,High Value / Low Risk,9,DSL
6603-QWSPR,No,0.1023,Low Risk,104.4,4904.2,10.68,Two year,46,25-48 months,High Value,High Value / Low Risk,7,Fiber optic
9921-QFQUL,No,0.4966,Medium Risk,90.15,2044.95,44.77,Month-to-month,23,13-24 months,Medium Value,Low-Med Value / Low Risk,5,Fiber optic
1929-ZCBHE,No,0.0317,Low Risk,40.3,1794.8,1.28,One year,47,25-48 months,Medium Value,Low-Med Value / Low Risk,4,DSL
4378-MYPGO,No,0.0466,Low Risk,105.25,7173.15,4.9,Two year,68,49+ months,High Value,High Value / Low Risk,7,Fiber optic
8651-ENBZX,Yes,0.2814,Medium Risk,106.0,6441.4,29.83,One year,60,49+ months,High Value,High Value / Low Risk,7,Fiber optic
4129-LYCOI,No,0.0945,Low Risk,104.0,7039.05,9.82,Two year,67,49+ months,High Value,High Value / Low Risk,7,Fiber optic
7798-JVXYM,No,0.4184,Medium Risk,69.65,921.4,29.14,Month-to-month,14,13-24 months,Medium Value,Low-Med Value / Low Risk,5,DSL
8647-SDTWQ,No,0.2733,Medium Risk,74.3,4018.35,20.3,Month-to-month,57,49+ months,High Value,High Value / Low Risk,3,Fiber optic
2696-ECXKC,No,0.1245,Low Risk,100.9,5448.6,12.56,One year,55,49+ months,High Value,High Value / Low Risk,6,Fiber optic
2081-KJSQF,No,0.2562,Medium Risk,20.25,20.25,5.19,Month-to-month,1,0-12 months,Low Value,Low-Med Value / Low Risk,1,No
7623-TRNQN,Yes,0.3038,Medium Risk,49.9,49.9,15.16,Month-to-month,1,0-12 months,Low Value,Low-Med Value / Low Risk,3,DSL
3323-CPBWR,No,0.4634,Medium Risk,96.9,2085.45,44.91,Month-to-month,23,13-24 months,Medium Value,Low-Med Value / Low Risk,6,Fiber optic
9330-IJWIO,Yes,0.6967,High Risk,100.35,1358.85,69.92,Month-to-month,13,13-24 months,Medium Value,Low-Med Value / High Risk,6,Fiber optic
3384-CTMSF,No,0.5606,High Risk,104.1,5135.15,58.35,Month-to-month,47,25-48 months,High Value,High Value / High Risk,7,Fiber optic
0902-RFHOF,No,0.0208,Low Risk,20.1,730.1,0.42,One year,38,25-48 months,Medium Value,Low-Med Value / Low Risk,1,No
9286-DOJGF,Yes,0.4221,Medium Risk,74.95,2869.85,31.63,Month-to-month,38,25-48 months,Medium Value,Low-Med Value / Low Risk,3,Fiber optic
6048-QBXKL,No,0.4592,Medium Risk,56.55,118.25,25.97,Month-to-month,2,0-12 months,Low Value,Low-Med Value / Low Risk,4,DSL
9661-MHUMO,Yes,0.3195,Medium Risk,49.25,49.25,15.73,Month-to-month,1,0-12 months,Low Value,Low-Med Value / Low Risk,3,DSL
7718-RXDGG,No,0.5167,High Risk,68.6,1108.6,35.45,Month-to-month,15,13-24 months,Medium Value,Low-Med Value / High Risk,2,Fiber optic
1025-FALIX,No,0.397,Medium Risk,69.05,1815.65,27.41,Month-to-month,26,25-48 months,Medium Value,Low-Med Value / Low Risk,2,Fiber optic
3451-VAWLI,No,0.0094,Low Risk,19.7,730.4,0.19,Two year,35,25-48 months,Medium Value,Low-Med Value / Low Risk,1,No
3407-QGWLG,No,0.2014,Low Risk,20.05,75.45,4.04,Month-to-month,3,0-12 months,Low Value,Low-Med Value / Low Risk,1,No
1842-EZJMK,Yes,0.3,Medium Risk,103.7,5071.05,31.11,Month-to-month,50,49+ months,High Value,High Value / Low Risk,7,Fiber optic
2347-WKKAE,No,0.441,Medium Risk,94.4,4014.6,41.63,Month-to-month,42,25-48 months,High Value,High Value / Low Risk,6,Fiber optic
8735-DCXNF,No,0.1894,Low Risk,54.95,568.85,10.41,Month-to-month,10,0-12 months,Medium Value,Low-Med Value / Low Risk,4,DSL
3214-IYUUQ,No,0.0465,Low Risk,93.7,5860.7,4.35,One year,61,49+ months,High Value,High Value / Low Risk,6,Fiber optic
1936-UAFEH,No,0.0368,Low Risk,110.25,7279.35,4.06,Two year,68,49+ months,High Value,High Value / Low Risk,8,Fiber optic
3587-PMCOY,No,0.4864,Medium Risk,98.9,1064.95,48.1,One year,10,0-12 months,Medium Value,Low-Med Value / Low Risk,6,Fiber optic
8079-XRJRS,Yes,0.0782,Low Risk,89.75,5769.6,7.02,One year,65,49+ months,High Value,High Value / Low Risk,6,Fiber optic
1027-LKKQQ,No,0.0106,Low Risk,80.45,5886.85,0.86,Two year,72,49+ months,High Value,High Value / Low Risk,7,DSL
7148-XZPHA,No,0.1157,Low Risk,79.4,4238.45,9.18,Month-to-month,55,49+ months,High Value,High Value / Low Risk,4,Fiber optic
8073-IJDCM,Yes,0.2522,Medium Risk,20.3,20.3,5.12,Month-to-month,1,0-12 months,Low Value,Low-Med Value / Low Risk,1,No
5309-TAIKL,No,0.2559,Medium Risk,62.8,418.3,16.07,Month-to-month,7,0-12 months,Medium Value,Low-Med Value / Low Risk,5,DSL
6856-RAURS,No,0.6884,High Risk,74.9,136.05,51.56,Month-to-month,2,0-12 months,Low Value,Low-Med Value / High Risk,3,Fiber optic
8778-LMWTJ,No,0.5423,High Risk,74.85,708.2,40.59,Month-to-month,9,0-12 months,Medium Value,Low-Med Value / High Risk,3,Fiber optic
9717-IOAAF,No,0.0266,Low Risk,25.85,788.55,0.69,Two year,27,25-48 months,Medium Value,Low-Med Value / Low Risk,2,No
8884-ADFVN,Yes,0.8216,Critical Risk,101.95,700.85,83.76,Month-to-month,7,0-12 months,Medium Value,Low-Med Value / High Risk,6,Fiber optic
2845-KDHVX,No,0.0161,Low Risk,68.3,4378.8,1.1,Two year,64,49+ months,High Value,High Value / Low Risk,6,DSL
0848-SOMKO,No,0.0084,Low Risk,48.4,3442.8,0.41,Two year,70,49+ months,Medium Value,Low-Med Value / Low Risk,5,DSL
2720-WGKHP,Yes,0.8502,Critical Risk,94.0,181.7,79.92,Month-to-month,2,0-12 months,Low Value,Low-Med Value / High Risk,5,Fiber optic
6734-FQAJX,No,0.0712,Low Risk,105.05,7171.7,7.48,Two year,67,49+ months,High Value,High Value / Low Risk,7,Fiber optic
2869-ADAWR,Yes,0.365,Medium Risk,89.3,4016.85,32.6,Month-to-month,45,25-48 months,High Value,High Value / Low Risk,5,Fiber optic
1535-VTJOQ,No,0.0253,Low Risk,25.15,553.0,0.64,Two year,24,13-24 months,Medium Value,Low-Med Value / Low Risk,2,No
6368-TZZDT,No,0.0395,Low Risk,19.5,96.85,0.77,Two year,4,0-12 months,Low Value,Low-Med Value / Low Risk,1,No
0943-ZQPXH,No,0.37,Medium Risk,92.95,4122.9,34.39,Month-to-month,44,25-48 months,High Value,High Value / Low Risk,5,Fiber optic
1293-BSEUN,No,0.0027,Low Risk,20.7,1482.3,0.06,Two year,72,49+ months,Medium Value,Low-Med Value / Low Risk,1,No
9894-EZEWG,Yes,0.5681,High Risk,74.3,74.3,42.21,Month-to-month,1,0-12 months,Low Value,Low-Med Value / High Risk,3,Fiber optic
1302-TPUBN,No,0.0029,Low Risk,19.35,1240.8,0.06,Two year,66,49+ months,Medium Value,Low-Med Value / Low Risk,1,No
7851-FLGGQ,Yes,0.5007,High Risk,44.65,44.65,22.36,Month-to-month,1,0-12 months,Low Value,Low-Med Value / High Risk,4,DSL
0637-UBJRP,Yes,0.434,Medium Risk,84.05,1095.3,36.48,Month-to-month,13,13-24 months,Medium Value,Low-Med Value / Low Risk,4,Fiber optic
0940-OUQEC,Yes,0.5739,High Risk,80.7,788.8,46.31,Month-to-month,10,0-12 months,Medium Value,Low-Med Value / High Risk,4,Fiber optic
2378-VTKDH,No,0.45,Medium Risk,104.35,6578.55,46.96,Month-to-month,65,49+ months,High Value,High Value / Low Risk,7,Fiber optic
0927-CNGRH,No,0.1612,Low Risk,19.55,19.55,3.15,Month-to-month,1,0-12 months,Low Value,Low-Med Value / Low Risk,1,No
8608-OZTLB,No,0.0385,Low Risk,74.05,2802.3,2.85,One year,38,25-48 months,Medium Value,Low-Med Value / Low Risk,7,DSL
2335-GSODA,No,0.0331,Low Risk,40.1,857.75,1.33,Two year,23,13-24 months,Medium Value,Low-Med Value / Low Risk,4,DSL
1952-DVVSW,No,0.0728,Low Risk,20.1,184.4,1.46,One year,10,0-12 months,Low Value,Low-Med Value / Low Risk,1,No
0702-PGIBZ,Yes,0.7466,High Risk,101.7,364.55,75.93,Month-to-month,4,0-12 months,Low Value,Low-Med Value / High Risk,6,Fiber optic
6656-GULJQ,No,0.015,Low Risk,83.55,6093.3,1.26,Two year,72,49+ months,High Value,High Value / Low Risk,8,DSL
9853-JFZDU,No,0.1007,Low Risk,56.85,1861.1,5.73,Month-to-month,35,25-48 months,Medium Value,Low-Med Value / Low Risk,4,DSL
1963-VAUKV,Yes,0.1887,Low Risk,20.4,20.4,3.85,Month-to-month,1,0-12 months,Low Value,Low-Med Value / Low Risk,1,No
3777-XROBG,No,0.0032,Low Risk,19.55,1079.65,0.06,Two year,58,49+ months,Medium Value,Low-Med Value / Low Risk,1,No
6994-FGRHH,No,0.119,Low Risk,106.15,7475.1,12.63,One year,70,49+ months,High Value,High Value / Low Risk,7,Fiber optic
4000-VGMQP,No,0.0901,Low Risk,78.95,2862.55,7.12,One year,38,25-48 months,Medium Value,Low-Med Value / Low Risk,7,DSL
3999-WRNGR,No,0.1639,Low Risk,49.75,3069.45,8.15,Month-to-month,60,49+ months,Medium Value,Low-Med Value / Low Risk,4,DSL
3466-RITXD,No,0.4153,Medium Risk,92.4,2349.8,38.37,Month-to-month,26,25-48 months,Medium Value,Low-Med Value / Low Risk,6,Fiber optic
2680-XKKNJ,No,0.0702,Low Risk,58.2,469.25,4.08,One year,8,0-12 months,Medium Value,Low-Med Value / Low Risk,5,DSL
3058-HJCUY,Yes,0.3201,Medium Risk,102.6,4213.35,32.84,One year,41,25-48 months,High Value,High Value / Low Risk,7,Fiber optic
2974-GGUXS,No,0.4647,Medium Risk,91.95,3301.05,42.73,Month-to-month,36,25-48 months,Medium Value,Low-Med Value / Low Risk,5,Fiber optic
7994-XIRTR,No,0.035,Low Risk,65.25,3529.95,2.29,One year,54,49+ months,Medium Value,Low-Med Value / Low Risk,5,DSL
3259-FDWOY,Yes,0.0874,Low Risk,106.0,7723.7,9.27,Two year,71,49+ months,High Value,High Value / Low Risk,7,Fiber optic
2101-RANCD,No,0.3452,Medium Risk,73.1,4144.9,25.23,Month-to-month,55,49+ months,High Value,High Value / Low Risk,3,Fiber optic
7921-BEPCI,No,0.0069,Low Risk,59.75,4265.0,0.41,Two year,72,49+ months,High Value,High Value / Low Risk,5,DSL
0807-ZABDG,Yes,0.2046,Low Risk,55.1,154.65,11.27,Month-to-month,3,0-12 months,Low Value,Low-Med Value / Low Risk,4,DSL
8510-TMWYB,No,0.0231,Low Risk,59.8,3246.45,1.38,Two year,54,49+ months,Medium Value,Low-Med Value / Low Risk,5,DSL
3258-ZKPAI,No,0.0445,Low Risk,116.6,8337.45,5.19,Two year,72,49+ months,High Value,High Value / Low Risk,9,Fiber optic
1428-IEDPR,No,0.136,Low Risk,109.3,5731.4,14.86,Two year,52,49+ months,High Value,High Value / Low Risk,8,Fiber optic
5298-GSTLM,No,0.1989,Low Risk,101.4,6176.6,20.17,One year,60,49+ months,High Value,High Value / Low Risk,6,Fiber optic
4450-YOOHP,No,0.2849,Medium Risk,50.65,1905.4,14.43,Month-to-month,39,25-48 months,Medium Value,Low-Med Value / Low Risk,4,DSL
6728-CZFEI,No,0.1652,Low Risk,56.15,931.9,9.27,One year,15,13-24 months,Medium Value,Low-Med Value / Low Risk,3,DSL
5748-RNCJT,Yes,0.0883,Low Risk,106.5,7348.8,9.41,Two year,69,49+ months,High Value,High Value / Low Risk,7,Fiber optic
3653-NCRDJ,No,0.0196,Low Risk,19.2,776.25,0.38,One year,43,25-48 months,Medium Value,Low-Med Value / Low Risk,1,No
6121-TNHBO,No,0.0227,Low Risk,83.0,5243.05,1.88,One year,63,49+ months,High Value,High Value / Low Risk,8,DSL
5119-NZPTV,No,0.6535,High Risk,70.1,141.65,45.81,Month-to-month,2,0-12 months,Low Value,Low-Med Value / High Risk,2,Fiber optic
6519-ZHPXP,No,0.0303,Low Risk,108.3,7679.65,3.28,Two year,72,49+ months,High Value,High Value / Low Risk,8,Fiber optic
7739-LAXOG,Yes,0.4498,Medium Risk,91.05,2954.5,40.95,Month-to-month,32,25-48 months,Medium Value,Low-Med Value / Low Risk,5,Fiber optic
3472-QPRCH,No,0.0105,Low Risk,25.25,1006.9,0.26,Two year,40,25-48 months,Medium Value,Low-Med Value / Low Risk,2,No
8224-UAXBZ,No,0.0589,Low Risk,45.35,2540.1,2.67,One year,58,49+ months,Medium Value,Low-Med Value / Low Risk,4,DSL
9610-WCESF,No,0.0136,Low Risk,43.9,3097.2,0.6,Two year,67,49+ months,Medium Value,Low-Med Value / Low Risk,4,DSL
9776-CLUJA,Yes,0.3177,Medium Risk,77.5,3807.35,24.62,Month-to-month,51,49+ months,High Value,High Value / Low Risk,4,Fiber optic
2486-WYVVE,No,0.1754,Low Risk,79.3,2484.0,13.91,One year,31,25-48 months,Medium Value,Low-Med Value / Low Risk,7,DSL
3865-ZYKAD,No,0.1371,Low Risk,84.9,5785.65,11.64,Month-to-month,69,49+ months,High Value,High Value / Low Risk,5,Fiber optic
1422-DGUBX,No,0.2964,Medium Risk,79.25,2619.15,23.49,One year,32,25-48 months,Medium Value,Low-Med Value / Low Risk,4,Fiber optic
2999-AANRQ,No,0.0291,Low Risk,71.05,1524.85,2.07,Two year,21,13-24 months,Medium Value,Low-Med Value / Low Risk,6,DSL
8668-KNZTI,No,0.0325,Low Risk,53.75,2790.65,1.75,One year,52,49+ months,Medium Value,Low-Med Value / Low Risk,4,DSL
0480-KYJVA,No,0.0024,Low Risk,24.25,1784.5,0.06,Two year,72,49+ months,Medium Value,Low-Med Value / Low Risk,2,No
6034-ZRYCV,Yes,0.0402,Low Risk,54.2,3937.45,2.18,Two year,72,49+ months,High Value,High Value / Low Risk,5,DSL
9746-YKGXB,No,0.0346,Low Risk,44.25,2276.1,1.53,One year,52,49+ months,Medium Value,Low-Med Value / Low Risk,4,DSL
3926-YZVVX,No,0.0343,Low Risk,50.05,2029.05,1.71,One year,41,25-48 months,Medium Value,Low-Med Value / Low Risk,3,DSL
6000-UKLWI,No,0.0097,Low Risk,20.15,802.35,0.2,Two year,41,25-48 months,Medium Value,Low-Med Value / Low Risk,1,No
2079-FBMZK,Yes,0.594,High Risk,69.25,418.4,41.13,Month-to-month,6,0-12 months,Medium Value,Low-Med Value / High Risk,2,Fiber optic
6332-FBZRI,No,0.0139,Low Risk,69.35,4653.25,0.97,One year,67,49+ months,High Value,High Value / Low Risk,7,DSL
2096-XOTMO,No,0.0868,Low Risk,19.35,275.9,1.68,Month-to-month,16,13-24 months,Low Value,Low-Med Value / Low Risk,1,No
3266-FTKHB,No,0.0298,Low Risk,19.15,343.45,0.57,Two year,17,13-24 months,Low Value,Low-Med Value / Low Risk,1,No
8221-EQDGL,No,0.0761,Low Risk,61.0,2130.45,4.64,Month-to-month,35,25-48 months,Medium Value,Low-Med Value / Low Risk,5,DSL
2346-LOCWC,No,0.0032,Low Risk,20.5,1191.4,0.07,Two year,58,49+ months,Medium Value,Low-Med Value / Low Risk,1,No
6608-QQLVK,Yes,0.508,High Risk,50.5,50.5,25.65,Month-to-month,1,0-12 months,Low Value,Low-Med Value / High Risk,3,DSL
0298-XACET,No,0.0185,Low Risk,50.2,2554.0,0.93,Two year,52,49+ months,Medium Value,Low-Med Value / Low Risk,5,DSL
7560-QJAVJ,No,0.0095,Low Risk,79.6,5589.45,0.75,Two year,70,49+ months,High Value,High Value / Low Risk,7,DSL
2995-YWTCD,No,0.0388,Low Risk,24.9,467.7,0.97,Two year,19,13-24 months,Medium Value,Low-Med Value / Low Risk,2,No
3551-HUAZH,Yes,0.7885,Critical Risk,74.4,74.4,58.67,Month-to-month,1,0-12 months,Low Value,Low-Med Value / High Risk,3,Fiber optic
9137-UIYPG,No,0.3381,Medium Risk,106.9,3756.45,36.14,Month-to-month,35,25-48 months,Medium Value,Low-Med Value / Low Risk,7,Fiber optic
2809-ZMYOQ,No,0.6651,High Risk,101.35,3334.9,67.41,Month-to-month,32,25-48 months,Medium Value,Low-Med Value / High Risk,6,Fiber optic
5084-OOVCJ,No,0.1209,Low Risk,55.35,920.5,6.69,Month-to-month,17,13-24 months,Medium Value,Low-Med Value / Low Risk,4,DSL
0254-WWRKD,No,0.0122,Low Risk,50.55,3431.75,0.62,One year,67,49+ months,Medium Value,Low-Med Value / Low Risk,3,DSL
7727-SHVZV,No,0.1314,Low Risk,19.5,150.35,2.56,Month-to-month,9,0-12 months,Low Value,Low-Med Value / Low Risk,1,No
6302-JGYRJ,Yes,0.1293,Low Risk,79.45,2587.7,10.27,One year,31,25-48 months,Medium Value,Low-Med Value / Low Risk,7,DSL
5339-PXDVH,No,0.6194,High Risk,90.65,367.95,56.15,Month-to-month,4,0-12 months,Low Value,Low-Med Value / High Risk,5,Fiber optic
2205-LPVGL,No,0.0638,Low Risk,89.85,5125.75,5.74,One year,58,49+ months,High Value,High Value / Low Risk,6,Fiber optic
8782-NUUOL,No,0.0269,Low Risk,79.0,4801.1,2.13,One year,60,49+ months,High Value,High Value / Low Risk,7,DSL
3685-YLCMQ,Yes,0.2715,Medium Risk,104.65,6219.6,28.41,One year,58,49+ months,High Value,High Value / Low Risk,7,Fiber optic
7601-WFVZV,No,0.1942,Low Risk,19.55,19.55,3.8,Month-to-month,1,0-12 months,Low Value,Low-Med Value / Low Risk,1,No
4609-KNNWG,No,0.015,Low Risk,19.9,550.1,0.3,Two year,27,25-48 months,Medium Value,Low-Med Value / Low Risk,1,No
4868-AADLV,No,0.1537,Low Risk,116.25,7862.25,17.87,One year,66,49+ months,High Value,High Value / Low Risk,9,Fiber optic
9529-OFXHY,No,0.5424,High Risk,87.75,1242.2,47.6,Month-to-month,15,13-24 months,Medium Value,Low-Med Value / High Risk,5,Fiber optic
8634-MPHTR,Yes,0.6193,High Risk,100.05,4871.05,61.96,Month-to-month,47,25-48 months,High Value,High Value / High Risk,6,Fiber optic
2669-QVCRG,No,0.2598,Medium Risk,81.3,3190.65,21.12,Month-to-month,41,25-48 months,Medium Value,Low-Med Value / Low Risk,4,Fiber optic
2478-EEWWM,No,0.2243,Low Risk,44.3,2666.75,9.93,Month-to-month,59,49+ months,Medium Value,Low-Med Value / Low Risk,3,DSL
9174-IHETN,No,0.0396,Low Risk,70.35,3533.6,2.78,Two year,50,49+ months,Medium Value,Low-Med Value / Low Risk,2,Fiber optic
2233-TXSIU,No,0.1275,Low Risk,44.45,792.15,5.67,One year,17,13-24 months,Medium Value,Low-Med Value / Low Risk,4,DSL
9644-UMGQA,No,0.3249,Medium Risk,49.15,295.65,15.97,Month-to-month,6,0-12 months,Low Value,Low-Med Value / Low Risk,3,DSL
3256-EZDBI,No,0.1188,Low Risk,29.45,1459.35,3.5,Month-to-month,51,49+ months,Medium Value,Low-Med Value / Low Risk,2,DSL
8761-NSOBC,Yes,0.3079,Medium Risk,100.55,4398.15,30.96,Month-to-month,44,25-48 months,High Value,High Value / Low Risk,6,Fiber optic
0419-YAAPX,No,0.2781,Medium Risk,85.3,4297.95,23.72,Month-to-month,49,49+ months,High Value,High Value / Low Risk,4,Fiber optic
8413-VONUO,Yes,0.6742,High Risk,95.65,167.3,64.49,Month-to-month,2,0-12 months,Low Value,Low-Med Value / High Risk,5,Fiber optic
0872-CASZJ,No,0.039,Low Risk,69.1,4096.9,2.69,One year,59,49+ months,High Value,High Value / Low Risk,6,DSL
4726-DLWQN,No,0.1224,Low Risk,70.35,3454.6,8.61,Month-to-month,50,49+ months,Medium Value,Low-Med Value / Low Risk,6,DSL
8164-OCKUJ,No,0.0035,Low Risk,20.6,1286.0,0.07,Two year,59,49+ months,Medium Value,Low-Med Value / Low Risk,1,No
3094-JOJAI,No,0.4824,Medium Risk,74.15,1387.0,35.77,Month-to-month,18,13-24 months,Medium Value,Low-Med Value / Low Risk,3,Fiber optic
9494-MRNYX,No,0.6213,High Risk,75.05,786.3,46.63,Month-to-month,10,0-12 months,Medium Value,Low-Med Value / High Risk,3,Fiber optic
2599-CZABP,No,0.1861,Low Risk,44.6,641.25,8.3,One year,14,13-24 months,Medium Value,Low-Med Value / Low Risk,2,DSL
7945-PRBVF,No,0.0118,Low Risk,21.45,705.45,0.25,Two year,35,25-48 months,Medium Value,Low-Med Value / Low Risk,1,No
4544-RXFMG,No,0.2002,Low Risk,43.45,345.5,8.7,One year,8,0-12 months,Low Value,Low-Med Value / Low Risk,2,DSL
0859-YGKFW,No,0.0396,Low Risk,20.05,345.9,0.79,One year,18,13-24 months,Low Value,Low-Med Value / Low Risk,1,No
1150-FTQGN,No,0.0721,Low Risk,94.15,5811.8,6.79,One year,60,49+ months,High Value,High Value / Low Risk,6,Fiber optic
9223-UCPVT,Yes,0.7104,High Risk,94.4,94.4,67.06,Month-to-month,1,0-12 months,Low Value,Low-Med Value / High Risk,5,Fiber optic
7196-LIWRH,No,0.0474,Low Risk,19.55,124.45,0.93,Two year,6,0-12 months,Low Value,Low-Med Value / Low Risk,1,No
5448-VWNAM,No,0.171,Low Risk,75.9,1375.6,12.98,Month-to-month,19,13-24 months,Medium Value,Low-Med Value / Low Risk,7,DSL
1177-XZBJL,No,0.0163,Low Risk,64.15,3491.55,1.05,One year,53,49+ months,Medium Value,Low-Med Value / Low Risk,6,DSL
3518-FSTWG,No,0.0847,Low Risk,109.55,7920.7,9.28,Two year,72,49+ months,High Value,High Value / Low Risk,8,Fiber optic
9330-VOFSZ,No,0.0963,Low Risk,110.8,6640.7,10.66,Two year,60,49+ months,High Value,High Value / Low Risk,8,Fiber optic
4351-QLCSU,Yes,0.4669,Medium Risk,55.0,55.0,25.68,Month-to-month,1,0-12 months,Low Value,Low-Med Value / Low Risk,3,DSL
0939-EREMR,No,0.1551,Low Risk,53.45,718.1,8.29,Month-to-month,13,13-24 months,Medium Value,Low-Med Value / Low Risk,4,DSL
9389-ACWBI,No,0.4297,Medium Risk,69.95,320.4,30.06,Month-to-month,5,0-12 months,Low Value,Low-Med Value / Low Risk,2,Fiber optic
5419-JPRRN,Yes,0.8231,Critical Risk,101.45,101.45,83.5,Month-to-month,1,0-12 months,Low Value,Low-Med Value / High Risk,6,Fiber optic
3644-QXEHN,No,0.5845,High Risk,97.0,1334.45,56.7,Month-to-month,13,13-24 months,Medium Value,Low-Med Value / High Risk,5,Fiber optic
2911-IJORQ,No,0.0858,Low Risk,90.6,3358.65,7.78,One year,37,25-48 months,Medium Value,Low-Med Value / Low Risk,9,DSL
5921-NGYRH,No,0.1249,Low Risk,73.55,4764.0,9.19,Month-to-month,64,49+ months,High Value,High Value / Low Risk,3,Fiber optic
2100-BDNSN,Yes,0.3368,Medium Risk,67.95,350.3,22.89,Month-to-month,5,0-12 months,Low Value,Low-Med Value / Low Risk,6,DSL
5998-DZLYR,No,0.0677,Low Risk,94.35,5703.0,6.38,Two year,61,49+ months,High Value,High Value / Low Risk,6,Fiber optic
0488-GSLFR,Yes,0.7033,High Risk,69.5,69.5,48.88,Month-to-month,1,0-12 months,Low Value,Low-Med Value / High Risk,2,Fiber optic
9318-NKNFC,Yes,0.261,Medium Risk,18.85,18.85,4.92,Month-to-month,1,0-12 months,Low Value,Low-Med Value / Low Risk,1,No
3985-HOYPM,No,0.0366,Low Risk,19.4,525.55,0.71,One year,26,25-48 months,Medium Value,Low-Med Value / Low Risk,1,No
9728-FTTVZ,Yes,0.7044,High Risk,69.2,69.2,48.74,Month-to-month,1,0-12 months,Low Value,Low-Med Value / High Risk,2,Fiber optic
9548-LERKT,No,0.0219,Low Risk,19.75,483.15,0.43,Two year,24,13-24 months,Medium Value,Low-Med Value / Low Risk,1,No
6576-FBXOJ,No,0.2729,Medium Risk,54.6,934.8,14.9,One year,17,13-24 months,Medium Value,Low-Med Value / Low Risk,5,DSL
4310-KEDTB,No,0.2569,Medium Risk,29.8,786.5,7.66,Month-to-month,26,25-48 months,Medium Value,Low-Med Value / Low Risk,2,DSL
7254-IQWOZ,Yes,0.707,High Risk,69.65,69.65,49.24,Month-to-month,1,0-12 months,Low Value,Low-Med Value / High Risk,2,Fiber optic
2474-BRUCM,Yes,0.4691,Medium Risk,101.85,4086.3,47.77,Month-to-month,40,25-48 months,High Value,High Value / Low Risk,6,Fiber optic
4062-HBMOS,No,0.5097,High Risk,103.05,5364.8,52.53,Month-to-month,52,49+ months,High Value,High Value / High Risk,7,Fiber optic
0742-NXBGR,Yes,0.6448,High Risk,82.3,82.3,53.07,Month-to-month,1,0-12 months,Low Value,Low-Med Value / High Risk,4,Fiber optic
2676-ISHSF,No,0.1921,Low Risk,20.3,20.3,3.9,Month-to-month,1,0-12 months,Low Value,Low-Med Value / Low Risk,1,No
9236-NDUCW,No,0.0455,Low Risk,35.1,770.4,1.6,Two year,21,13-24 months,Medium Value,Low-Med Value / Low Risk,3,DSL
4753-PADAS,No,0.1815,Low Risk,105.7,6816.95,19.18,One year,67,49+ months,High Value,High Value / Low Risk,7,Fiber optic
6103-QCKFX,No,0.0334,Low Risk,56.25,2419.55,1.88,Month-to-month,44,25-48 months,Medium Value,Low-Med Value / Low Risk,4,DSL
7781-EWARA,No,0.0335,Low Risk,60.35,4138.7,2.02,One year,70,49+ months,High Value,High Value / Low Risk,6,DSL
6110-OHIHY,Yes,0.6641,High Risk,79.25,267.6,52.63,Month-to-month,3,0-12 months,Low Value,Low-Med Value / High Risk,3,Fiber optic
7018-FPXHH,No,0.0111,Low Risk,59.8,3457.45,0.66,Two year,56,49+ months,Medium Value,Low-Med Value / Low Risk,5,DSL
5889-LFOLL,Yes,0.7301,High Risk,84.6,1115.2,61.77,Month-to-month,13,13-24 months,Medium Value,Low-Med Value / High Risk,4,Fiber optic
5708-EVONK,Yes,0.1875,Low Risk,93.4,5435.6,17.51,Month-to-month,58,49+ months,High Value,High Value / Low Risk,6,Fiber optic
8708-XPXHZ,Yes,0.562,High Risk,94.2,4186.3,52.94,Month-to-month,42,25-48 months,High Value,High Value / High Risk,5,Fiber optic
0616-ATFGB,Yes,0.6067,High Risk,25.05,25.05,15.2,Month-to-month,1,0-12 months,Low Value,Low-Med Value / High Risk,1,DSL
0572-ZJKLT,No,0.0506,Low Risk,99.65,4630.2,5.04,Two year,46,25-48 months,High Value,High Value / Low Risk,7,Fiber optic
5135-RDDQL,No,0.0089,Low Risk,50.65,3221.25,0.45,Two year,63,49+ months,Medium Value,Low-Med Value / Low Risk,3,DSL
1353-LJWEM,No,0.2909,Medium Risk,60.9,688.5,17.71,Month-to-month,11,0-12 months,Medium Value,Low-Med Value / Low Risk,5,DSL
1794-SWWKL,No,0.2396,Low Risk,59.65,867.1,14.29,Month-to-month,15,13-24 months,Medium Value,Low-Med Value / Low Risk,5,DSL
6166-YIPFO,No,0.0224,Low Risk,64.7,4746.05,1.45,Two year,72,49+ months,High Value,High Value / Low Risk,7,DSL
7016-BPGEU,Yes,0.2547,Medium Risk,25.1,712.85,6.39,Month-to-month,29,25-48 months,Medium Value,Low-Med Value / Low Risk,1,DSL
6876-ADESB,Yes,0.369,Medium Risk,48.95,48.95,18.06,Month-to-month,1,0-12 months,Low Value,Low-Med Value / Low Risk,3,DSL
9332-GYWLO,No,0.3837,Medium Risk,54.85,355.1,21.05,Month-to-month,6,0-12 months,Low Value,Low-Med Value / Low Risk,3,DSL
1963-SVUCV,Yes,0.4274,Medium Risk,45.3,45.3,19.36,Month-to-month,1,0-12 months,Low Value,Low-Med Value / Low Risk,2,DSL
4184-VODJZ,No,0.1734,Low Risk,91.35,5764.7,15.84,One year,63,49+ months,High Value,High Value / Low Risk,5,Fiber optic
0220-EBGCE,Yes,0.7325,High Risk,85.85,167.3,62.89,Month-to-month,2,0-12 months,Low Value,Low-Med Value / High Risk,4,Fiber optic
1092-WPIVQ,No,0.0301,Low Risk,25.1,428.45,0.76,Two year,18,13-24 months,Medium Value,Low-Med Value / Low Risk,2,No
7233-IOQNP,No,0.063,Low Risk,34.0,1505.35,2.14,Month-to-month,43,25-48 months,Medium Value,Low-Med Value / Low Risk,3,DSL
2834-JKOOW,No,0.0867,Low Risk,45.9,693.45,3.98,One year,15,13-24 months,Medium Value,Low-Med Value / Low Risk,5,DSL
2754-VDLTR,Yes,0.6769,High Risk,95.2,930.4,64.44,Month-to-month,10,0-12 months,Medium Value,Low-Med Value / High Risk,5,Fiber optic
2400-FEQME,No,0.0042,Low Risk,20.5,1177.95,0.09,Two year,55,49+ months,Medium Value,Low-Med Value / Low Risk,1,No
3190-XFANI,Yes,0.2019,Low Risk,100.6,5069.65,20.31,One year,49,49+ months,High Value,High Value / Low Risk,6,Fiber optic
7551-DACSP,Yes,0.2993,Medium Risk,55.3,324.25,16.55,Month-to-month,6,0-12 months,Low Value,Low-Med Value / Low Risk,4,DSL
4957-SREEC,No,0.0019,Low Risk,20.35,1458.1,0.04,Two year,70,49+ months,Medium Value,Low-Med Value / Low Risk,1,No
7235-NXZCP,Yes,0.7238,High Risk,74.85,156.4,54.18,Month-to-month,2,0-12 months,Low Value,Low-Med Value / High Risk,3,Fiber optic
0230-UBYPQ,No,0.0163,Low Risk,36.1,2298.9,0.59,One year,63,49+ months,Medium Value,Low-Med Value / Low Risk,3,DSL
4923-ADWXJ,No,0.1806,Low Risk,65.8,1679.65,11.88,Month-to-month,25,25-48 months,Medium Value,Low-Med Value / Low Risk,5,DSL
1763-KUAAW,No,0.0542,Low Risk,20.35,369.6,1.1,One year,18,13-24 months,Low Value,Low-Med Value / Low Risk,1,No
1104-TNLZA,No,0.6221,High Risk,105.8,2998.0,65.82,Month-to-month,28,25-48 months,Medium Value,Low-Med Value / High Risk,7,Fiber optic
5195-KPUNQ,No,0.0946,Low Risk,96.75,5206.55,9.16,One year,53,49+ months,High Value,High Value / Low Risk,6,Fiber optic
0520-FDVVT,Yes,0.2834,Medium Risk,102.35,3626.1,29.0,One year,35,25-48 months,Medium Value,Low-Med Value / Low Risk,6,Fiber optic
3439-GVUSX,No,0.4916,Medium Risk,24.4,24.4,12.0,Month-to-month,1,0-12 months,Low Value,Low-Med Value / Low Risk,1,DSL
1444-VVSGW,Yes,0.0704,Low Risk,115.65,7968.85,8.15,One year,70,49+ months,High Value,High Value / Low Risk,9,Fiber optic
5712-PTIWW,Yes,0.6049,High Risk,79.85,152.45,48.3,Month-to-month,2,0-12 months,Low Value,Low-Med Value / High Risk,4,Fiber optic
5949-HGVJL,No,0.3039,Medium Risk,73.05,1959.5,22.2,Month-to-month,26,25-48 months,Medium Value,Low-Med Value / Low Risk,6,DSL
5203-XEHAX,No,0.0698,Low Risk,64.35,2053.05,4.49,One year,34,25-48 months,Medium Value,Low-Med Value / Low Risk,5,DSL
1635-HDGFT,No,0.021,Low Risk,20.5,398.55,0.43,Two year,19,13-24 months,Medium Value,Low-Med Value / Low Risk,1,No
3315-TOTBP,Yes,0.5891,High Risk,76.0,1130.85,44.77,Month-to-month,15,13-24 months,Medium Value,Low-Med Value / High Risk,3,Fiber optic
8050-XGRVL,No,0.0119,Low Risk,54.75,3425.35,0.65,One year,62,49+ months,Medium Value,Low-Med Value / Low Risk,4,DSL
6661-HBGWL,Yes,0.5056,High Risk,104.75,4323.45,52.96,Month-to-month,42,25-48 months,High Value,High Value / High Risk,7,Fiber optic
1518-VOWAV,Yes,0.413,Medium Risk,74.65,703.55,30.83,Month-to-month,9,0-12 months,Medium Value,Low-Med Value / Low Risk,6,DSL
9828-QHFBK,No,0.2219,Low Risk,51.15,1275.7,11.35,Month-to-month,24,13-24 months,Medium Value,Low-Med Value / Low Risk,3,DSL
3908-MKIMJ,No,0.019,Low Risk,41.95,2965.75,0.8,Two year,68,49+ months,Medium Value,Low-Med Value / Low Risk,4,DSL
5012-YSPJJ,No,0.0852,Low Risk,54.35,1647.0,4.63,Month-to-month,31,25-48 months,Medium Value,Low-Med Value / Low Risk,4,DSL
5909-ECHUI,Yes,0.5651,High Risk,56.25,56.25,31.79,Month-to-month,1,0-12 months,Low Value,Low-Med Value / High Risk,3,DSL
1309-BXVOQ,Yes,0.6606,High Risk,106.1,2249.95,70.09,Month-to-month,21,13-24 months,Medium Value,Low-Med Value / High Risk,7,Fiber optic
6728-VOIFY,No,0.2084,Low Risk,96.0,6109.75,20.01,One year,63,49+ months,High Value,High Value / Low Risk,5,Fiber optic
9317-WZPGV,Yes,0.6928,High Risk,79.75,159.4,55.25,Month-to-month,2,0-12 months,Low Value,Low-Med Value / High Risk,3,Fiber optic
4891-NLUBA,No,0.0247,Low Risk,61.45,3751.15,1.52,Two year,61,49+ months,Medium Value,Low-Med Value / Low Risk,6,DSL
2856-HYAPG,Yes,0.6244,High Risk,68.65,68.65,42.86,Month-to-month,1,0-12 months,Low Value,Low-Med Value / High Risk,2,Fiber optic
8969-PRHFK,No,0.0525,Low Risk,19.65,411.25,1.03,One year,18,13-24 months,Medium Value,Low-Med Value / Low Risk,1,No
0661-KQHNK,No,0.0648,Low Risk,19.0,105.5,1.23,One year,6,0-12 months,Low Value,Low-Med Value / Low Risk,1,No
8709-KRDVL,No,0.6276,High Risk,100.0,3320.6,62.76,Month-to-month,33,25-48 months,Medium Value,Low-Med Value / High Risk,6,Fiber optic
4488-PSYCG,Yes,0.0999,Low Risk,20.25,327.45,2.02,Month-to-month,16,13-24 months,Low Value,Low-Med Value / Low Risk,1,No
1427-VERSM,No,0.3566,Medium Risk,98.7,5669.5,35.19,Month-to-month,56,49+ months,High Value,High Value / Low Risk,6,Fiber optic
9801-NOSHQ,No,0.0334,Low Risk,19.8,465.45,0.66,One year,23,13-24 months,Medium Value,Low-Med Value / Low Risk,1,No
6339-YPSAH,No,0.6437,High Risk,73.8,704.3,47.51,Month-to-month,9,0-12 months,Medium Value,Low-Med Value / High Risk,3,Fiber optic
3621-CEOVK,Yes,0.7688,Critical Risk,100.2,1369.8,77.04,Month-to-month,14,13-24 months,Medium Value,Low-Med Value / High Risk,6,Fiber optic
6906-ANDWJ,Yes,0.5255,High Risk,74.9,1107.25,39.36,Month-to-month,15,13-24 months,Medium Value,Low-Med Value / High Risk,3,Fiber optic
2159-TURXX,No,0.1514,Low Risk,20.05,95.55,3.04,Month-to-month,5,0-12 months,Low Value,Low-Med Value / Low Risk,1,No
1548-FEHVL,No,0.3532,Medium Risk,106.2,6375.2,37.51,Month-to-month,61,49+ months,High Value,High Value / Low Risk,7,Fiber optic
3795-CAWEX,No,0.0455,Low Risk,116.55,8152.3,5.3,Two year,70,49+ months,High Value,High Value / Low Risk,9,Fiber optic
6215-NQCPY,No,0.6921,High Risk,99.7,1566.75,69.0,Month-to-month,15,13-24 months,Medium Value,Low-Med Value / High Risk,6,Fiber optic
5647-URDKA,No,0.036,Low Risk,19.7,130.25,0.71,Two year,8,0-12 months,Low Value,Low-Med Value / Low Risk,1,No
2229-DPMBI,No,0.0357,Low Risk,19.5,162.15,0.7,Two year,8,0-12 months,Low Value,Low-Med Value / Low Risk,1,No
9626-WEQRM,No,0.4403,Medium Risk,29.15,110.05,12.83,Month-to-month,4,0-12 months,Low Value,Low-Med Value / Low Risk,2,DSL
2188-SXWVT,No,0.0402,Low Risk,55.0,1885.15,2.21,One year,34,25-48 months,Medium Value,Low-Med Value / Low Risk,4,DSL
6258-PVZWJ,No,0.0195,Low Risk,90.8,6302.85,1.77,Two year,68,49+ months,High Value,High Value / Low Risk,9,DSL
1094-BKOSX,No,0.0411,Low Risk,51.0,2264.5,2.09,One year,45,25-48 months,Medium Value,Low-Med Value / Low Risk,5,DSL
6969-MVBAI,No,0.7727,Critical Risk,90.1,816.8,69.62,Month-to-month,9,0-12 months,Medium Value,Low-Med Value / High Risk,5,Fiber optic
2978-XXSOG,No,0.1759,Low Risk,59.05,1253.5,10.39,Month-to-month,22,13-24 months,Medium Value,Low-Med Value / Low Risk,5,DSL
2342-CKIAO,No,0.182,Low Risk,20.3,41.2,3.69,Month-to-month,2,0-12 months,Low Value,Low-Med Value / Low Risk,1,No
6953-PBDIN,No,0.0129,Low Risk,72.95,5265.55,0.94,Two year,70,49+ months,High Value,High Value / Low Risk,7,DSL
3898-BSJYF,No,0.094,Low Risk,73.55,693.3,6.91,One year,10,0-12 months,Medium Value,Low-Med Value / Low Risk,7,DSL
3938-YFPXD,No,0.0123,Low Risk,84.3,5997.1,1.04,Two year,72,49+ months,High Value,High Value / Low Risk,8,DSL
7696-AMHOD,No,0.0462,Low Risk,78.0,3824.2,3.6,One year,49,49+ months,High Value,High Value / Low Risk,6,DSL
2453-SAFNS,No,0.0445,Low Risk,72.1,3886.05,3.21,One year,54,49+ months,High Value,High Value / Low Risk,6,DSL
9558-IHEZX,No,0.0659,Low Risk,106.75,7283.25,7.03,Two year,71,49+ months,High Value,High Value / Low Risk,8,Fiber optic
9617-UDPEU,No,0.0606,Low Risk,19.25,412.55,1.17,One year,22,13-24 months,Medium Value,Low-Med Value / Low Risk,1,No
6340-DACFT,No,0.0047,Low Risk,20.55,1070.25,0.1,Two year,50,49+ months,Medium Value,Low-Med Value / Low Risk,1,No
4955-VCWBI,No,0.0133,Low Risk,20.0,817.95,0.27,One year,43,25-48 months,Medium Value,Low-Med Value / Low Risk,1,No
6813-GZQCG,No,0.012,Low Risk,24.65,1171.3,0.3,Two year,45,25-48 months,Medium Value,Low-Med Value / Low Risk,2,No
7426-GSWPO,No,0.2838,Medium Risk,103.5,6548.65,29.38,Month-to-month,64,49+ months,High Value,High Value / Low Risk,7,Fiber optic
3389-KTRXV,No,0.0251,Low Risk,23.85,625.65,0.6,Two year,23,13-24 months,Medium Value,Low-Med Value / Low Risk,2,No
3118-UHVVQ,No,0.0038,Low Risk,25.8,1911.5,0.1,Two year,68,49+ months,Medium Value,Low-Med Value / Low Risk,2,No
1031-IIDEO,Yes,0.6983,High Risk,70.85,70.85,49.47,Month-to-month,1,0-12 months,Low Value,Low-Med Value / High Risk,2,Fiber optic
5832-XKAES,Yes,0.6048,High Risk,69.8,134.7,42.21,Month-to-month,2,0-12 months,Low Value,Low-Med Value / High Risk,2,Fiber optic
3205-MXZRA,No,0.0773,Low Risk,59.45,1507.0,4.6,One year,26,25-48 months,Medium Value,Low-Med Value / Low Risk,4,DSL
4701-AHWMW,Yes,0.1459,Low Risk,54.55,2978.3,7.96,Month-to-month,55,49+ months,Medium Value,Low-Med Value / Low Risk,5,DSL
8317-BVKSO,No,0.2059,Low Risk,20.05,299.3,4.13,Month-to-month,14,13-24 months,Low Value,Low-Med Value / Low Risk,1,No
5702-KVQRD,No,0.0197,Low Risk,82.55,5832.65,1.63,Two year,71,49+ months,High Value,High Value / Low Risk,7,DSL
0083-PIVIK,No,0.0307,Low Risk,81.25,5567.55,2.49,One year,64,49+ months,High Value,High Value / Low Risk,8,DSL
9210-IAHGH,Yes,0.3735,Medium Risk,70.75,450.8,26.42,Month-to-month,7,0-12 months,Medium Value,Low-Med Value / Low Risk,5,DSL
6169-PGNCD,No,0.0124,Low Risk,74.3,4166.35,0.92,Two year,57,49+ months,High Value,High Value / Low Risk,7,DSL
0023-XUOPT,Yes,0.6129,High Risk,94.1,1215.6,57.67,Month-to-month,13,13-24 months,Medium Value,Low-Med Value / High Risk,6,Fiber optic
4592-IWTJI,Yes,0.2927,Medium Risk,29.7,91.7,8.69,Month-to-month,3,0-12 months,Low Value,Low-Med Value / Low Risk,2,DSL
4909-JOUPP,No,0.0604,Low Risk,109.7,7898.45,6.62,Two year,72,49+ months,High Value,High Value / Low Risk,8,Fiber optic
4657-FWVFY,No,0.353,Medium Risk,96.35,3915.4,34.01,Month-to-month,40,25-48 months,High Value,High Value / Low Risk,6,Fiber optic
2257-BOVXD,No,0.3406,Medium Risk,66.6,979.5,22.68,Month-to-month,14,13-24 months,Medium Value,Low-Med Value / Low Risk,5,DSL
7729-JTEEC,No,0.4615,Medium Risk,44.5,90.05,20.54,Month-to-month,2,0-12 months,Low Value,Low-Med Value / Low Risk,2,DSL
7632-MNYOY,Yes,0.1241,Low Risk,110.9,7432.05,13.76,One year,66,49+ months,High Value,High Value / Low Risk,8,Fiber optic
6518-LGAOV,Yes,0.5521,High Risk,105.0,4026.4,57.97,Month-to-month,38,25-48 months,High Value,High Value / High Risk,7,Fiber optic
7242-QZLXF,Yes,0.6003,High Risk,25.3,25.3,15.19,Month-to-month,1,0-12 months,Low Value,Low-Med Value / High Risk,1,DSL
4576-CSAJH,Yes,0.0842,Low Risk,55.15,1193.05,4.64,One year,22,13-24 months,Medium Value,Low-Med Value / Low Risk,4,DSL
1000-AJSLD,Yes,0.2567,Medium Risk,20.1,20.1,5.16,Month-to-month,1,0-12 months,Low Value,Low-Med Value / Low Risk,1,No
9696-RMYBA,No,0.6575,High Risk,80.1,398.55,52.67,Month-to-month,5,0-12 months,Medium Value,Low-Med Value / High Risk,3,Fiber optic
8690-UPCZI,No,0.0557,Low Risk,69.05,1958.45,3.85,One year,29,25-48 months,Medium Value,Low-Med Value / Low Risk,6,DSL
1062-LHZOD,Yes,0.5888,High Risk,69.9,69.9,41.16,Month-to-month,1,0-12 months,Low Value,Low-Med Value / High Risk,2,Fiber optic
9770-LXDBK,No,0.175,Low Risk,20.4,63.15,3.57,Month-to-month,3,0-12 months,Low Value,Low-Med Value / Low Risk,1,No
4086-WITJG,No,0.0018,Low Risk,19.7,1301.1,0.03,Two year,71,49+ months,Medium Value,Low-Med Value / Low Risk,1,No
8344-WFMFH,No,0.3477,Medium Risk,50.1,484.05,17.42,Month-to-month,9,0-12 months,Medium Value,Low-Med Value / Low Risk,3,DSL
9600-NAXZN,Yes,0.5713,High Risk,101.4,4528.0,57.93,Month-to-month,43,25-48 months,High Value,High Value / High Risk,6,Fiber optic
8822-KNBHV,No,0.0796,Low Risk,83.45,3887.85,6.64,One year,48,25-48 months,High Value,High Value / Low Risk,8,DSL
8404-FYDIB,No,0.3383,Medium Risk,86.65,2208.75,29.31,Month-to-month,26,25-48 months,Medium Value,Low-Med Value / Low Risk,5,Fiber optic
2791-SFVEW,No,0.1324,Low Risk,20.15,238.15,2.67,Month-to-month,9,0-12 months,Low Value,Low-Med Value / Low Risk,1,No
6457-USBER,Yes,0.7469,High Risk,80.8,80.8,60.35,Month-to-month,1,0-12 months,Low Value,Low-Med Value / High Risk,3,Fiber optic
6762-NSODU,No,0.0057,Low Risk,19.4,958.15,0.11,Two year,46,25-48 months,Medium Value,Low-Med Value / Low Risk,1,No
4662-EKDPQ,Yes,0.442,Medium Risk,62.05,118.3,27.43,Month-to-month,2,0-12 months,Low Value,Low-Med Value / Low Risk,4,DSL
9248-OJYKK,Yes,0.7824,Critical Risk,76.45,76.45,59.82,Month-to-month,1,0-12 months,Low Value,Low-Med Value / High Risk,3,Fiber optic
9888-ZCUMM,No,0.0178,Low Risk,60.05,3845.45,1.07,Two year,64,49+ months,High Value,High Value / Low Risk,6,DSL
3398-FSHON,Yes,0.727,High Risk,91.3,1094.5,66.38,Month-to-month,12,0-12 months,Medium Value,Low-Med Value / High Risk,5,Fiber optic
3319-DWOEP,Yes,0.7833,Critical Risk,95.75,573.75,75.01,Month-to-month,6,0-12 months,Medium Value,Low-Med Value / High Risk,5,Fiber optic
1074-WVEVG,No,0.0081,Low Risk,20.35,1267.0,0.17,One year,59,49+ months,Medium Value,Low-Med Value / Low Risk,1,No
9979-RGMZT,No,0.4889,Medium Risk,94.05,633.45,45.98,One year,7,0-12 months,Medium Value,Low-Med Value / Low Risk,5,Fiber optic
6437-UDQJM,No,0.0257,Low Risk,84.1,6129.65,2.16,Two year,72,49+ months,High Value,High Value / Low Risk,8,DSL
1226-IENZN,No,0.6817,High Risk,78.75,1218.25,53.68,Month-to-month,16,13-24 months,Medium Value,Low-Med Value / High Risk,3,Fiber optic
2108-GLPQB,No,0.204,Low Risk,55.55,1405.3,11.33,Month-to-month,25,25-48 months,Medium Value,Low-Med Value / Low Risk,4,DSL
9259-PACGQ,Yes,0.1083,Low Risk,62.65,2274.9,6.78,Month-to-month,34,25-48 months,Medium Value,Low-Med Value / Low Risk,6,DSL
4415-IJZTP,Yes,0.7593,Critical Risk,74.5,74.5,56.57,Month-to-month,1,0-12 months,Low Value,Low-Med Value / High Risk,3,Fiber optic
1465-VINDH,Yes,0.6367,High Risk,102.1,1068.85,65.01,Month-to-month,10,0-12 months,Medium Value,Low-Med Value / High Risk,7,Fiber optic
5474-LAMUQ,No,0.0407,Low Risk,20.1,533.9,0.82,One year,24,13-24 months,Medium Value,Low-Med Value / Low Risk,1,No
3468-DRVQJ,No,0.1652,Low Risk,70.3,676.15,11.61,One year,10,0-12 months,Medium Value,Low-Med Value / Low Risk,6,DSL
1122-YJBCS,No,0.015,Low Risk,53.65,3804.4,0.8,One year,69,49+ months,High Value,High Value / Low Risk,4,DSL
4990-ALDGW,No,0.0046,Low Risk,20.75,1118.8,0.1,Two year,57,49+ months,Medium Value,Low-Med Value / Low Risk,1,No
4816-OKWNX,No,0.1381,Low Risk,103.4,5236.4,14.28,One year,50,49+ months,High Value,High Value / Low Risk,7,Fiber optic
3315-IKYZQ,No,0.0664,Low Risk,50.8,1386.8,3.37,One year,28,25-48 months,Medium Value,Low-Med Value / Low Risk,5,DSL
2810-FTLEM,Yes,0.2754,Medium Risk,50.15,762.25,13.81,Month-to-month,16,13-24 months,Medium Value,Low-Med Value / Low Risk,3,DSL
4747-LCAQL,No,0.1755,Low Risk,79.0,1902.0,13.86,Month-to-month,25,25-48 months,Medium Value,Low-Med Value / Low Risk,7,DSL
3411-WLRSQ,No,0.6006,High Risk,74.6,239.05,44.81,Month-to-month,3,0-12 months,Low Value,Low-Med Value / High Risk,3,Fiber optic
0898-XCGTF,No,0.2244,Low Risk,96.5,5673.7,21.66,One year,61,49+ months,High Value,High Value / Low Risk,5,Fiber optic
8006-PYCSW,No,0.1824,Low Risk,20.1,39.8,3.67,Month-to-month,2,0-12 months,Low Value,Low-Med Value / Low Risk,1,No
8249-THVEC,No,0.0095,Low Risk,19.4,997.75,0.18,One year,51,49+ months,Medium Value,Low-Med Value / Low Risk,1,No
8722-PRFDV,No,0.0097,Low Risk,77.55,5574.35,0.75,Two year,71,49+ months,High Value,High Value / Low Risk,6,DSL
2164-SOQXL,No,0.0731,Low Risk,20.05,406.05,1.47,Month-to-month,20,13-24 months,Medium Value,Low-Med Value / Low Risk,1,No
4020-KIUDI,No,0.1228,Low Risk,19.85,138.85,2.44,Month-to-month,6,0-12 months,Low Value,Low-Med Value / Low Risk,1,No
5850-BDWCY,No,0.1562,Low Risk,20.2,123.65,3.16,Month-to-month,6,0-12 months,Low Value,Low-Med Value / Low Risk,1,No
2038-YSEZE,No,0.0845,Low Risk,67.45,1801.1,5.7,Month-to-month,29,25-48 months,Medium Value,Low-Med Value / Low Risk,6,DSL
0827-ITJPH,No,0.0163,Low Risk,18.55,689.0,0.3,Two year,36,25-48 months,Medium Value,Low-Med Value / Low Risk,1,No
8799-OXZMD,No,0.2816,Medium Risk,29.75,790.7,8.38,Month-to-month,28,25-48 months,Medium Value,Low-Med Value / Low Risk,2,DSL
1925-TIBLE,Yes,0.7623,Critical Risk,86.5,582.5,65.94,Month-to-month,7,0-12 months,Medium Value,Low-Med Value / High Risk,4,Fiber optic
1705-GUHPV,No,0.0051,Low Risk,24.2,1618.2,0.12,Two year,63,49+ months,Medium Value,Low-Med Value / Low Risk,2,No
4779-ZGICK,No,0.0083,Low Risk,23.55,1173.35,0.19,Two year,48,25-48 months,Medium Value,Low-Med Value / Low Risk,2,No
0048-PIHNL,No,0.0116,Low Risk,20.45,900.9,0.24,One year,49,49+ months,Medium Value,Low-Med Value / Low Risk,1,No
0818-OCPZO,Yes,0.5621,High Risk,81.45,2122.05,45.78,Month-to-month,27,25-48 months,Medium Value,Low-Med Value / High Risk,4,Fiber optic
3967-KXAPS,No,0.0118,Low Risk,92.3,6719.9,1.09,Two year,72,49+ months,High Value,High Value / Low Risk,9,DSL
1447-GIQMR,Yes,0.7131,High Risk,69.15,69.15,49.31,Month-to-month,1,0-12 months,Low Value,Low-Med Value / High Risk,2,Fiber optic
3704-IEAXF,No,0.0105,Low Risk,53.65,3784.0,0.56,Two year,72,49+ months,Medium Value,Low-Med Value / Low Risk,5,DSL
6810-VCAEX,No,0.0225,Low Risk,39.65,1798.65,0.89,One year,47,25-48 months,Medium Value,Low-Med Value / Low Risk,4,DSL
0674-EYYZV,No,0.5721,High Risk,54.65,54.65,31.27,Month-to-month,1,0-12 months,Low Value,Low-Med Value / High Risk,3,DSL
4480-MBMLB,No,0.3524,Medium Risk,104.8,3886.45,36.93,One year,36,25-48 months,High Value,High Value / Low Risk,7,Fiber optic
1395-OFUWC,No,0.0841,Low Risk,29.3,1224.05,2.47,Month-to-month,43,25-48 months,Medium Value,Low-Med Value / Low Risk,2,DSL
0822-QGCXA,No,0.311,Medium Risk,83.85,2310.2,26.08,Month-to-month,27,25-48 months,Medium Value,Low-Med Value / Low Risk,8,DSL
0872-NXJYS,Yes,0.6952,High Risk,79.55,723.4,55.31,Month-to-month,9,0-12 months,Medium Value,Low-Med Value / High Risk,3,Fiber optic
2832-KJCRD,No,0.5507,High Risk,103.65,3988.5,57.08,Month-to-month,38,25-48 months,High Value,High Value / High Risk,7,Fiber optic
3588-WSTTJ,No,0.5954,High Risk,99.05,3554.6,58.97,Month-to-month,35,25-48 months,Medium Value,Low-Med Value / High Risk,6,Fiber optic
4075-WKNIU,No,0.1024,Low Risk,73.35,0.0,7.51,Two year,0,0-12 months,Low Value,Low-Med Value / Low Risk,7,DSL
5090-EMGTC,No,0.0792,Low Risk,100.05,6034.85,7.92,Two year,59,49+ months,High Value,High Value / Low Risk,6,Fiber optic
2346-CZYIL,No,0.0167,Low Risk,20.35,531.6,0.34,Two year,27,25-48 months,Medium Value,Low-Med Value / Low Risk,1,No
3798-EPWRR,No,0.4537,Medium Risk,43.95,85.1,19.94,Month-to-month,2,0-12 months,Low Value,Low-Med Value / Low Risk,2,DSL
6258-NGCNG,No,0.1993,Low Risk,23.5,173.0,4.68,Month-to-month,7,0-12 months,Low Value,Low-Med Value / Low Risk,2,No
4186-ZBUEW,No,0.0982,Low Risk,70.7,2511.95,6.94,One year,36,25-48 months,Medium Value,Low-Med Value / Low Risk,6,DSL
5274-XHAKY,No,0.2745,Medium Risk,94.3,3893.6,25.88,Month-to-month,41,25-48 months,High Value,High Value / Low Risk,6,Fiber optic
1442-BQPVU,No,0.3892,Medium Risk,29.15,357.15,11.35,Month-to-month,13,13-24 months,Low Value,Low-Med Value / Low Risk,2,DSL
3978-YNKDD,No,0.0195,Low Risk,20.85,467.5,0.41,Two year,19,13-24 months,Medium Value,Low-Med Value / Low Risk,1,No
4940-KHCWD,No,0.0076,Low Risk,37.7,2288.7,0.29,Two year,60,49+ months,Medium Value,Low-Med Value / Low Risk,4,DSL
9412-ARGBX,Yes,0.0608,Low Risk,95.5,4627.85,5.81,Two year,48,25-48 months,High Value,High Value / Low Risk,6,Fiber optic
1389-CXMLU,Yes,0.7391,High Risk,91.05,289.1,67.3,Month-to-month,3,0-12 months,Low Value,Low-Med Value / High Risk,5,Fiber optic
9589-ABEPT,No,0.061,Low Risk,92.45,6460.55,5.64,Two year,69,49+ months,High Value,High Value / Low Risk,6,Fiber optic
9388-ZEYVT,No,0.0902,Low Risk,44.15,1931.3,3.98,One year,43,25-48 months,Medium Value,Low-Med Value / Low Risk,4,DSL
0305-SQECB,No,0.1351,Low Risk,36.05,402.6,4.87,One year,11,0-12 months,Medium Value,Low-Med Value / Low Risk,3,DSL
7605-SNLQG,No,0.1067,Low Risk,50.25,2221.55,5.36,Month-to-month,45,25-48 months,Medium Value,Low-Med Value / Low Risk,3,DSL
4670-TABXH,No,0.0722,Low Risk,109.75,7758.9,7.92,Two year,72,49+ months,High Value,High Value / Low Risk,8,Fiber optic
5561-NWEVX,Yes,0.7067,High Risk,79.2,172.85,55.97,Month-to-month,2,0-12 months,Low Value,Low-Med Value / High Risk,4,Fiber optic
0064-SUDOG,No,0.0274,Low Risk,20.3,224.5,0.56,Two year,12,0-12 months,Low Value,Low-Med Value / Low Risk,1,No
8561-NMTBD,No,0.1148,Low Risk,112.35,7388.45,12.9,One year,67,49+ months,High Value,High Value / Low Risk,8,Fiber optic
5161-XEUVX,No,0.1126,Low Risk,94.3,3460.95,10.61,Two year,37,25-48 months,Medium Value,Low-Med Value / Low Risk,6,Fiber optic
8292-FRFZQ,No,0.0331,Low Risk,41.15,1700.9,1.36,One year,39,25-48 months,Medium Value,Low-Med Value / Low Risk,4,DSL
8591-NXRCV,No,0.1203,Low Risk,74.65,3090.65,8.98,Month-to-month,41,25-48 months,Medium Value,Low-Med Value / Low Risk,7,DSL
7895-VONWT,No,0.5282,High Risk,48.25,1293.8,25.49,Month-to-month,25,25-48 months,Medium Value,Low-Med Value / High Risk,4,DSL
4526-RMTLL,No,0.0706,Low Risk,76.15,645.8,5.37,Two year,8,0-12 months,Medium Value,Low-Med Value / Low Risk,7,DSL
6253-GNHWH,No,0.0051,Low Risk,71.1,5224.95,0.36,Two year,71,49+ months,High Value,High Value / Low Risk,7,DSL
4566-NECEV,No,0.6587,High Risk,96.55,500.1,63.6,Month-to-month,5,0-12 months,Medium Value,Low-Med Value / High Risk,6,Fiber optic
8080-POTJR,No,0.1537,Low Risk,79.3,2427.1,12.19,One year,30,25-48 months,Medium Value,Low-Med Value / Low Risk,7,DSL
6906-MPARY,No,0.1471,Low Risk,89.6,3488.15,13.18,One year,40,25-48 months,Medium Value,Low-Med Value / Low Risk,5,Fiber optic
3662-FXJFO,No,0.0075,Low Risk,20.5,1035.7,0.15,Two year,54,49+ months,Medium Value,Low-Med Value / Low Risk,1,No
8107-RZLNV,No,0.0986,Low Risk,106.3,7565.35,10.48,Two year,72,49+ months,High Value,High Value / Low Risk,7,Fiber optic
0516-OOHAR,No,0.2139,Low Risk,100.35,2799.0,21.46,One year,28,25-48 months,Medium Value,Low-Med Value / Low Risk,6,Fiber optic
2027-CWDNU,No,0.4973,Medium Risk,85.6,1601.5,42.57,Month-to-month,18,13-24 months,Medium Value,Low-Med Value / Low Risk,4,Fiber optic
2737-WFVYW,Yes,0.7341,High Risk,45.25,85.5,33.22,Month-to-month,2,0-12 months,Low Value,Low-Med Value / High Risk,3,DSL
9912-OMZDS,No,0.253,Medium Risk,106.15,6256.2,26.86,One year,59,49+ months,High Value,High Value / Low Risk,7,Fiber optic
3733-ZEECP,No,0.2115,Low Risk,51.1,1232.9,10.81,Month-to-month,22,13-24 months,Medium Value,Low-Med Value / Low Risk,3,DSL
7878-RTCZG,No,0.19,Low Risk,19.9,19.9,3.78,Month-to-month,1,0-12 months,Low Value,Low-Med Value / Low Risk,1,No
2452-MRMZF,No,0.0052,Low Risk,25.7,1937.4,0.13,Two year,72,49+ months,Medium Value,Low-Med Value / Low Risk,2,No
2272-QAGFO,Yes,0.7048,High Risk,74.3,1096.25,52.37,Month-to-month,14,13-24 months,Medium Value,Low-Med Value / High Risk,3,Fiber optic
7103-IPXPJ,No,0.2406,Low Risk,99.4,5059.75,23.91,One year,50,49+ months,High Value,High Value / Low Risk,6,Fiber optic
4342-HFXWS,No,0.0196,Low Risk,69.7,3023.65,1.36,One year,48,25-48 months,Medium Value,Low-Med Value / Low Risk,6,DSL
3545-CNWRG,No,0.4734,Medium Risk,98.35,4889.2,46.56,Month-to-month,49,49+ months,High Value,High Value / Low Risk,6,Fiber optic
1785-BPHTP,No,0.4024,Medium Risk,85.45,2289.9,34.39,Month-to-month,28,25-48 months,Medium Value,Low-Med Value / Low Risk,4,Fiber optic
4989-LIXVT,No,0.3452,Medium Risk,95.9,6503.2,33.1,Month-to-month,68,49+ months,High Value,High Value / Low Risk,6,Fiber optic
7315-WYOAW,No,0.626,High Risk,100.75,1313.25,63.07,Month-to-month,13,13-24 months,Medium Value,Low-Med Value / High Risk,6,Fiber optic
1173-XZPYF,No,0.7375,High Risk,89.2,990.3,65.78,Month-to-month,11,0-12 months,Medium Value,Low-Med Value / High Risk,5,Fiber optic
9850-OWRHQ,Yes,0.6668,High Risk,74.1,228.0,49.41,Month-to-month,3,0-12 months,Low Value,Low-Med Value / High Risk,3,Fiber optic
3768-NLUBH,Yes,0.45,Medium Risk,100.6,5746.15,45.27,Month-to-month,57,49+ months,High Value,High Value / Low Risk,6,Fiber optic
8676-TRMJS,Yes,0.6005,High Risk,75.0,209.1,45.03,Month-to-month,3,0-12 months,Low Value,Low-Med Value / High Risk,3,Fiber optic
2509-TFPJU,No,0.0031,Low Risk,25.75,1864.2,0.08,Two year,72,49+ months,Medium Value,Low-Med Value / Low Risk,2,No
9530-GRMJG,No,0.0308,Low Risk,84.1,5979.7,2.59,Two year,70,49+ months,High Value,High Value / Low Risk,8,DSL
6898-RBTLU,No,0.0268,Low Risk,79.3,3902.45,2.13,Two year,49,49+ months,High Value,High Value / Low Risk,7,DSL
5481-NTDOH,No,0.1684,Low Risk,107.05,7142.5,18.03,One year,67,49+ months,High Value,High Value / Low Risk,7,Fiber optic
2068-WWXQZ,No,0.0072,Low Risk,20.05,902.0,0.15,Two year,46,25-48 months,Medium Value,Low-Med Value / Low Risk,1,No
7359-SSBJK,Yes,0.0111,Low Risk,70.2,4481.0,0.78,Two year,64,49+ months,High Value,High Value / Low Risk,6,DSL
2061-VVFST,No,0.0412,Low Risk,19.5,805.2,0.8,Month-to-month,37,25-48 months,Medium Value,Low-Med Value / Low Risk,1,No
0685-MLYYM,Yes,0.6421,High Risk,70.75,154.85,45.43,Month-to-month,2,0-12 months,Low Value,Low-Med Value / High Risk,2,Fiber optic
0749-IRGQE,No,0.5869,High Risk,45.3,528.45,26.59,Month-to-month,13,13-24 months,Medium Value,Low-Med Value / High Risk,3,DSL
2380-DAMQP,No,0.0561,Low Risk,115.15,8349.7,6.46,Two year,72,49+ months,High Value,High Value / Low Risk,9,Fiber optic
2256-YLYLP,No,0.0171,Low Risk,72.95,4953.25,1.24,Two year,68,49+ months,High Value,High Value / Low Risk,6,DSL
1272-ILHFG,No,0.0491,Low Risk,19.65,332.65,0.96,One year,15,13-24 months,Low Value,Low-Med Value / Low Risk,1,No
0164-XAIRP,No,0.0283,Low Risk,19.55,470.2,0.55,Two year,24,13-24 months,Medium Value,Low-Med Value / Low Risk,1,No
5666-CYCYZ,No,0.5802,High Risk,89.55,2259.35,51.96,Month-to-month,24,13-24 months,Medium Value,Low-Med Value / High Risk,5,Fiber optic
4011-ARPHK,No,0.1146,Low Risk,50.35,1411.35,5.77,Month-to-month,27,25-48 months,Medium Value,Low-Med Value / Low Risk,3,DSL
8182-PNAGI,Yes,0.1851,Low Risk,50.25,593.75,9.3,Month-to-month,12,0-12 months,Medium Value,Low-Med Value / Low Risk,3,DSL
6365-HITVU,No,0.0067,Low Risk,87.25,6328.7,0.59,Two year,71,49+ months,High Value,High Value / Low Risk,8,DSL
7558-IMLMT,No,0.0035,Low Risk,20.8,1411.9,0.07,Two year,67,49+ months,Medium Value,Low-Med Value / Low Risk,1,No
9488-FYQAU,No,0.0927,Low Risk,109.25,6841.4,10.13,Two year,63,49+ months,High Value,High Value / Low Risk,8,Fiber optic
3590-TCXTB,No,0.192,Low Risk,20.35,20.35,3.91,Month-to-month,1,0-12 months,Low Value,Low-Med Value / Low Risk,1,No
6994-KERXL,No,0.5443,High Risk,55.9,238.5,30.43,Month-to-month,4,0-12 months,Low Value,Low-Med Value / High Risk,3,DSL
7957-RYHQD,Yes,0.2201,Low Risk,79.2,3233.85,17.43,Month-to-month,40,25-48 months,Medium Value,Low-Med Value / Low Risk,4,Fiber optic
2180-DXNEG,Yes,0.7112,High Risk,96.0,1062.1,68.27,Month-to-month,12,0-12 months,Medium Value,Low-Med Value / High Risk,5,Fiber optic
1960-UOTYM,No,0.0243,Low Risk,79.2,4016.3,1.92,Two year,52,49+ months,High Value,High Value / Low Risk,7,DSL
2740-JFBOK,No,0.2976,Medium Risk,24.0,226.55,7.14,Month-to-month,10,0-12 months,Low Value,Low-Med Value / Low Risk,2,No
6500-JVEGC,No,0.0747,Low Risk,101.35,7110.75,7.57,One year,68,49+ months,High Value,High Value / Low Risk,7,Fiber optic
5515-AKOAJ,Yes,0.4355,Medium Risk,100.1,5440.9,43.59,Month-to-month,54,49+ months,High Value,High Value / Low Risk,6,Fiber optic
8976-OQHGT,Yes,0.1803,Low Risk,56.5,235.1,10.19,Month-to-month,4,0-12 months,Low Value,Low-Med Value / Low Risk,4,DSL
5245-VDBUR,No,0.0332,Low Risk,35.45,1958.95,1.18,One year,52,49+ months,Medium Value,Low-Med Value / Low Risk,3,DSL
6230-BSUXY,Yes,0.7648,Critical Risk,85.0,85.0,65.01,Month-to-month,1,0-12 months,Low Value,Low-Med Value / High Risk,4,Fiber optic
8469-SNFFH,No,0.0164,Low Risk,79.4,5528.9,1.3,One year,70,49+ months,High Value,High Value / Low Risk,8,DSL
2144-ESWKO,No,0.0598,Low Risk,35.2,1463.7,2.1,One year,43,25-48 months,Medium Value,Low-Med Value / Low Risk,3,DSL
1241-FPMOF,No,0.0059,Low Risk,19.65,1025.05,0.12,Two year,52,49+ months,Medium Value,Low-Med Value / Low Risk,1,No
9928-BZVLZ,No,0.0792,Low Risk,49.85,552.1,3.95,Two year,12,0-12 months,Medium Value,Low-Med Value / Low Risk,5,DSL
4114-QMKVN,No,0.0267,Low Risk,68.75,3815.4,1.84,One year,56,49+ months,High Value,High Value / Low Risk,6,DSL
2775-SEFEE,No,0.0797,Low Risk,61.9,0.0,4.93,Two year,0,0-12 months,Low Value,Low-Med Value / Low Risk,6,DSL
9003-CPATH,No,0.3559,Medium Risk,79.9,3313.4,28.44,Month-to-month,42,25-48 months,Medium Value,Low-Med Value / Low Risk,4,Fiber optic
1754-GKYPY,No,0.6145,High Risk,89.75,1938.9,55.15,Month-to-month,22,13-24 months,Medium Value,Low-Med Value / High Risk,4,Fiber optic
5294-CDGWY,Yes,0.064,Low Risk,59.3,3014.65,3.79,One year,51,49+ months,Medium Value,Low-Med Value / Low Risk,6,DSL
7956-XQWGU,No,0.0845,Low Risk,19.4,460.25,1.64,Month-to-month,27,25-48 months,Medium Value,Low-Med Value / Low Risk,1,No
1591-MQJTP,No,0.1952,Low Risk,93.65,4839.15,18.28,One year,51,49+ months,High Value,High Value / Low Risk,6,Fiber optic
5295-PCJOO,Yes,0.3361,Medium Risk,49.4,184.4,16.61,Month-to-month,4,0-12 months,Low Value,Low-Med Value / Low Risk,3,DSL
2369-FEVNO,No,0.2574,Medium Risk,19.9,19.9,5.12,Month-to-month,1,0-12 months,Low Value,Low-Med Value / Low Risk,1,No
9863-JZAIC,Yes,0.1596,Low Risk,55.0,2010.55,8.78,Month-to-month,35,25-48 months,Medium Value,Low-Med Value / Low Risk,3,DSL
7471-MQPOS,No,0.0294,Low Risk,72.9,5139.65,2.15,One year,71,49+ months,High Value,High Value / Low Risk,7,DSL
7660-HDPJV,Yes,0.7044,High Risk,69.2,69.2,48.74,Month-to-month,1,0-12 months,Low Value,Low-Med Value / High Risk,2,Fiber optic
5115-SQAAU,No,0.0041,Low Risk,25.6,1673.4,0.1,Two year,69,49+ months,Medium Value,Low-Med Value / Low Risk,2,No
9845-QOMAD,No,0.0512,Low Risk,19.75,309.35,1.01,One year,14,13-24 months,Low Value,Low-Med Value / Low Risk,1,No
7672-VFMXZ,No,0.0385,Low Risk,55.7,3171.6,2.14,Month-to-month,57,49+ months,Medium Value,Low-Med Value / Low Risk,4,DSL
9739-JLPQJ,No,0.0313,Low Risk,117.5,8670.1,3.67,Two year,72,49+ months,High Value,High Value / Low Risk,9,Fiber optic
9916-AYHTC,No,0.0063,Low Risk,19.85,916.0,0.13,Two year,48,25-48 months,Medium Value,Low-Med Value / Low Risk,1,No
3855-ONCAR,No,0.6169,High Risk,78.9,299.75,48.67,Month-to-month,4,0-12 months,Low Value,Low-Med Value / High Risk,3,Fiber optic
1488-SYSFC,No,0.0877,Low Risk,20.65,702.05,1.81,Month-to-month,31,25-48 months,Medium Value,Low-Med Value / Low Risk,1,No
7931-PXHFC,Yes,0.0812,Low Risk,62.3,2354.8,5.06,One year,38,25-48 months,Medium Value,Low-Med Value / Low Risk,5,DSL
3990-QYKBE,Yes,0.6815,High Risk,92.5,3473.4,63.04,Month-to-month,37,25-48 months,Medium Value,Low-Med Value / High Risk,5,Fiber optic
0970-QXPXW,No,0.1907,Low Risk,19.65,19.65,3.75,Month-to-month,1,0-12 months,Low Value,Low-Med Value / Low Risk,1,No
3259-KNMRR,No,0.0568,Low Risk,79.75,4438.2,4.53,Two year,57,49+ months,High Value,High Value / Low Risk,7,DSL
6120-RJKLU,No,0.0193,Low Risk,79.95,4819.75,1.54,Two year,62,49+ months,High Value,High Value / Low Risk,7,DSL
9572-WUKSB,No,0.5493,High Risk,29.9,92.25,16.42,Month-to-month,3,0-12 months,Low Value,Low-Med Value / High Risk,2,DSL
5893-KCLGT,No,0.0027,Low Risk,19.75,1567.0,0.05,Two year,72,49+ months,Medium Value,Low-Med Value / Low Risk,1,No
0076-LVEPS,No,0.1118,Low Risk,45.0,1242.45,5.03,Month-to-month,29,25-48 months,Medium Value,Low-Med Value / Low Risk,5,DSL
3640-JQGJG,No,0.2039,Low Risk,44.8,559.2,9.13,Month-to-month,13,13-24 months,Medium Value,Low-Med Value / Low Risk,2,DSL
4919-MOAVT,Yes,0.5542,High Risk,69.65,220.1,38.6,Month-to-month,3,0-12 months,Low Value,Low-Med Value / High Risk,2,Fiber optic
1596-OQSPS,No,0.2885,Medium Risk,51.1,531.15,14.74,Month-to-month,11,0-12 months,Medium Value,Low-Med Value / Low Risk,3,DSL
9867-XOBQA,No,0.0415,Low Risk,53.15,1183.2,2.21,Two year,21,13-24 months,Medium Value,Low-Med Value / Low Risk,6,DSL
9546-KDTRB,No,0.1145,Low Risk,24.7,465.85,2.83,Month-to-month,19,13-24 months,Medium Value,Low-Med Value / Low Risk,2,No
3090-HAWSU,Yes,0.0758,Low Risk,111.6,6876.05,8.46,Two year,61,49+ months,High Value,High Value / Low Risk,8,Fiber optic
9820-RMCQV,Yes,0.1779,Low Risk,48.55,501.0,8.64,Month-to-month,11,0-12 months,Medium Value,Low-Med Value / Low Risk,3,DSL
3174-RKMOW,No,0.4811,Medium Risk,109.95,3782.4,52.9,Month-to-month,35,25-48 months,Medium Value,Low-Med Value / Low Risk,8,Fiber optic
1760-CAZHT,No,0.0575,Low Risk,20.8,460.2,1.2,Month-to-month,25,25-48 months,Medium Value,Low-Med Value / Low Risk,1,No
7839-QRKXN,Yes,0.2525,Medium Risk,20.2,20.2,5.1,Month-to-month,1,0-12 months,Low Value,Low-Med Value / Low Risk,1,No
8441-SHIPE,No,0.0057,Low Risk,25.6,1790.35,0.15,Two year,67,49+ months,Medium Value,Low-Med Value / Low Risk,2,No
5204-QZXPU,Yes,0.5163,High Risk,39.65,733.35,20.47,Month-to-month,19,13-24 months,Medium Value,Low-Med Value / High Risk,3,DSL
4597-ELFTS,Yes,0.0175,Low Risk,24.9,1334.0,0.43,One year,56,49+ months,Medium Value,Low-Med Value / Low Risk,2,No
1320-GVNHT,No,0.0571,Low Risk,108.4,7767.25,6.19,Two year,72,49+ months,High Value,High Value / Low Risk,8,Fiber optic
1047-RNXZV,No,0.009,Low Risk,19.55,876.15,0.18,Two year,43,25-48 months,Medium Value,Low-Med Value / Low Risk,1,No
3541-ZNUHK,No,0.2013,Low Risk,85.1,4600.95,17.13,Month-to-month,55,49+ months,High Value,High Value / Low Risk,5,Fiber optic
8450-JOVAH,Yes,0.2666,Medium Risk,56.7,113.55,15.12,Month-to-month,2,0-12 months,Low Value,Low-Med Value / Low Risk,4,DSL
8725-JEDFD,No,0.4135,Medium Risk,69.05,1793.25,28.55,Month-to-month,27,25-48 months,Medium Value,Low-Med Value / Low Risk,2,Fiber optic
7562-UXTPG,No,0.5288,High Risk,70.15,886.7,37.1,Month-to-month,13,13-24 months,Medium Value,Low-Med Value / High Risk,2,Fiber optic
8071-SBTRN,No,0.0781,Low Risk,111.15,7737.55,8.68,Two year,70,49+ months,High Value,High Value / Low Risk,8,Fiber optic
1113-IUJYX,Yes,0.1944,Low Risk,105.95,1348.9,20.6,One year,14,13-24 months,Medium Value,Low-Med Value / Low Risk,7,Fiber optic
6668-CNMFP,No,0.3047,Medium Risk,89.35,1686.85,27.23,One year,19,13-24 months,Medium Value,Low-Med Value / Low Risk,5,Fiber optic
5626-MGTUK,No,0.5046,High Risk,89.1,1879.25,44.96,Month-to-month,20,13-24 months,Medium Value,Low-Med Value / High Risk,5,Fiber optic
5681-LLOEI,No,0.0953,Low Risk,91.25,4013.8,8.7,One year,43,25-48 months,High Value,High Value / Low Risk,6,Fiber optic
8212-DJRCH,No,0.4953,Medium Risk,90.35,434.5,44.75,Month-to-month,5,0-12 months,Medium Value,Low-Med Value / Low Risk,5,Fiber optic
4323-OHFOW,No,0.1471,Low Risk,105.55,7195.35,15.52,One year,70,49+ months,High Value,High Value / Low Risk,7,Fiber optic
4933-BSAIP,No,0.0104,Low Risk,19.1,780.1,0.2,Two year,40,25-48 months,Medium Value,Low-Med Value / Low Risk,1,No
2030-BTZRO,No,0.0503,Low Risk,20.4,107.6,1.03,Two year,6,0-12 months,Low Value,Low-Med Value / Low Risk,1,No
1116-DXXDF,No,0.1732,Low Risk,100.45,3801.7,17.4,Two year,39,25-48 months,High Value,High Value / Low Risk,6,Fiber optic
9274-CNFMO,Yes,0.7024,High Risk,74.95,308.7,52.64,Month-to-month,4,0-12 months,Low Value,Low-Med Value / High Risk,3,Fiber optic
7758-XKCBS,Yes,0.4126,Medium Risk,29.7,438.25,12.26,Month-to-month,15,13-24 months,Medium Value,Low-Med Value / Low Risk,2,DSL
8992-JQYUN,Yes,0.7418,High Risk,50.35,50.35,37.35,Month-to-month,1,0-12 months,Low Value,Low-Med Value / High Risk,4,DSL
6563-VNPMN,No,0.1468,Low Risk,85.7,3778.1,12.58,Month-to-month,45,25-48 months,Medium Value,Low-Med Value / Low Risk,5,Fiber optic
0617-AQNWT,Yes,0.0157,Low Risk,47.85,3147.5,0.75,Two year,64,49+ months,Medium Value,Low-Med Value / Low Risk,5,DSL
2267-WTPYD,No,0.254,Medium Risk,94.0,5438.95,23.87,Month-to-month,57,49+ months,High Value,High Value / Low Risk,6,Fiber optic
0270-THENM,No,0.0046,Low Risk,69.85,5102.35,0.32,Two year,72,49+ months,High Value,High Value / Low Risk,7,DSL
2446-PLQVO,Yes,0.7046,High Risk,70.3,70.3,49.53,Month-to-month,1,0-12 months,Low Value,Low-Med Value / High Risk,2,Fiber optic
4707-MAXGU,No,0.0031,Low Risk,25.85,1872.2,0.08,Two year,72,49+ months,Medium Value,Low-Med Value / Low Risk,2,No
2710-WYVXG,No,0.058,Low Risk,71.1,213.35,4.12,Two year,3,0-12 months,Low Value,Low-Med Value / Low Risk,6,DSL
3005-NFMTA,Yes,0.4672,Medium Risk,98.8,5617.75,46.16,Month-to-month,55,49+ months,High Value,High Value / Low Risk,6,Fiber optic
6300-BWMJX,No,0.2482,Low Risk,93.35,5386.5,23.17,Month-to-month,59,49+ months,High Value,High Value / Low Risk,6,Fiber optic
8784-CGILN,Yes,0.5874,High Risk,99.85,1776.95,58.65,Month-to-month,18,13-24 months,Medium Value,Low-Med Value / High Risk,6,Fiber optic
5389-FFVKB,Yes,0.4537,Medium Risk,80.3,2483.05,36.43,Month-to-month,32,25-48 months,Medium Value,Low-Med Value / Low Risk,3,Fiber optic
7009-LGECI,No,0.2967,Medium Risk,50.55,235.65,15.0,Month-to-month,4,0-12 months,Low Value,Low-Med Value / Low Risk,3,DSL
8444-WRIDW,Yes,0.1912,Low Risk,80.45,5224.35,15.38,Month-to-month,66,49+ months,High Value,High Value / Low Risk,4,Fiber optic
5022-KVDQT,No,0.5687,High Risk,81.3,2272.8,46.23,Month-to-month,27,25-48 months,Medium Value,Low-Med Value / High Risk,4,Fiber optic
7976-CICYS,No,0.2114,Low Risk,20.7,83.75,4.38,Month-to-month,4,0-12 months,Low Value,Low-Med Value / Low Risk,1,No
1036-GUDCL,No,0.0472,Low Risk,79.05,4663.4,3.73,Month-to-month,60,49+ months,High Value,High Value / Low Risk,7,DSL
2005-DWQZJ,No,0.0363,Low Risk,19.05,201.7,0.69,Two year,8,0-12 months,Low Value,Low-Med Value / Low Risk,1,No
8148-WOCMK,No,0.0326,Low Risk,19.6,125.0,0.64,Two year,8,0-12 months,Low Value,Low-Med Value / Low Risk,1,No
7815-PDTHL,No,0.0184,Low Risk,20.2,684.4,0.37,Two year,35,25-48 months,Medium Value,Low-Med Value / Low Risk,1,No
9451-LPGOO,Yes,0.7628,Critical Risk,86.8,620.35,66.21,Month-to-month,7,0-12 months,Medium Value,Low-Med Value / High Risk,4,Fiber optic
9173-IVZVP,No,0.0045,Low Risk,20.9,1146.05,0.09,Two year,53,49+ months,Medium Value,Low-Med Value / Low Risk,1,No
9129-UXERG,No,0.5777,High Risk,103.6,1806.35,59.85,Month-to-month,18,13-24 months,Medium Value,Low-Med Value / High Risk,7,Fiber optic
3635-JBPSG,No,0.177,Low Risk,38.8,603.0,6.87,Two year,15,13-24 months,Medium Value,Low-Med Value / Low Risk,3,DSL
7964-ZRKKG,No,0.1348,Low Risk,88.4,5798.3,11.92,One year,67,49+ months,High Value,High Value / Low Risk,5,Fiber optic
5868-YWPDW,Yes,0.7204,High Risk,84.2,519.15,60.66,Month-to-month,6,0-12 months,Medium Value,Low-Med Value / High Risk,4,Fiber optic
6229-LSCKB,No,0.7481,High Risk,79.7,497.6,59.62,Month-to-month,6,0-12 months,Medium Value,Low-Med Value / High Risk,3,Fiber optic
2025-JKFWI,Yes,0.6459,High Risk,99.0,1301.7,63.94,Month-to-month,13,13-24 months,Medium Value,Low-Med Value / High Risk,6,Fiber optic
4078-SAYYN,Yes,0.7786,Critical Risk,100.75,1129.75,78.44,Month-to-month,11,0-12 months,Medium Value,Low-Med Value / High Risk,6,Fiber optic
1724-IQWNM,No,0.2184,Low Risk,19.3,19.3,4.22,Month-to-month,1,0-12 months,Low Value,Low-Med Value / Low Risk,1,No
8217-QYOHV,No,0.2316,Low Risk,55.75,266.95,12.91,Month-to-month,5,0-12 months,Low Value,Low-Med Value / Low Risk,4,DSL
5546-QUERU,No,0.0904,Low Risk,19.95,257.0,1.8,One year,13,13-24 months,Low Value,Low-Med Value / Low Risk,1,No
9940-HPQPG,Yes,0.3797,Medium Risk,91.75,865.8,34.84,Month-to-month,9,0-12 months,Medium Value,Low-Med Value / Low Risk,6,Fiber optic
6897-UUBNU,No,0.2745,Medium Risk,89.65,2623.65,24.61,Month-to-month,29,25-48 months,Medium Value,Low-Med Value / Low Risk,5,Fiber optic
6127-IYJOZ,No,0.4751,Medium Risk,45.85,45.85,21.78,Month-to-month,1,0-12 months,Low Value,Low-Med Value / Low Risk,2,DSL
6618-RYATB,Yes,0.6887,High Risk,79.55,79.55,54.78,Month-to-month,1,0-12 months,Low Value,Low-Med Value / High Risk,4,Fiber optic
8930-XOTDP,No,0.2227,Low Risk,55.95,1082.8,12.46,Month-to-month,18,13-24 months,Medium Value,Low-Med Value / Low Risk,3,DSL
5916-QEWPT,No,0.4216,Medium Risk,69.0,147.8,29.09,Month-to-month,2,0-12 months,Low Value,Low-Med Value / Low Risk,5,DSL
5060-TQUQN,No,0.2987,Medium Risk,83.55,2570.2,24.96,Month-to-month,30,25-48 months,Medium Value,Low-Med Value / Low Risk,5,Fiber optic
0531-XBKMM,No,0.0053,Low Risk,65.7,4378.9,0.35,Two year,66,49+ months,High Value,High Value / Low Risk,6,DSL
8465-SBRXP,No,0.1177,Low Risk,94.9,3616.25,11.17,Two year,38,25-48 months,Medium Value,Low-Med Value / Low Risk,6,Fiber optic
2408-PSJVE,No,0.0695,Low Risk,61.9,2924.05,4.3,Month-to-month,44,25-48 months,Medium Value,Low-Med Value / Low Risk,5,DSL
9079-YEXQJ,Yes,0.3245,Medium Risk,111.1,6014.85,36.05,Month-to-month,54,49+ months,High Value,High Value / Low Risk,8,Fiber optic
9700-ZCLOT,No,0.1855,Low Risk,20.0,32.7,3.71,Month-to-month,2,0-12 months,Low Value,Low-Med Value / Low Risk,1,No
8738-JOKAR,No,0.0433,Low Risk,67.7,2882.25,2.93,One year,42,25-48 months,Medium Value,Low-Med Value / Low Risk,6,DSL
4534-WGCIR,No,0.0046,Low Risk,25.15,1509.9,0.12,Two year,58,49+ months,Medium Value,Low-Med Value / Low Risk,2,No
1930-WNXSB,No,0.3262,Medium Risk,92.85,5305.05,30.28,Month-to-month,58,49+ months,High Value,High Value / Low Risk,5,Fiber optic
2685-SREOM,Yes,0.6069,High Risk,89.1,2368.4,54.08,Month-to-month,25,25-48 months,Medium Value,Low-Med Value / High Risk,5,Fiber optic
3508-CFVZL,No,0.0422,Low Risk,111.3,7985.9,4.7,Two year,71,49+ months,High Value,High Value / Low Risk,9,Fiber optic
0402-CQAJN,Yes,0.5007,High Risk,101.9,3545.35,51.02,Month-to-month,37,25-48 months,Medium Value,Low-Med Value / High Risk,7,Fiber optic
6692-UDPJC,Yes,0.5914,High Risk,91.65,1301.0,54.2,Month-to-month,14,13-24 months,Medium Value,Low-Med Value / High Risk,5,Fiber optic
1273-MTETI,Yes,0.8019,Critical Risk,88.85,372.45,71.25,Month-to-month,4,0-12 months,Low Value,Low-Med Value / High Risk,5,Fiber optic
0657-DOGUM,No,0.0379,Low Risk,60.6,2985.25,2.3,One year,48,25-48 months,Medium Value,Low-Med Value / Low Risk,5,DSL
5480-HPRRX,Yes,0.5738,High Risk,25.3,77.75,14.52,Month-to-month,3,0-12 months,Low Value,Low-Med Value / High Risk,1,DSL
8792-AOROI,No,0.0599,Low Risk,65.5,564.35,3.92,Two year,8,0-12 months,Medium Value,Low-Med Value / Low Risk,5,DSL
0295-PPHDO,Yes,0.8316,Critical Risk,95.45,95.45,79.37,Month-to-month,1,0-12 months,Low Value,Low-Med Value / High Risk,5,Fiber optic
5146-YYFRZ,No,0.0027,Low Risk,19.95,1311.75,0.05,Two year,67,49+ months,Medium Value,Low-Med Value / Low Risk,1,No
1195-OIYEJ,Yes,0.7168,High Risk,91.1,1135.7,65.3,Month-to-month,13,13-24 months,Medium Value,Low-Med Value / High Risk,4,Fiber optic
5906-CVLHP,Yes,0.0291,Low Risk,54.15,2319.8,1.57,One year,45,25-48 months,Medium Value,Low-Med Value / Low Risk,4,DSL
3452-SRFEG,No,0.3062,Medium Risk,74.6,3720.35,22.84,Month-to-month,49,49+ months,Medium Value,Low-Med Value / Low Risk,3,Fiber optic
4070-OKWVH,No,0.2619,Medium Risk,94.6,5025.8,24.77,Month-to-month,52,49+ months,High Value,High Value / Low Risk,6,Fiber optic
5297-MDOIR,No,0.0634,Low Risk,81.15,5224.5,5.15,One year,63,49+ months,High Value,High Value / Low Risk,4,Fiber optic
6369-MCAKO,No,0.0159,Low Risk,89.05,6185.8,1.42,Two year,68,49+ months,High Value,High Value / Low Risk,9,DSL
4926-UMJZD,No,0.1434,Low Risk,49.2,1498.55,7.05,Month-to-month,31,25-48 months,Medium Value,Low-Med Value / Low Risk,3,DSL
6848-HJTXY,No,0.003,Low Risk,19.45,1208.6,0.06,Two year,64,49+ months,Medium Value,Low-Med Value / Low Risk,1,No
6341-AEVKX,No,0.1413,Low Risk,104.3,6613.65,14.74,One year,62,49+ months,High Value,High Value / Low Risk,7,Fiber optic
4501-EQDRN,Yes,0.5275,High Risk,69.7,69.7,36.77,Month-to-month,1,0-12 months,Low Value,Low-Med Value / High Risk,2,Fiber optic
2990-HWIML,Yes,0.762,Critical Risk,89.5,573.3,68.2,Month-to-month,6,0-12 months,Medium Value,Low-Med Value / High Risk,4,Fiber optic
0682-USIXD,No,0.521,High Risk,86.05,1818.9,44.83,Month-to-month,21,13-24 months,Medium Value,Low-Med Value / High Risk,4,Fiber optic
6976-BWGLQ,No,0.0025,Low Risk,25.2,1787.35,0.06,Two year,72,49+ months,Medium Value,Low-Med Value / Low Risk,2,No
7078-NVFAM,No,0.1764,Low Risk,35.15,1051.05,6.2,Month-to-month,32,25-48 months,Medium Value,Low-Med Value / Low Risk,3,DSL
8065-QBYTO,No,0.0758,Low Risk,99.65,7181.25,7.55,One year,71,49+ months,High Value,High Value / Low Risk,7,Fiber optic
2133-TSRRM,No,0.308,Medium Risk,105.35,3688.6,32.44,Month-to-month,34,25-48 months,Medium Value,Low-Med Value / Low Risk,7,Fiber optic
7384-GHBPI,Yes,0.6881,High Risk,35.15,99.75,24.19,Month-to-month,3,0-12 months,Low Value,Low-Med Value / High Risk,2,DSL
7603-USHJS,Yes,0.5406,High Risk,73.75,871.4,39.87,Month-to-month,12,0-12 months,Medium Value,Low-Med Value / High Risk,3,Fiber optic
7234-FECYN,Yes,0.7491,High Risk,101.35,780.5,75.92,Month-to-month,8,0-12 months,Medium Value,Low-Med Value / High Risk,6,Fiber optic
2511-ALLCS,No,0.0133,Low Risk,24.3,821.6,0.32,Two year,35,25-48 months,Medium Value,Low-Med Value / Low Risk,2,No
3191-CSNMG,No,0.6886,High Risk,80.7,239.45,55.57,Month-to-month,3,0-12 months,Low Value,Low-Med Value / High Risk,3,Fiber optic
7952-OBOYL,No,0.5754,High Risk,89.85,244.45,51.7,Month-to-month,3,0-12 months,Low Value,Low-Med Value / High Risk,5,Fiber optic
7470-DYNOE,No,0.088,Low Risk,61.1,3357.9,5.37,One year,53,49+ months,Medium Value,Low-Med Value / Low Risk,4,DSL
7853-OETYL,No,0.5249,High Risk,29.05,129.6,15.25,Month-to-month,4,0-12 months,Low Value,Low-Med Value / High Risk,2,DSL
1545-ACTAS,No,0.1537,Low Risk,99.7,4977.2,15.32,One year,48,25-48 months,High Value,High Value / Low Risk,6,Fiber optic
5876-HZVZM,Yes,0.1506,Low Risk,55.9,365.35,8.42,Month-to-month,6,0-12 months,Low Value,Low-Med Value / Low Risk,4,DSL
1400-MMYXY,Yes,0.8158,Critical Risk,105.9,334.65,86.4,Month-to-month,3,0-12 months,Low Value,Low-Med Value / High Risk,7,Fiber optic
5126-RCXYW,No,0.0171,Low Risk,46.0,2424.05,0.79,Two year,54,49+ months,Medium Value,Low-Med Value / Low Risk,4,DSL
3085-QUOZK,Yes,0.354,Medium Risk,43.95,43.95,15.56,Month-to-month,1,0-12 months,Low Value,Low-Med Value / Low Risk,2,DSL
2363-BJLSL,No,0.0808,Low Risk,80.4,4981.15,6.5,Month-to-month,62,49+ months,High Value,High Value / Low Risk,7,DSL
1956-YIFGE,No,0.3279,Medium Risk,100.05,2090.25,32.81,One year,22,13-24 months,Medium Value,Low-Med Value / Low Risk,6,Fiber optic
3926-CUQZX,Yes,0.4259,Medium Risk,45.1,45.1,19.21,Month-to-month,1,0-12 months,Low Value,Low-Med Value / Low Risk,2,DSL
7921-LMDFQ,No,0.256,Medium Risk,94.0,4905.75,24.07,One year,51,49+ months,High Value,High Value / Low Risk,5,Fiber optic
2925-MXLSX,No,0.1468,Low Risk,68.95,2038.7,10.12,One year,30,25-48 months,Medium Value,Low-Med Value / Low Risk,6,DSL
5820-PTRYM,No,0.0299,Low Risk,68.45,4014.0,2.05,One year,56,49+ months,High Value,High Value / Low Risk,7,DSL
9609-BENEA,No,0.1421,Low Risk,69.0,2441.7,9.8,One year,35,25-48 months,Medium Value,Low-Med Value / Low Risk,6,DSL
6211-WHMYA,No,0.1054,Low Risk,43.85,2751.0,4.62,Month-to-month,64,49+ months,Medium Value,Low-Med Value / Low Risk,4,DSL
4459-BBGHE,No,0.4195,Medium Risk,44.5,1307.8,18.67,Month-to-month,30,25-48 months,Medium Value,Low-Med Value / Low Risk,3,DSL
9945-PSVIP,No,0.0234,Low Risk,18.7,383.65,0.44,Two year,25,25-48 months,Low Value,Low-Med Value / Low Risk,1,No
1041-RXHRA,Yes,0.2152,Low Risk,70.25,2868.05,15.11,Month-to-month,41,25-48 months,Medium Value,Low-Med Value / Low Risk,2,Fiber optic
1750-CSKKM,Yes,0.351,Medium Risk,55.35,449.75,19.43,Month-to-month,9,0-12 months,Medium Value,Low-Med Value / Low Risk,3,DSL
9108-EJFJP,No,0.309,Medium Risk,53.55,53.55,16.55,Month-to-month,1,0-12 months,Low Value,Low-Med Value / Low Risk,4,DSL
0530-IJVDB,No,0.0643,Low Risk,114.6,7882.5,7.37,Two year,70,49+ months,High Value,High Value / Low Risk,9,Fiber optic
0508-SQWPL,No,0.005,Low Risk,20.1,1087.7,0.1,Two year,57,49+ months,Medium Value,Low-Med Value / Low Risk,1,No
2215-ZAFGX,No,0.7557,Critical Risk,85.5,791.7,64.61,Month-to-month,9,0-12 months,Medium Value,Low-Med Value / High Risk,4,Fiber optic
8213-TAZPM,No,0.1172,Low Risk,108.75,7493.05,12.75,One year,69,49+ months,High Value,High Value / Low Risk,8,Fiber optic
7142-HVGBG,Yes,0.6094,High Risk,103.0,4414.3,62.76,Month-to-month,43,25-48 months,High Value,High Value / High Risk,7,Fiber optic
1304-SEGFY,No,0.1438,Low Risk,97.85,6841.3,14.07,Two year,72,49+ months,High Value,High Value / Low Risk,6,Fiber optic
7242-EDTYC,No,0.0063,Low Risk,19.55,819.95,0.12,Two year,44,25-48 months,Medium Value,Low-Med Value / Low Risk,1,No
2904-GGUAZ,No,0.0333,Low Risk,84.05,6052.25,2.8,Two year,72,49+ months,High Value,High Value / Low Risk,5,Fiber optic
8267-ZNYVZ,Yes,0.2555,Medium Risk,103.75,3361.05,26.51,One year,33,25-48 months,Medium Value,Low-Med Value / Low Risk,7,Fiber optic
5136-GFPMB,No,0.2626,Medium Risk,89.4,4869.5,23.47,Month-to-month,54,49+ months,High Value,High Value / Low Risk,5,Fiber optic
2595-KIWPV,No,0.0134,Low Risk,19.7,509.3,0.26,Two year,27,25-48 months,Medium Value,Low-Med Value / Low Risk,1,No
5243-SAOTC,No,0.2464,Low Risk,79.85,4308.25,19.67,Month-to-month,54,49+ months,High Value,High Value / Low Risk,4,Fiber optic
9398-MMQTO,No,0.4636,Medium Risk,74.45,221.1,34.51,Month-to-month,3,0-12 months,Low Value,Low-Med Value / Low Risk,3,Fiber optic
7619-PLRLP,No,0.037,Low Risk,74.1,3833.95,2.74,One year,53,49+ months,High Value,High Value / Low Risk,7,DSL
6457-GIRWB,Yes,0.7081,High Risk,69.35,69.35,49.1,Month-to-month,1,0-12 months,Low Value,Low-Med Value / High Risk,2,Fiber optic
6508-NJYRO,No,0.0612,Low Risk,18.8,294.95,1.15,One year,15,13-24 months,Low Value,Low-Med Value / Low Risk,1,No
1450-SKCVI,Yes,0.2353,Low Risk,73.85,4092.85,17.38,Month-to-month,56,49+ months,High Value,High Value / Low Risk,3,Fiber optic
4710-NKCAW,No,0.15,Low Risk,64.4,316.9,9.66,Month-to-month,5,0-12 months,Low Value,Low-Med Value / Low Risk,6,DSL
5306-BVTKJ,No,0.0369,Low Risk,55.8,2651.2,2.06,One year,48,25-48 months,Medium Value,Low-Med Value / Low Risk,4,DSL
0357-NVCRI,No,0.0519,Low Risk,20.05,471.7,1.04,Month-to-month,25,25-48 months,Medium Value,Low-Med Value / Low Risk,1,No
5570-PTWEH,Yes,0.662,High Risk,75.15,216.75,49.75,Month-to-month,3,0-12 months,Low Value,Low-Med Value / High Risk,3,Fiber optic
2371-KFUOG,No,0.0901,Low Risk,99.15,5720.95,8.93,One year,58,49+ months,High Value,High Value / Low Risk,6,Fiber optic
0463-ZSDNT,No,0.3865,Medium Risk,56.75,503.25,21.93,Month-to-month,10,0-12 months,Medium Value,Low-Med Value / Low Risk,3,DSL
6502-MJQAE,Yes,0.7072,High Risk,69.6,69.6,49.22,Month-to-month,1,0-12 months,Low Value,Low-Med Value / High Risk,2,Fiber optic
6257-DTAYD,No,0.0731,Low Risk,104.15,7365.3,7.61,Two year,71,49+ months,High Value,High Value / Low Risk,7,Fiber optic
4616-ULAOA,No,0.0704,Low Risk,110.8,7245.9,7.8,Two year,65,49+ months,High Value,High Value / Low Risk,8,Fiber optic
7693-LCKZL,Yes,0.6556,High Risk,80.15,385.0,52.54,Month-to-month,5,0-12 months,Low Value,Low-Med Value / High Risk,4,Fiber optic
7746-AWNQW,No,0.2157,Low Risk,35.75,961.4,7.71,Month-to-month,28,25-48 months,Medium Value,Low-Med Value / Low Risk,3,DSL
5996-EBTKM,No,0.0168,Low Risk,69.9,4615.9,1.17,Two year,67,49+ months,High Value,High Value / Low Risk,6,DSL
2758-RNWXS,No,0.2006,Low Risk,89.2,3251.3,17.89,One year,35,25-48 months,Medium Value,Low-Med Value / Low Risk,5,Fiber optic
2314-TNDJQ,No,0.0052,Low Risk,55.65,3880.05,0.29,Two year,72,49+ months,High Value,High Value / Low Risk,6,DSL
2405-LBMUW,No,0.0222,Low Risk,50.7,3088.75,1.12,One year,61,49+ months,Medium Value,Low-Med Value / Low Risk,5,DSL
3454-JFUBC,No,0.0043,Low Risk,20.0,1396.0,0.09,Two year,68,49+ months,Medium Value,Low-Med Value / Low Risk,1,No
0032-PGELS,Yes,0.3162,Medium Risk,30.5,30.5,9.65,Month-to-month,1,0-12 months,Low Value,Low-Med Value / Low Risk,2,DSL
9039-ZVJDC,No,0.2424,Low Risk,19.1,53.05,4.63,Month-to-month,3,0-12 months,Low Value,Low-Med Value / Low Risk,1,No
6797-LNAQX,Yes,0.0587,Low Risk,98.3,6859.5,5.77,Two year,70,49+ months,High Value,High Value / Low Risk,6,Fiber optic
9013-AQORL,No,0.0891,Low Risk,45.55,2108.35,4.06,Month-to-month,48,25-48 months,Medium Value,Low-Med Value / Low Risk,4,DSL
2898-MRKPI,No,0.145,Low Risk,101.05,6770.5,14.65,One year,68,49+ months,High Value,High Value / Low Risk,6,Fiber optic
2750-BJLSB,No,0.1844,Low Risk,103.7,4730.6,19.13,One year,47,25-48 months,High Value,High Value / Low Risk,7,Fiber optic
3648-GZPHF,No,0.0883,Low Risk,36.25,1151.05,3.2,One year,32,25-48 months,Medium Value,Low-Med Value / Low Risk,3,DSL
2075-RMJIK,No,0.2626,Medium Risk,49.4,232.55,12.97,Month-to-month,5,0-12 months,Low Value,Low-Med Value / Low Risk,3,DSL
9588-YRFHY,No,0.0089,Low Risk,19.9,1022.6,0.18,Two year,49,49+ months,Medium Value,Low-Med Value / Low Risk,1,No
6394-MFYNG,Yes,0.4278,Medium Risk,107.4,5121.3,45.94,Month-to-month,48,25-48 months,High Value,High Value / Low Risk,7,Fiber optic
1564-NTYXF,Yes,0.7666,Critical Risk,82.0,1127.2,62.86,Month-to-month,13,13-24 months,Medium Value,Low-Med Value / High Risk,4,Fiber optic
9364-YKUVW,No,0.1536,Low Risk,19.8,309.4,3.04,Month-to-month,15,13-24 months,Low Value,Low-Med Value / Low Risk,1,No
5392-AKEMH,No,0.4037,Medium Risk,45.05,523.1,18.19,Month-to-month,12,0-12 months,Medium Value,Low-Med Value / Low Risk,2,DSL
2451-YMUXS,No,0.0103,Low Risk,64.55,4250.1,0.67,Two year,67,49+ months,High Value,High Value / Low Risk,6,DSL
3914-FDRHP,No,0.52,High Risk,86.25,770.5,44.85,Month-to-month,9,0-12 months,Medium Value,Low-Med Value / High Risk,4,Fiber optic
3078-ZKNTS,No,0.0378,Low Risk,19.75,246.7,0.75,Two year,13,13-24 months,Low Value,Low-Med Value / Low Risk,1,No
1024-KPRBB,No,0.3051,Medium Risk,89.1,3342.0,27.18,One year,38,25-48 months,Medium Value,Low-Med Value / Low Risk,4,Fiber optic
4690-PKDQG,No,0.5243,High Risk,95.55,3930.6,50.1,Month-to-month,42,25-48 months,High Value,High Value / High Risk,6,Fiber optic
8155-IBNHG,Yes,0.4876,Medium Risk,75.4,1747.85,36.76,Month-to-month,24,13-24 months,Medium Value,Low-Med Value / Low Risk,3,Fiber optic
0886-QGENL,Yes,0.5654,High Risk,101.25,2754.45,57.24,Month-to-month,27,25-48 months,Medium Value,Low-Med Value / High Risk,6,Fiber optic
9547-ITEFG,No,0.642,High Risk,102.6,897.75,65.86,Month-to-month,9,0-12 months,Medium Value,Low-Med Value / High Risk,7,Fiber optic
1264-FUHCX,No,0.0817,Low Risk,56.3,2780.6,4.6,One year,49,49+ months,Medium Value,Low-Med Value / Low Risk,5,DSL
7789-CRUVC,No,0.138,Low Risk,94.2,5895.45,13.0,Month-to-month,61,49+ months,High Value,High Value / Low Risk,7,Fiber optic
6598-KELSS,No,0.0472,Low Risk,43.05,2208.05,2.03,One year,50,49+ months,Medium Value,Low-Med Value / Low Risk,4,DSL
8739-WWKDU,Yes,0.6511,High Risk,89.5,2196.15,58.27,Month-to-month,25,25-48 months,Medium Value,Low-Med Value / High Risk,5,Fiber optic
8685-WHQPW,Yes,0.5545,High Risk,74.4,1692.6,41.25,Month-to-month,22,13-24 months,Medium Value,Low-Med Value / High Risk,3,Fiber optic
4745-LSPLO,Yes,0.1916,Low Risk,20.5,20.5,3.93,Month-to-month,1,0-12 months,Low Value,Low-Med Value / Low Risk,1,No
8083-YTZES,Yes,0.7433,High Risk,74.35,265.35,55.26,Month-to-month,4,0-12 months,Low Value,Low-Med Value / High Risk,3,Fiber optic
7240-FQLHE,Yes,0.5412,High Risk,99.75,1836.25,53.98,Month-to-month,18,13-24 months,Medium Value,Low-Med Value / High Risk,6,Fiber optic
6664-FPDAC,Yes,0.2826,Medium Risk,111.95,6418.9,31.63,One year,56,49+ months,High Value,High Value / Low Risk,8,Fiber optic
9972-VAFJJ,No,0.1723,Low Risk,94.0,4871.45,16.19,One year,53,49+ months,High Value,High Value / Low Risk,6,Fiber optic
0422-UXFAP,No,0.3695,Medium Risk,98.85,4947.55,36.53,One year,51,49+ months,High Value,High Value / Low Risk,6,Fiber optic
1904-WAJAA,No,0.0469,Low Risk,64.35,1558.65,3.02,Two year,24,13-24 months,Medium Value,Low-Med Value / Low Risk,6,DSL
5130-YPIRV,No,0.014,Low Risk,72.0,4284.2,1.01,Two year,62,49+ months,High Value,High Value / Low Risk,6,DSL
2843-CQMEG,No,0.2134,Low Risk,49.7,1218.25,10.61,Month-to-month,24,13-24 months,Medium Value,Low-Med Value / Low Risk,3,DSL
6439-PKTRR,No,0.01,Low Risk,80.7,5617.95,0.8,Two year,70,49+ months,High Value,High Value / Low Risk,8,DSL
5351-QESIO,No,0.4363,Medium Risk,24.2,24.2,10.56,Month-to-month,1,0-12 months,Low Value,Low-Med Value / Low Risk,1,DSL
0786-VSSUD,Yes,0.4792,Medium Risk,39.0,679.85,18.69,Month-to-month,16,13-24 months,Medium Value,Low-Med Value / Low Risk,3,DSL
5568-DMXZS,No,0.3732,Medium Risk,65.45,554.45,24.42,Month-to-month,8,0-12 months,Medium Value,Low-Med Value / Low Risk,5,DSL
8468-FZTOE,No,0.0092,Low Risk,74.35,5237.4,0.68,Two year,72,49+ months,High Value,High Value / Low Risk,7,DSL
6633-SYEUS,No,0.2447,Low Risk,83.2,2032.3,20.36,Month-to-month,23,13-24 months,Medium Value,Low-Med Value / Low Risk,5,Fiber optic
6447-GORXK,No,0.1504,Low Risk,25.0,789.2,3.76,Month-to-month,31,25-48 months,Medium Value,Low-Med Value / Low Risk,1,DSL
6967-PEJLL,No,0.0692,Low Risk,40.2,1525.35,2.78,One year,37,25-48 months,Medium Value,Low-Med Value / Low Risk,4,DSL
3976-BWUCK,Yes,0.3964,Medium Risk,94.1,2804.45,37.3,Month-to-month,30,25-48 months,Medium Value,Low-Med Value / Low Risk,6,Fiber optic
5981-ZVXOT,No,0.3844,Medium Risk,108.35,3726.15,41.65,One year,35,25-48 months,Medium Value,Low-Med Value / Low Risk,8,Fiber optic
1684-FLBGS,No,0.2058,Low Risk,69.5,1652.1,14.3,Month-to-month,23,13-24 months,Medium Value,Low-Med Value / Low Risk,6,DSL
1389-WNUIB,No,0.1284,Low Risk,76.0,1588.75,9.76,One year,20,13-24 months,Medium Value,Low-Med Value / Low Risk,6,DSL
0376-OIWME,No,0.4777,Medium Risk,93.6,3366.05,44.72,Month-to-month,36,25-48 months,Medium Value,Low-Med Value / Low Risk,5,Fiber optic
3585-ISXZP,Yes,0.6512,High Risk,95.65,778.1,62.29,Month-to-month,8,0-12 months,Medium Value,Low-Med Value / High Risk,5,Fiber optic
0218-QNVAS,No,0.1023,Low Risk,100.55,7113.75,10.29,One year,71,49+ months,High Value,High Value / Low Risk,6,Fiber optic
6583-QGCSI,Yes,0.4694,Medium Risk,88.05,4367.35,41.33,Month-to-month,50,49+ months,High Value,High Value / Low Risk,5,Fiber optic
0804-YGEQV,No,0.0248,Low Risk,24.45,993.15,0.61,One year,43,25-48 months,Medium Value,Low-Med Value / Low Risk,2,No
7164-BPTUT,No,0.0155,Low Risk,89.55,5012.35,1.39,Two year,57,49+ months,High Value,High Value / Low Risk,9,DSL
4174-LPGTI,Yes,0.0477,Low Risk,66.5,2728.6,3.17,One year,41,25-48 months,Medium Value,Low-Med Value / Low Risk,5,DSL
2523-EWWZL,No,0.4551,Medium Risk,76.1,2093.4,34.63,Month-to-month,27,25-48 months,Medium Value,Low-Med Value / Low Risk,3,Fiber optic
0928-XUTSN,No,0.6616,High Risk,80.5,1011.8,53.26,Month-to-month,13,13-24 months,Medium Value,Low-Med Value / High Risk,3,Fiber optic
2108-XWMPY,Yes,0.4088,Medium Risk,35.45,106.85,14.49,Month-to-month,3,0-12 months,Low Value,Low-Med Value / Low Risk,3,DSL
0052-YNYOT,No,0.0073,Low Risk,20.55,1343.4,0.15,One year,67,49+ months,Medium Value,Low-Med Value / Low Risk,1,No
6304-IJFSQ,Yes,0.3805,Medium Risk,49.9,130.1,18.99,Month-to-month,3,0-12 months,Low Value,Low-Med Value / Low Risk,3,DSL
9586-JGQKH,No,0.0894,Low Risk,105.4,6794.75,9.42,Two year,64,49+ months,High Value,High Value / Low Risk,7,Fiber optic
4501-VCPFK,No,0.2295,Low Risk,35.75,1022.5,8.2,Month-to-month,26,25-48 months,Medium Value,Low-Med Value / Low Risk,3,DSL
6075-SLNIL,No,0.4236,Medium Risk,95.1,3691.2,40.28,Month-to-month,38,25-48 months,Medium Value,Low-Med Value / Low Risk,6,Fiber optic
9347-AERRL,No,0.0388,Low Risk,19.3,486.2,0.75,One year,23,13-24 months,Medium Value,Low-Med Value / Low Risk,1,No
0093-XWZFY,Yes,0.4752,Medium Risk,104.5,4036.85,49.66,Month-to-month,40,25-48 months,High Value,High Value / Low Risk,7,Fiber optic
2274-XUATA,No,0.0181,Low Risk,63.1,4685.55,1.14,Two year,72,49+ months,High Value,High Value / Low Risk,7,DSL
1980-KXVPM,Yes,0.6915,High Risk,75.05,256.25,51.9,Month-to-month,3,0-12 months,Low Value,Low-Med Value / High Risk,3,Fiber optic
7703-ZEKEF,Yes,0.5995,High Risk,81.0,1917.1,48.56,Month-to-month,23,13-24 months,Medium Value,Low-Med Value / High Risk,4,Fiber optic
0723-DRCLG,Yes,0.7885,Critical Risk,74.45,74.45,58.7,Month-to-month,1,0-12 months,Low Value,Low-Med Value / High Risk,3,Fiber optic
5482-NUPNA,Yes,0.2079,Low Risk,60.4,272.15,12.56,Month-to-month,4,0-12 months,Low Value,Low-Med Value / Low Risk,5,DSL
6691-CCIHA,No,0.0314,Low Risk,84.95,5150.55,2.67,Two year,62,49+ months,High Value,High Value / Low Risk,8,DSL
1685-BQULA,No,0.4139,Medium Risk,93.4,3756.4,38.66,Month-to-month,40,25-48 months,Medium Value,Low-Med Value / Low Risk,6,Fiber optic
9053-EJUNL,No,0.5009,High Risk,89.2,3645.75,44.68,Month-to-month,41,25-48 months,Medium Value,Low-Med Value / High Risk,5,Fiber optic
0666-UXTJO,No,0.4409,Medium Risk,85.2,2874.45,37.56,Month-to-month,34,25-48 months,Medium Value,Low-Med Value / Low Risk,4,Fiber optic
1471-GIQKQ,No,0.3817,Medium Risk,49.95,49.95,19.07,Month-to-month,1,0-12 months,Low Value,Low-Med Value / Low Risk,3,DSL
4807-IZYOZ,No,0.0056,Low Risk,20.65,1020.75,0.12,Two year,51,49+ months,Medium Value,Low-Med Value / Low Risk,1,No
1122-JWTJW,Yes,0.5856,High Risk,70.65,70.65,41.37,Month-to-month,1,0-12 months,Low Value,Low-Med Value / High Risk,2,Fiber optic
9710-NJERN,No,0.0106,Low Risk,20.15,826.0,0.21,Two year,39,25-48 months,Medium Value,Low-Med Value / Low Risk,1,No
9837-FWLCH,No,0.1898,Low Risk,19.2,239.0,3.64,Month-to-month,12,0-12 months,Low Value,Low-Med Value / Low Risk,1,No
1699-HPSBG,Yes,0.2379,Low Risk,59.8,727.8,14.23,One year,12,0-12 months,Medium Value,Low-Med Value / Low Risk,4,DSL
7203-OYKCT,No,0.2314,Low Risk,104.95,7544.3,24.29,One year,72,49+ months,High Value,High Value / Low Risk,7,Fiber optic
1035-IPQPU,No,0.4684,Medium Risk,103.5,6479.4,48.48,Month-to-month,63,49+ months,High Value,High Value / Low Risk,7,Fiber optic
7398-LXGYX,No,0.2548,Medium Risk,84.8,3626.35,21.6,Month-to-month,44,25-48 months,Medium Value,Low-Med Value / Low Risk,5,Fiber optic
2823-LKABH,No,0.516,High Risk,95.05,1679.4,49.05,Month-to-month,18,13-24 months,Medium Value,Low-Med Value / High Risk,6,Fiber optic
8775-CEBBJ,Yes,0.3478,Medium Risk,44.2,403.35,15.37,Month-to-month,9,0-12 months,Medium Value,Low-Med Value / Low Risk,2,DSL
0550-DCXLH,No,0.2514,Medium Risk,73.35,931.55,18.44,Month-to-month,13,13-24 months,Medium Value,Low-Med Value / Low Risk,6,DSL
9281-CEDRU,No,0.0087,Low Risk,64.1,4326.25,0.56,Two year,68,49+ months,High Value,High Value / Low Risk,5,DSL
2235-DWLJU,No,0.7334,High Risk,44.4,263.05,32.57,Month-to-month,6,0-12 months,Low Value,Low-Med Value / High Risk,3,DSL
0871-OPBXW,No,0.2443,Low Risk,20.05,39.25,4.9,Month-to-month,2,0-12 months,Low Value,Low-Med Value / Low Risk,1,No
3605-JISKB,No,0.028,Low Risk,60.0,3316.1,1.68,One year,55,49+ months,Medium Value,Low-Med Value / Low Risk,5,DSL
6894-LFHLY,Yes,0.7845,Critical Risk,75.75,75.75,59.43,Month-to-month,1,0-12 months,Low Value,Low-Med Value / High Risk,3,Fiber optic
9767-FFLEM,No,0.3035,Medium Risk,69.5,2625.25,21.09,Month-to-month,38,25-48 months,Medium Value,Low-Med Value / Low Risk,2,Fiber optic
0639-TSIQW,Yes,0.1758,Low Risk,102.95,6886.25,18.1,Month-to-month,67,49+ months,High Value,High Value / Low Risk,7,Fiber optic
8456-QDAVC,No,0.5373,High Risk,78.7,1495.1,42.28,Month-to-month,19,13-24 months,Medium Value,Low-Med Value / High Risk,3,Fiber optic
7750-EYXWZ,No,0.2678,Medium Risk,60.65,743.3,16.24,One year,12,0-12 months,Medium Value,Low-Med Value / Low Risk,6,DSL
2569-WGERO,No,0.003,Low Risk,21.15,1419.4,0.06,Two year,72,49+ months,Medium Value,Low-Med Value / Low Risk,1,No
6840-RESVB,No,0.1228,Low Risk,84.8,1990.5,10.41,One year,24,13-24 months,Medium Value,Low-Med Value / Low Risk,8,DSL
2234-XADUH,No,0.1354,Low Risk,103.2,7362.9,13.98,One year,72,49+ months,High Value,High Value / Low Risk,7,Fiber optic
4801-JZAZL,No,0.3908,Medium Risk,29.6,346.45,11.57,Month-to-month,11,0-12 months,Low Value,Low-Med Value / Low Risk,2,DSL
8361-LTMKD,Yes,0.7161,High Risk,74.4,306.6,53.28,Month-to-month,4,0-12 months,Low Value,Low-Med Value / High Risk,3,Fiber optic
3186-AJIEK,No,0.0477,Low Risk,105.65,6844.5,5.04,Two year,66,49+ months,High Value,High Value / Low Risk,7,Fiber optic
